{
  "type": "FeatureCollection",
  "name": "batas_administrasi",
  "features": [
    {
      "type": "Feature",
      "id": 1,
      "properties": {
        "id": 1,
        "nama_desa": "Cempaka",
        "nama_kecamatan": "Talun",
        "nama_kabupaten": "Kabupaten Cirebon",
        "provinsi": "Jawa Barat",
        "luas_hektar": 198,
        "keliling_km": 8.39,
        "foto_gallery": [
          {
            "url": "/images/foto_kantor-desa-sindangjawa.png",
            "caption": "Dokumentasi pusat administrasi wilayah kelurahan/desa Cempaka."
          },
          {
            "url": "/images/foto_kawasan-znt-sumber.jpg",
            "caption": "Bentang lanskap dan penggunaan lahan di wilayah Cempaka."
          },
          {
            "url": "/images/foto_kantor-bupati-cirebon.jpg",
            "caption": "Kawasan integrasi tata ruang Kabupaten Cirebon."
          }
        ]
      },
      "geometry": {
        "type": "MultiPolygon",
        "coordinates": [
          [
            [
              [
                108.5136,
                -6.731836000999937
              ],
              [
                108.515588,
                -6.731769999999894
              ],
              [
                108.516351,
                -6.731927
              ],
              [
                108.517877,
                -6.732764
              ],
              [
                108.518291,
                -6.732908000999906
              ],
              [
                108.51903,
                -6.732992
              ],
              [
                108.519153,
                -6.733131
              ],
              [
                108.51915100000011,
                -6.733469
              ],
              [
                108.518333,
                -6.735451
              ],
              [
                108.518147,
                -6.737589000999968
              ],
              [
                108.518155,
                -6.737685000999917
              ],
              [
                108.518236,
                -6.737848
              ],
              [
                108.516409,
                -6.741365
              ],
              [
                108.51502700000012,
                -6.743141
              ],
              [
                108.514157,
                -6.745264
              ],
              [
                108.51410500000013,
                -6.746321
              ],
              [
                108.514015,
                -6.747635000999932
              ],
              [
                108.51394700000012,
                -6.748685
              ],
              [
                108.514076,
                -6.75
              ],
              [
                108.514081,
                -6.75
              ],
              [
                108.51423900000012,
                -6.750185000999977
              ],
              [
                108.514541,
                -6.750465
              ],
              [
                108.514672,
                -6.750778
              ],
              [
                108.51507,
                -6.751600999999898
              ],
              [
                108.51508000100006,
                -6.751764
              ],
              [
                108.51512299900007,
                -6.752455
              ],
              [
                108.513931,
                -6.752585
              ],
              [
                108.512901,
                -6.752684000999977
              ],
              [
                108.512929,
                -6.753499001
              ],
              [
                108.512095,
                -6.753492
              ],
              [
                108.511426,
                -6.753475
              ],
              [
                108.511203,
                -6.753567
              ],
              [
                108.510906,
                -6.753784
              ],
              [
                108.510695,
                -6.754478
              ],
              [
                108.5102650000001,
                -6.754087
              ],
              [
                108.510301,
                -6.753437
              ],
              [
                108.510122,
                -6.753222
              ],
              [
                108.509889,
                -6.753158
              ],
              [
                108.509722,
                -6.753212000999966
              ],
              [
                108.509575,
                -6.753383
              ],
              [
                108.50935700000012,
                -6.753706
              ],
              [
                108.509186,
                -6.754166000999941
              ],
              [
                108.509092,
                -6.754455
              ],
              [
                108.50875099900007,
                -6.754862
              ],
              [
                108.508504,
                -6.755261
              ],
              [
                108.508167,
                -6.755905
              ],
              [
                108.50784600100006,
                -6.756246001
              ],
              [
                108.507777,
                -6.756559
              ],
              [
                108.50773199900004,
                -6.756667
              ],
              [
                108.50753899900006,
                -6.757136
              ],
              [
                108.50739600100005,
                -6.757481
              ],
              [
                108.507293,
                -6.757631
              ],
              [
                108.507169,
                -6.757667
              ],
              [
                108.506917,
                -6.75774
              ],
              [
                108.506732,
                -6.757794001
              ],
              [
                108.506694,
                -6.757818
              ],
              [
                108.506002,
                -6.758016
              ],
              [
                108.505947,
                -6.75802
              ],
              [
                108.505782,
                -6.758071
              ],
              [
                108.505305,
                -6.758144000999923
              ],
              [
                108.50472,
                -6.758126
              ],
              [
                108.504723,
                -6.757952
              ],
              [
                108.50466,
                -6.757617000999929
              ],
              [
                108.504444,
                -6.757426
              ],
              [
                108.504353,
                -6.757292
              ],
              [
                108.504344,
                -6.757279
              ],
              [
                108.504341,
                -6.757118
              ],
              [
                108.5044050000001,
                -6.756942
              ],
              [
                108.504551,
                -6.756802
              ],
              [
                108.50485,
                -6.756595
              ],
              [
                108.5050190000001,
                -6.756467999999895
              ],
              [
                108.505262,
                -6.756204
              ],
              [
                108.50529,
                -6.75616
              ],
              [
                108.505465,
                -6.755888
              ],
              [
                108.506147,
                -6.754457
              ],
              [
                108.50649,
                -6.754127001
              ],
              [
                108.50694800000011,
                -6.753545
              ],
              [
                108.50706,
                -6.753202
              ],
              [
                108.50732,
                -6.752553
              ],
              [
                108.5076200000001,
                -6.751935
              ],
              [
                108.5079410000001,
                -6.751189
              ],
              [
                108.50833400100002,
                -6.75042
              ],
              [
                108.508406,
                -6.750208001000015
              ],
              [
                108.508504,
                -6.75
              ],
              [
                108.508512,
                -6.75
              ],
              [
                108.50904299900007,
                -6.747752
              ],
              [
                108.509033,
                -6.74694
              ],
              [
                108.50858,
                -6.744672998999903
              ],
              [
                108.50845399900001,
                -6.744273
              ],
              [
                108.5084110010001,
                -6.744115000999919
              ],
              [
                108.508431,
                -6.744052
              ],
              [
                108.50884999900009,
                -6.743963
              ],
              [
                108.508918,
                -6.743885000999985
              ],
              [
                108.50892,
                -6.743711
              ],
              [
                108.5088200000001,
                -6.743464
              ],
              [
                108.508469,
                -6.74306900099997
              ],
              [
                108.50836,
                -6.742909
              ],
              [
                108.508335,
                -6.742755
              ],
              [
                108.50837799900003,
                -6.742642999999894
              ],
              [
                108.50852300000012,
                -6.742538001
              ],
              [
                108.509101,
                -6.74248300099989
              ],
              [
                108.509211,
                -6.742457
              ],
              [
                108.5092589990001,
                -6.742247001
              ],
              [
                108.50931200000012,
                -6.742146999999889
              ],
              [
                108.50954500100003,
                -6.741933
              ],
              [
                108.509679,
                -6.741687000999931
              ],
              [
                108.50976199900005,
                -6.741427001
              ],
              [
                108.50974799900006,
                -6.741066
              ],
              [
                108.509702,
                -6.740884
              ],
              [
                108.50955,
                -6.740683999999899
              ],
              [
                108.50894900000011,
                -6.74045
              ],
              [
                108.508803,
                -6.740336
              ],
              [
                108.50870799900007,
                -6.740197
              ],
              [
                108.508709,
                -6.740010001
              ],
              [
                108.50865599900003,
                -6.739735000999893
              ],
              [
                108.50865700000011,
                -6.739387
              ],
              [
                108.508707,
                -6.739068
              ],
              [
                108.50896000100005,
                -6.738915
              ],
              [
                108.50944500000011,
                -6.738657
              ],
              [
                108.509756,
                -6.738388
              ],
              [
                108.509831,
                -6.738212
              ],
              [
                108.509774,
                -6.737843
              ],
              [
                108.50973700000011,
                -6.737427
              ],
              [
                108.509828,
                -6.736896
              ],
              [
                108.509891,
                -6.736711000999975
              ],
              [
                108.51024999900002,
                -6.736285000999899
              ],
              [
                108.510633,
                -6.735963
              ],
              [
                108.51093600000011,
                -6.735763
              ],
              [
                108.51147800000011,
                -6.735368000999966
              ],
              [
                108.511794,
                -6.735104
              ],
              [
                108.5119309990001,
                -6.734930000999963
              ],
              [
                108.51211500100005,
                -6.734073
              ],
              [
                108.512126,
                -6.734001
              ],
              [
                108.512175,
                -6.733658
              ],
              [
                108.51236,
                -6.733356000999937
              ],
              [
                108.51237,
                -6.733340000999945
              ],
              [
                108.512504,
                -6.733154
              ],
              [
                108.512578,
                -6.732955
              ],
              [
                108.512531,
                -6.732549
              ],
              [
                108.51239399900004,
                -6.732144000999931
              ],
              [
                108.512367,
                -6.732054
              ],
              [
                108.51235000100004,
                -6.731998
              ],
              [
                108.512367,
                -6.731905
              ],
              [
                108.512388,
                -6.731794000999926
              ],
              [
                108.51253199900009,
                -6.731582
              ],
              [
                108.512752,
                -6.731511
              ],
              [
                108.51336799900008,
                -6.731753
              ],
              [
                108.5136,
                -6.731836000999937
              ]
            ]
          ]
        ]
      }
    },
    {
      "type": "Feature",
      "id": 2,
      "properties": {
        "id": 2,
        "nama_desa": "Pejambon",
        "nama_kecamatan": "Sumber",
        "nama_kabupaten": "Kabupaten Cirebon",
        "provinsi": "Jawa Barat",
        "luas_hektar": 161,
        "keliling_km": 7.77,
        "foto_gallery": [
          {
            "url": "/images/foto_kantor-desa-sindangjawa.png",
            "caption": "Dokumentasi pusat administrasi wilayah kelurahan/desa Pejambon."
          },
          {
            "url": "/images/foto_kawasan-znt-sumber.jpg",
            "caption": "Bentang lanskap dan penggunaan lahan di wilayah Pejambon."
          },
          {
            "url": "/images/foto_kantor-bupati-cirebon.jpg",
            "caption": "Kawasan integrasi tata ruang Kabupaten Cirebon."
          }
        ]
      },
      "geometry": {
        "type": "MultiPolygon",
        "coordinates": [
          [
            [
              [
                108.50429999900003,
                -6.734843
              ],
              [
                108.504328,
                -6.734964
              ],
              [
                108.504663,
                -6.735905
              ],
              [
                108.504647,
                -6.736252
              ],
              [
                108.504552001,
                -6.736666
              ],
              [
                108.5040690000001,
                -6.737315
              ],
              [
                108.503019,
                -6.737032
              ],
              [
                108.502819,
                -6.737653
              ],
              [
                108.5024020000001,
                -6.740106
              ],
              [
                108.50222,
                -6.741491
              ],
              [
                108.50235,
                -6.741841000999973
              ],
              [
                108.50318999900011,
                -6.742042
              ],
              [
                108.503758,
                -6.742001
              ],
              [
                108.504318,
                -6.741567
              ],
              [
                108.50461299900009,
                -6.741427
              ],
              [
                108.504952,
                -6.74144
              ],
              [
                108.505498,
                -6.741551998999952
              ],
              [
                108.50643600000011,
                -6.741764
              ],
              [
                108.506928,
                -6.741765999999895
              ],
              [
                108.507256,
                -6.741626
              ],
              [
                108.50757400100012,
                -6.741333
              ],
              [
                108.507883,
                -6.740844
              ],
              [
                108.508092,
                -6.740463
              ],
              [
                108.50852,
                -6.740116
              ],
              [
                108.508709,
                -6.740010001
              ],
              [
                108.50870799900007,
                -6.740197
              ],
              [
                108.508803,
                -6.740336
              ],
              [
                108.50894900000011,
                -6.74045
              ],
              [
                108.50955,
                -6.740683999999899
              ],
              [
                108.509702,
                -6.740884
              ],
              [
                108.50974799900006,
                -6.741066
              ],
              [
                108.50976199900005,
                -6.741427001
              ],
              [
                108.509679,
                -6.741687000999931
              ],
              [
                108.50954500100003,
                -6.741933
              ],
              [
                108.50931200000012,
                -6.742146999999889
              ],
              [
                108.5092589990001,
                -6.742247001
              ],
              [
                108.509211,
                -6.742457
              ],
              [
                108.509101,
                -6.74248300099989
              ],
              [
                108.50852300000012,
                -6.742538001
              ],
              [
                108.50837799900003,
                -6.742642999999894
              ],
              [
                108.508335,
                -6.742755
              ],
              [
                108.50836,
                -6.742909
              ],
              [
                108.508469,
                -6.74306900099997
              ],
              [
                108.5088200000001,
                -6.743464
              ],
              [
                108.50892,
                -6.743711
              ],
              [
                108.508918,
                -6.743885000999985
              ],
              [
                108.50884999900009,
                -6.743963
              ],
              [
                108.508431,
                -6.744052
              ],
              [
                108.5084110010001,
                -6.744115000999919
              ],
              [
                108.50845399900001,
                -6.744273
              ],
              [
                108.50858,
                -6.744672998999903
              ],
              [
                108.509033,
                -6.74694
              ],
              [
                108.50904299900007,
                -6.747752
              ],
              [
                108.508512,
                -6.75
              ],
              [
                108.508504,
                -6.75
              ],
              [
                108.508406,
                -6.750208001000015
              ],
              [
                108.50833400100002,
                -6.75042
              ],
              [
                108.5079410000001,
                -6.751189
              ],
              [
                108.5076200000001,
                -6.751935
              ],
              [
                108.50732,
                -6.752553
              ],
              [
                108.50706,
                -6.753202
              ],
              [
                108.50694700000011,
                -6.75309599899996
              ],
              [
                108.506774,
                -6.752915
              ],
              [
                108.506646,
                -6.752405
              ],
              [
                108.506489,
                -6.751869
              ],
              [
                108.50632899900005,
                -6.751358000999954
              ],
              [
                108.506176,
                -6.750952
              ],
              [
                108.505969,
                -6.7506
              ],
              [
                108.50572699900006,
                -6.750405
              ],
              [
                108.50545,
                -6.750305000999958
              ],
              [
                108.505088,
                -6.750282
              ],
              [
                108.504669,
                -6.750297
              ],
              [
                108.504021,
                -6.750342
              ],
              [
                108.503511,
                -6.750453
              ],
              [
                108.503076,
                -6.750561999
              ],
              [
                108.50246899900006,
                -6.750793001000012
              ],
              [
                108.501418,
                -6.751437
              ],
              [
                108.50152500000011,
                -6.750703
              ],
              [
                108.50150800100003,
                -6.750473
              ],
              [
                108.501421,
                -6.750173
              ],
              [
                108.501376,
                -6.75
              ],
              [
                108.501369,
                -6.75
              ],
              [
                108.50111300000013,
                -6.749772
              ],
              [
                108.50055999900012,
                -6.749214
              ],
              [
                108.500199,
                -6.748639
              ],
              [
                108.5,
                -6.747046
              ],
              [
                108.5,
                -6.747077
              ],
              [
                108.499724,
                -6.746812
              ],
              [
                108.49940300000013,
                -6.746649
              ],
              [
                108.498801,
                -6.746485
              ],
              [
                108.49743300100002,
                -6.746304000999938
              ],
              [
                108.496871,
                -6.746114000999938
              ],
              [
                108.49675100100008,
                -6.745939
              ],
              [
                108.496685,
                -6.745697000999897
              ],
              [
                108.496796,
                -6.745015
              ],
              [
                108.497043,
                -6.743891000999948
              ],
              [
                108.49741000100008,
                -6.743074998999933
              ],
              [
                108.497465,
                -6.742834000999977
              ],
              [
                108.497427,
                -6.742051
              ],
              [
                108.49765099900011,
                -6.742125
              ],
              [
                108.497891,
                -6.742176
              ],
              [
                108.498011,
                -6.742171
              ],
              [
                108.4981060000001,
                -6.742113
              ],
              [
                108.49815799900006,
                -6.742023
              ],
              [
                108.498184,
                -6.7415
              ],
              [
                108.498194,
                -6.74112
              ],
              [
                108.498144,
                -6.740882
              ],
              [
                108.49807,
                -6.740627
              ],
              [
                108.4980330000001,
                -6.740333
              ],
              [
                108.498145,
                -6.739902
              ],
              [
                108.498316,
                -6.73954699899997
              ],
              [
                108.498389,
                -6.739446
              ],
              [
                108.498469,
                -6.739334
              ],
              [
                108.498621,
                -6.739214
              ],
              [
                108.498928,
                -6.739093
              ],
              [
                108.499505,
                -6.739014000999923
              ],
              [
                108.49961700100008,
                -6.738983
              ],
              [
                108.499628,
                -6.738877
              ],
              [
                108.499614,
                -6.738684000999974
              ],
              [
                108.499469,
                -6.738293
              ],
              [
                108.499435,
                -6.738049
              ],
              [
                108.499474,
                -6.737772
              ],
              [
                108.499593,
                -6.737522
              ],
              [
                108.49974000000012,
                -6.737288
              ],
              [
                108.499759,
                -6.737161
              ],
              [
                108.49984900100009,
                -6.736571
              ],
              [
                108.499881,
                -6.736362000999964
              ],
              [
                108.49993000100004,
                -6.736046
              ],
              [
                108.5,
                -6.735903042
              ],
              [
                108.500001,
                -6.735901
              ],
              [
                108.500027,
                -6.735846
              ],
              [
                108.500404,
                -6.735637
              ],
              [
                108.500524,
                -6.735565
              ],
              [
                108.50065399900008,
                -6.735353
              ],
              [
                108.50078900100006,
                -6.734701
              ],
              [
                108.50088500100009,
                -6.733789
              ],
              [
                108.500912,
                -6.733506
              ],
              [
                108.501083,
                -6.732950999
              ],
              [
                108.501263,
                -6.73257
              ],
              [
                108.501356,
                -6.73243
              ],
              [
                108.5014110010001,
                -6.732418
              ],
              [
                108.50199200000012,
                -6.7323
              ],
              [
                108.502457,
                -6.732222
              ],
              [
                108.502672,
                -6.732222
              ],
              [
                108.502849,
                -6.732201
              ],
              [
                108.503082,
                -6.732201
              ],
              [
                108.503217,
                -6.73221
              ],
              [
                108.503175,
                -6.732834
              ],
              [
                108.50299499900005,
                -6.733595
              ],
              [
                108.502906,
                -6.733879
              ],
              [
                108.503632,
                -6.734105
              ],
              [
                108.503421,
                -6.734636
              ],
              [
                108.5040689990001,
                -6.734795
              ],
              [
                108.50412499900003,
                -6.734809999999893
              ],
              [
                108.50422,
                -6.734828
              ],
              [
                108.50429999900003,
                -6.734843
              ]
            ]
          ]
        ]
      }
    },
    {
      "type": "Feature",
      "id": 3,
      "properties": {
        "id": 3,
        "nama_desa": "Cempaka",
        "nama_kecamatan": "Plumbon",
        "nama_kabupaten": "Kabupaten Cirebon",
        "provinsi": "Jawa Barat",
        "luas_hektar": 173,
        "keliling_km": 7.01,
        "foto_gallery": [
          {
            "url": "/images/foto_kantor-desa-sindangjawa.png",
            "caption": "Dokumentasi pusat administrasi wilayah kelurahan/desa Cempaka."
          },
          {
            "url": "/images/foto_kawasan-znt-sumber.jpg",
            "caption": "Bentang lanskap dan penggunaan lahan di wilayah Cempaka."
          },
          {
            "url": "/images/foto_kantor-bupati-cirebon.jpg",
            "caption": "Kawasan integrasi tata ruang Kabupaten Cirebon."
          }
        ]
      },
      "geometry": {
        "type": "MultiPolygon",
        "coordinates": [
          [
            [
              [
                108.474903,
                -6.73232600099989
              ],
              [
                108.475137,
                -6.732599
              ],
              [
                108.475387,
                -6.73313
              ],
              [
                108.475523,
                -6.733498
              ],
              [
                108.475922,
                -6.734570999000013
              ],
              [
                108.476096,
                -6.735203
              ],
              [
                108.476217,
                -6.736187000999962
              ],
              [
                108.476251,
                -6.737008
              ],
              [
                108.476399,
                -6.737715
              ],
              [
                108.47664799900004,
                -6.738221
              ],
              [
                108.476887,
                -6.73855
              ],
              [
                108.47722700100007,
                -6.73876599899992
              ],
              [
                108.477819,
                -6.738921
              ],
              [
                108.47820000000011,
                -6.739068
              ],
              [
                108.478298,
                -6.739325
              ],
              [
                108.47865899900007,
                -6.739861
              ],
              [
                108.47890600100008,
                -6.740228
              ],
              [
                108.479037,
                -6.740421
              ],
              [
                108.47920799900002,
                -6.740782
              ],
              [
                108.479294,
                -6.741104
              ],
              [
                108.47931999900005,
                -6.741648998999985
              ],
              [
                108.479266,
                -6.742318
              ],
              [
                108.479172,
                -6.742788
              ],
              [
                108.479072,
                -6.743293
              ],
              [
                108.479056,
                -6.743344
              ],
              [
                108.47807399900007,
                -6.743426
              ],
              [
                108.477555,
                -6.743651
              ],
              [
                108.47659399900002,
                -6.743784
              ],
              [
                108.476379,
                -6.743985
              ],
              [
                108.47616199900007,
                -6.744299000999955
              ],
              [
                108.475932,
                -6.744929
              ],
              [
                108.475698,
                -6.746177
              ],
              [
                108.47546499900004,
                -6.747298
              ],
              [
                108.47528399900007,
                -6.748004
              ],
              [
                108.475016,
                -6.748646000999916
              ],
              [
                108.47487599900006,
                -6.748860000999947
              ],
              [
                108.474711,
                -6.748972
              ],
              [
                108.474281,
                -6.748995
              ],
              [
                108.473764,
                -6.748942
              ],
              [
                108.4733350000001,
                -6.748814
              ],
              [
                108.4725933490001,
                -6.748578363
              ],
              [
                108.470773,
                -6.748
              ],
              [
                108.470839,
                -6.749157
              ],
              [
                108.470844,
                -6.749204
              ],
              [
                108.47091599900006,
                -6.749885
              ],
              [
                108.47092800100008,
                -6.75
              ],
              [
                108.47108400100011,
                -6.750273
              ],
              [
                108.471263,
                -6.750454
              ],
              [
                108.471394,
                -6.751037
              ],
              [
                108.471688,
                -6.751708000999958
              ],
              [
                108.47149899900008,
                -6.751763000999979
              ],
              [
                108.471115,
                -6.751795
              ],
              [
                108.471005,
                -6.751811998999948
              ],
              [
                108.47051,
                -6.751897
              ],
              [
                108.470308,
                -6.751994001
              ],
              [
                108.47022,
                -6.752115
              ],
              [
                108.4699150000001,
                -6.752506
              ],
              [
                108.469776,
                -6.75272100099993
              ],
              [
                108.469485,
                -6.753032
              ],
              [
                108.46941299900004,
                -6.752754
              ],
              [
                108.46924900100007,
                -6.752364
              ],
              [
                108.46913899900002,
                -6.752220998999949
              ],
              [
                108.469018,
                -6.752162998999946
              ],
              [
                108.46888080200007,
                -6.752287724999963
              ],
              [
                108.468798,
                -6.752363
              ],
              [
                108.468634,
                -6.752498
              ],
              [
                108.468469,
                -6.752556
              ],
              [
                108.468399,
                -6.752558
              ],
              [
                108.468331,
                -6.752473
              ],
              [
                108.468273,
                -6.751891
              ],
              [
                108.468319,
                -6.751296
              ],
              [
                108.468348,
                -6.750858
              ],
              [
                108.468305,
                -6.750483
              ],
              [
                108.46820199900013,
                -6.750204
              ],
              [
                108.468178,
                -6.750157
              ],
              [
                108.468097,
                -6.75
              ],
              [
                108.467933,
                -6.749685999
              ],
              [
                108.4678250000001,
                -6.749538
              ],
              [
                108.467667,
                -6.749416
              ],
              [
                108.467274,
                -6.749198
              ],
              [
                108.46691600000013,
                -6.748958
              ],
              [
                108.46684,
                -6.748872
              ],
              [
                108.466804999,
                -6.748561999999893
              ],
              [
                108.466833,
                -6.748456
              ],
              [
                108.467221,
                -6.747549
              ],
              [
                108.467669,
                -6.746739998999953
              ],
              [
                108.46816799900006,
                -6.746066
              ],
              [
                108.46845400100001,
                -6.745782999
              ],
              [
                108.46915600100002,
                -6.745296
              ],
              [
                108.469208,
                -6.745264
              ],
              [
                108.4692430000001,
                -6.745227
              ],
              [
                108.4695,
                -6.744864000999897
              ],
              [
                108.469495,
                -6.744725000999942
              ],
              [
                108.469422,
                -6.744621
              ],
              [
                108.469363,
                -6.744596
              ],
              [
                108.46932889500002,
                -6.744580367999966
              ],
              [
                108.46931499900002,
                -6.744573998999972
              ],
              [
                108.469172,
                -6.744583001
              ],
              [
                108.46895800100006,
                -6.74462
              ],
              [
                108.46863599900006,
                -6.744676
              ],
              [
                108.46766200000012,
                -6.744817
              ],
              [
                108.466821,
                -6.744785
              ],
              [
                108.46633299900012,
                -6.744722
              ],
              [
                108.46629000100002,
                -6.744617
              ],
              [
                108.466299,
                -6.744297000999968
              ],
              [
                108.466436,
                -6.743472
              ],
              [
                108.466458,
                -6.743254
              ],
              [
                108.466481,
                -6.742812000999933
              ],
              [
                108.46660000100009,
                -6.742299
              ],
              [
                108.466687,
                -6.74209
              ],
              [
                108.467467,
                -6.741408
              ],
              [
                108.4677080000001,
                -6.741156000999961
              ],
              [
                108.467834,
                -6.740935
              ],
              [
                108.4678700000001,
                -6.74072
              ],
              [
                108.467849,
                -6.740457000999946
              ],
              [
                108.469584,
                -6.738482000999959
              ],
              [
                108.470225,
                -6.737885
              ],
              [
                108.470263,
                -6.73722
              ],
              [
                108.4703669990001,
                -6.736528
              ],
              [
                108.470608,
                -6.735541
              ],
              [
                108.47070200000012,
                -6.735369
              ],
              [
                108.470858,
                -6.73523
              ],
              [
                108.471489,
                -6.734856
              ],
              [
                108.471783,
                -6.734914
              ],
              [
                108.471879,
                -6.734798
              ],
              [
                108.472376,
                -6.733627
              ],
              [
                108.472597,
                -6.733611000999897
              ],
              [
                108.473205,
                -6.733702
              ],
              [
                108.473492,
                -6.733730000999973
              ],
              [
                108.473589,
                -6.733681
              ],
              [
                108.473693,
                -6.733534
              ],
              [
                108.473798,
                -6.733287
              ],
              [
                108.474002,
                -6.732916
              ],
              [
                108.4744160000001,
                -6.732283
              ],
              [
                108.474643,
                -6.732258
              ],
              [
                108.474903,
                -6.73232600099989
              ]
            ]
          ]
        ]
      }
    },
    {
      "type": "Feature",
      "id": 4,
      "properties": {
        "id": 4,
        "nama_desa": "Kaliwadas",
        "nama_kecamatan": "Sumber",
        "nama_kabupaten": "Kabupaten Cirebon",
        "provinsi": "Jawa Barat",
        "luas_hektar": 173,
        "keliling_km": 6.92,
        "foto_gallery": [
          {
            "url": "/images/foto_kantor-desa-sindangjawa.png",
            "caption": "Dokumentasi pusat administrasi wilayah kelurahan/desa Kaliwadas."
          },
          {
            "url": "/images/foto_kawasan-znt-sumber.jpg",
            "caption": "Bentang lanskap dan penggunaan lahan di wilayah Kaliwadas."
          },
          {
            "url": "/images/foto_kantor-bupati-cirebon.jpg",
            "caption": "Kawasan integrasi tata ruang Kabupaten Cirebon."
          }
        ]
      },
      "geometry": {
        "type": "MultiPolygon",
        "coordinates": [
          [
            [
              [
                108.48834300100002,
                -6.744529
              ],
              [
                108.487907,
                -6.74583
              ],
              [
                108.488299,
                -6.74619000099992
              ],
              [
                108.489079,
                -6.746882
              ],
              [
                108.488903,
                -6.746959
              ],
              [
                108.4883580000001,
                -6.747386
              ],
              [
                108.48764799900007,
                -6.747861
              ],
              [
                108.487103,
                -6.748237
              ],
              [
                108.486837,
                -6.74837400099997
              ],
              [
                108.486066,
                -6.748371
              ],
              [
                108.48534599900003,
                -6.748392
              ],
              [
                108.485068,
                -6.748492
              ],
              [
                108.48476199900003,
                -6.748957
              ],
              [
                108.4842262100001,
                -6.749999592999913
              ],
              [
                108.48440799900004,
                -6.750436
              ],
              [
                108.48459,
                -6.751835
              ],
              [
                108.484586,
                -6.752711
              ],
              [
                108.484405,
                -6.754195
              ],
              [
                108.484304,
                -6.754376
              ],
              [
                108.484222,
                -6.755291000999943
              ],
              [
                108.48404399900004,
                -6.755794
              ],
              [
                108.483647,
                -6.756252
              ],
              [
                108.483119,
                -6.756621
              ],
              [
                108.482153,
                -6.756988000999932
              ],
              [
                108.481451,
                -6.757181
              ],
              [
                108.48146000000011,
                -6.75678
              ],
              [
                108.481496,
                -6.756181998999946
              ],
              [
                108.481506,
                -6.755396999
              ],
              [
                108.481303,
                -6.754914
              ],
              [
                108.480938,
                -6.754596
              ],
              [
                108.48045499900009,
                -6.75419
              ],
              [
                108.479875,
                -6.753751000999976
              ],
              [
                108.47935,
                -6.753366000999918
              ],
              [
                108.478786,
                -6.752835
              ],
              [
                108.478559,
                -6.752631
              ],
              [
                108.478198,
                -6.752357
              ],
              [
                108.47806,
                -6.752297
              ],
              [
                108.477694,
                -6.752069
              ],
              [
                108.47744599900008,
                -6.751884
              ],
              [
                108.4772810000001,
                -6.751689000999896
              ],
              [
                108.47682399900003,
                -6.751298
              ],
              [
                108.476813,
                -6.751289
              ],
              [
                108.476291,
                -6.750814998999967
              ],
              [
                108.476147,
                -6.750689000999934
              ],
              [
                108.47585299900008,
                -6.750542
              ],
              [
                108.475099,
                -6.750451
              ],
              [
                108.47483399900005,
                -6.750428
              ],
              [
                108.47092800100008,
                -6.75
              ],
              [
                108.47091599900006,
                -6.749885
              ],
              [
                108.470844,
                -6.749204
              ],
              [
                108.470839,
                -6.749157
              ],
              [
                108.470773,
                -6.748
              ],
              [
                108.4725933490001,
                -6.748578363
              ],
              [
                108.4733350000001,
                -6.748814
              ],
              [
                108.473764,
                -6.748942
              ],
              [
                108.474281,
                -6.748995
              ],
              [
                108.474711,
                -6.748972
              ],
              [
                108.47487599900006,
                -6.748860000999947
              ],
              [
                108.475016,
                -6.748646000999916
              ],
              [
                108.47528399900007,
                -6.748004
              ],
              [
                108.47546499900004,
                -6.747298
              ],
              [
                108.475698,
                -6.746177
              ],
              [
                108.475932,
                -6.744929
              ],
              [
                108.47616199900007,
                -6.744299000999955
              ],
              [
                108.476379,
                -6.743985
              ],
              [
                108.47659399900002,
                -6.743784
              ],
              [
                108.477555,
                -6.743651
              ],
              [
                108.47807399900007,
                -6.743426
              ],
              [
                108.479056,
                -6.743344
              ],
              [
                108.479072,
                -6.743293
              ],
              [
                108.479172,
                -6.742788
              ],
              [
                108.479266,
                -6.742318
              ],
              [
                108.47931999900005,
                -6.741648998999985
              ],
              [
                108.479294,
                -6.741104
              ],
              [
                108.47920799900002,
                -6.740782
              ],
              [
                108.479037,
                -6.740421
              ],
              [
                108.47890600100008,
                -6.740228
              ],
              [
                108.47865899900007,
                -6.739861
              ],
              [
                108.478777,
                -6.739858
              ],
              [
                108.47883899900005,
                -6.739873998999936
              ],
              [
                108.47894999900008,
                -6.739911
              ],
              [
                108.47914,
                -6.739865
              ],
              [
                108.47971299900007,
                -6.73977
              ],
              [
                108.481031,
                -6.739686
              ],
              [
                108.481069,
                -6.739668
              ],
              [
                108.48124800100007,
                -6.739636
              ],
              [
                108.48148599900013,
                -6.739657000999923
              ],
              [
                108.48156,
                -6.739687
              ],
              [
                108.481603,
                -6.739704
              ],
              [
                108.481717,
                -6.739718
              ],
              [
                108.481772,
                -6.739725
              ],
              [
                108.481861,
                -6.739701
              ],
              [
                108.482121,
                -6.739631
              ],
              [
                108.482735,
                -6.739589
              ],
              [
                108.483395,
                -6.739588
              ],
              [
                108.48432200000012,
                -6.740829
              ],
              [
                108.484677,
                -6.741349000999943
              ],
              [
                108.48540500000011,
                -6.742192
              ],
              [
                108.485921,
                -6.742766
              ],
              [
                108.486348,
                -6.743197
              ],
              [
                108.48750600100004,
                -6.743953
              ],
              [
                108.48834300100002,
                -6.744529
              ]
            ]
          ]
        ]
      }
    },
    {
      "type": "Feature",
      "id": 5,
      "properties": {
        "id": 5,
        "nama_desa": "Karangwangi",
        "nama_kecamatan": "Depok",
        "nama_kabupaten": "Kabupaten Cirebon",
        "provinsi": "Jawa Barat",
        "luas_hektar": 124,
        "keliling_km": 6.1,
        "foto_gallery": [
          {
            "url": "/images/foto_kantor-desa-sindangjawa.png",
            "caption": "Dokumentasi pusat administrasi wilayah kelurahan/desa Karangwangi."
          },
          {
            "url": "/images/foto_kawasan-znt-sumber.jpg",
            "caption": "Bentang lanskap dan penggunaan lahan di wilayah Karangwangi."
          },
          {
            "url": "/images/foto_kantor-bupati-cirebon.jpg",
            "caption": "Kawasan integrasi tata ruang Kabupaten Cirebon."
          }
        ]
      },
      "geometry": {
        "type": "MultiPolygon",
        "coordinates": [
          [
            [
              [
                108.458053,
                -6.746841
              ],
              [
                108.45763000100007,
                -6.74728
              ],
              [
                108.457414,
                -6.747533
              ],
              [
                108.457284,
                -6.74776
              ],
              [
                108.457311,
                -6.748436998999942
              ],
              [
                108.45728000100007,
                -6.749015999999887
              ],
              [
                108.457201,
                -6.74931
              ],
              [
                108.4571,
                -6.749752
              ],
              [
                108.457005,
                -6.75
              ],
              [
                108.45695,
                -6.75014400099996
              ],
              [
                108.456694,
                -6.750736000999915
              ],
              [
                108.456118,
                -6.751486
              ],
              [
                108.455833,
                -6.751817
              ],
              [
                108.45501600100006,
                -6.752764000999935
              ],
              [
                108.454661,
                -6.753175
              ],
              [
                108.454286,
                -6.753803
              ],
              [
                108.45399,
                -6.754301
              ],
              [
                108.453833,
                -6.754564
              ],
              [
                108.453807,
                -6.754628
              ],
              [
                108.453531,
                -6.755293
              ],
              [
                108.45336299900006,
                -6.755731
              ],
              [
                108.453275,
                -6.755891
              ],
              [
                108.45316400100003,
                -6.75609200099996
              ],
              [
                108.453066,
                -6.756276
              ],
              [
                108.452979,
                -6.756539001
              ],
              [
                108.452923,
                -6.756818
              ],
              [
                108.452718,
                -6.757183
              ],
              [
                108.45255300000011,
                -6.757458
              ],
              [
                108.45250600000013,
                -6.757563998999984
              ],
              [
                108.4521149990001,
                -6.758432
              ],
              [
                108.4519690000001,
                -6.758768
              ],
              [
                108.451737,
                -6.758782
              ],
              [
                108.450635,
                -6.758289
              ],
              [
                108.449828,
                -6.758077
              ],
              [
                108.44988,
                -6.757405
              ],
              [
                108.449927,
                -6.756805999999884
              ],
              [
                108.449955,
                -6.756454
              ],
              [
                108.4499670000001,
                -6.756295
              ],
              [
                108.4500400000001,
                -6.755874
              ],
              [
                108.45012499900012,
                -6.755384
              ],
              [
                108.450221,
                -6.754595
              ],
              [
                108.450264,
                -6.75325
              ],
              [
                108.45027,
                -6.753074
              ],
              [
                108.4502150000001,
                -6.752522
              ],
              [
                108.450159,
                -6.752034
              ],
              [
                108.450189,
                -6.751664
              ],
              [
                108.45029800000013,
                -6.751419
              ],
              [
                108.45017800100007,
                -6.751379998999909
              ],
              [
                108.450146,
                -6.751365
              ],
              [
                108.4493980000001,
                -6.751220999999898
              ],
              [
                108.449099,
                -6.75121
              ],
              [
                108.448712,
                -6.751234
              ],
              [
                108.44825,
                -6.751157
              ],
              [
                108.44790599900001,
                -6.751076
              ],
              [
                108.44754,
                -6.751058000999912
              ],
              [
                108.44723899900008,
                -6.751118
              ],
              [
                108.447085,
                -6.75099
              ],
              [
                108.446976,
                -6.750857
              ],
              [
                108.446902,
                -6.750703
              ],
              [
                108.44699,
                -6.75
              ],
              [
                108.446949,
                -6.749545000999959
              ],
              [
                108.446733,
                -6.749019998999952
              ],
              [
                108.44647300100011,
                -6.748625
              ],
              [
                108.4461670000001,
                -6.748558
              ],
              [
                108.445118,
                -6.748596
              ],
              [
                108.444868,
                -6.746138
              ],
              [
                108.444365,
                -6.745816
              ],
              [
                108.44422000000013,
                -6.745247
              ],
              [
                108.44547,
                -6.745172000999979
              ],
              [
                108.44592800100004,
                -6.745141998999983
              ],
              [
                108.446614,
                -6.744994
              ],
              [
                108.44694500100009,
                -6.744655
              ],
              [
                108.447588,
                -6.744123000999959
              ],
              [
                108.447547,
                -6.744058
              ],
              [
                108.44746,
                -6.743839
              ],
              [
                108.44730600000011,
                -6.74322
              ],
              [
                108.447328,
                -6.742909
              ],
              [
                108.447361,
                -6.742392
              ],
              [
                108.447309,
                -6.7421160009999
              ],
              [
                108.447185,
                -6.741637
              ],
              [
                108.44704200100003,
                -6.740928
              ],
              [
                108.448203,
                -6.741165
              ],
              [
                108.44870900000011,
                -6.741838
              ],
              [
                108.4487,
                -6.743713
              ],
              [
                108.448911,
                -6.744398
              ],
              [
                108.449752,
                -6.745005
              ],
              [
                108.450675,
                -6.745478999999889
              ],
              [
                108.451492,
                -6.745778
              ],
              [
                108.452242,
                -6.745901998999983
              ],
              [
                108.454346,
                -6.746222
              ],
              [
                108.455673,
                -6.746443
              ],
              [
                108.45706600100003,
                -6.746745
              ],
              [
                108.458053,
                -6.746841
              ]
            ]
          ]
        ]
      }
    },
    {
      "type": "Feature",
      "id": 6,
      "properties": {
        "id": 6,
        "nama_desa": "Gegunung",
        "nama_kecamatan": "Sumber",
        "nama_kabupaten": "Kabupaten Cirebon",
        "provinsi": "Jawa Barat",
        "luas_hektar": 74,
        "keliling_km": 5.18,
        "foto_gallery": [
          {
            "url": "/images/foto_kantor-desa-sindangjawa.png",
            "caption": "Dokumentasi pusat administrasi wilayah kelurahan/desa Gegunung."
          },
          {
            "url": "/images/foto_kawasan-znt-sumber.jpg",
            "caption": "Bentang lanskap dan penggunaan lahan di wilayah Gegunung."
          },
          {
            "url": "/images/foto_kantor-bupati-cirebon.jpg",
            "caption": "Kawasan integrasi tata ruang Kabupaten Cirebon."
          }
        ]
      },
      "geometry": {
        "type": "MultiPolygon",
        "coordinates": [
          [
            [
              [
                108.497427,
                -6.742051
              ],
              [
                108.497465,
                -6.742834000999977
              ],
              [
                108.49741000100008,
                -6.743074998999933
              ],
              [
                108.497043,
                -6.743891000999948
              ],
              [
                108.496796,
                -6.745015
              ],
              [
                108.496685,
                -6.745697000999897
              ],
              [
                108.49675100100008,
                -6.745939
              ],
              [
                108.496871,
                -6.746114000999938
              ],
              [
                108.49743300100002,
                -6.746304000999938
              ],
              [
                108.498801,
                -6.746485
              ],
              [
                108.49940300000013,
                -6.746649
              ],
              [
                108.499724,
                -6.746812
              ],
              [
                108.5,
                -6.747077
              ],
              [
                108.5,
                -6.747046
              ],
              [
                108.500199,
                -6.748639
              ],
              [
                108.50055999900012,
                -6.749214
              ],
              [
                108.50111300000013,
                -6.749772
              ],
              [
                108.501369,
                -6.75
              ],
              [
                108.501376,
                -6.75
              ],
              [
                108.501421,
                -6.750173
              ],
              [
                108.50150800100003,
                -6.750473
              ],
              [
                108.50152500000011,
                -6.750703
              ],
              [
                108.501418,
                -6.751437
              ],
              [
                108.501291,
                -6.751515000999976
              ],
              [
                108.500756,
                -6.751799
              ],
              [
                108.500471,
                -6.751849999999894
              ],
              [
                108.500272,
                -6.751911
              ],
              [
                108.5,
                -6.752001
              ],
              [
                108.499766,
                -6.752078
              ],
              [
                108.498783,
                -6.752096
              ],
              [
                108.49848400100002,
                -6.752108
              ],
              [
                108.49811900000012,
                -6.752330001
              ],
              [
                108.49805899900012,
                -6.75237
              ],
              [
                108.49592,
                -6.752035
              ],
              [
                108.4947309990001,
                -6.752009
              ],
              [
                108.49453499900005,
                -6.752194
              ],
              [
                108.493998,
                -6.752547000999922
              ],
              [
                108.493604,
                -6.752437
              ],
              [
                108.493565,
                -6.752477999999897
              ],
              [
                108.493424,
                -6.75283800099993
              ],
              [
                108.493138,
                -6.75289
              ],
              [
                108.49288500100003,
                -6.753391
              ],
              [
                108.49240200100004,
                -6.753828
              ],
              [
                108.49222,
                -6.754102000999975
              ],
              [
                108.492122,
                -6.754789000999974
              ],
              [
                108.49138800100008,
                -6.755482
              ],
              [
                108.491053,
                -6.755718
              ],
              [
                108.490732,
                -6.755962998999944
              ],
              [
                108.490323,
                -6.756224
              ],
              [
                108.489619,
                -6.756508
              ],
              [
                108.48920400000011,
                -6.756514
              ],
              [
                108.48856599900009,
                -6.756287
              ],
              [
                108.488216,
                -6.75608
              ],
              [
                108.488221,
                -6.756072
              ],
              [
                108.488681,
                -6.755453000999935
              ],
              [
                108.488977,
                -6.75488
              ],
              [
                108.489124,
                -6.754649
              ],
              [
                108.48936599900011,
                -6.754455
              ],
              [
                108.49049699900007,
                -6.754069000999909
              ],
              [
                108.490725,
                -6.753959
              ],
              [
                108.4908290000001,
                -6.753857998999948
              ],
              [
                108.491043,
                -6.753365000999924
              ],
              [
                108.491133,
                -6.752876
              ],
              [
                108.491185,
                -6.752474
              ],
              [
                108.491242,
                -6.752111
              ],
              [
                108.49138900100007,
                -6.751737
              ],
              [
                108.491781,
                -6.751202000999925
              ],
              [
                108.492371,
                -6.750076
              ],
              [
                108.492421,
                -6.75
              ],
              [
                108.492621,
                -6.749696
              ],
              [
                108.492819,
                -6.749476
              ],
              [
                108.493222,
                -6.74903
              ],
              [
                108.493447,
                -6.74866800099996
              ],
              [
                108.49371199900007,
                -6.748205
              ],
              [
                108.493914,
                -6.747995
              ],
              [
                108.49428,
                -6.747705
              ],
              [
                108.494635,
                -6.747449
              ],
              [
                108.49488599900005,
                -6.74718
              ],
              [
                108.49499500100009,
                -6.746961
              ],
              [
                108.495378,
                -6.745471998999932
              ],
              [
                108.49545099900007,
                -6.745027
              ],
              [
                108.495463,
                -6.744848
              ],
              [
                108.495421,
                -6.744643
              ],
              [
                108.495454,
                -6.744341
              ],
              [
                108.495501,
                -6.743914
              ],
              [
                108.495655,
                -6.743182
              ],
              [
                108.495774,
                -6.74294
              ],
              [
                108.4957830000001,
                -6.742720998999953
              ],
              [
                108.495829,
                -6.742528
              ],
              [
                108.49605199900006,
                -6.742244
              ],
              [
                108.49607199900004,
                -6.742228
              ],
              [
                108.49626899900008,
                -6.742066
              ],
              [
                108.496639,
                -6.741933
              ],
              [
                108.496858,
                -6.741902
              ],
              [
                108.497137,
                -6.741957000999978
              ],
              [
                108.497427,
                -6.742051
              ]
            ]
          ]
        ]
      }
    },
    {
      "type": "Feature",
      "id": 7,
      "properties": {
        "id": 7,
        "nama_desa": "Kenanga",
        "nama_kecamatan": "Sumber",
        "nama_kabupaten": "Kabupaten Cirebon",
        "provinsi": "Jawa Barat",
        "luas_hektar": 235,
        "keliling_km": 7.2,
        "foto_gallery": [
          {
            "url": "/images/foto_kantor-desa-sindangjawa.png",
            "caption": "Dokumentasi pusat administrasi wilayah kelurahan/desa Kenanga."
          },
          {
            "url": "/images/foto_kawasan-znt-sumber.jpg",
            "caption": "Bentang lanskap dan penggunaan lahan di wilayah Kenanga."
          },
          {
            "url": "/images/foto_kantor-bupati-cirebon.jpg",
            "caption": "Kawasan integrasi tata ruang Kabupaten Cirebon."
          }
        ]
      },
      "geometry": {
        "type": "MultiPolygon",
        "coordinates": [
          [
            [
              [
                108.46633299900012,
                -6.744722
              ],
              [
                108.466821,
                -6.744785
              ],
              [
                108.46766200000012,
                -6.744817
              ],
              [
                108.46863599900006,
                -6.744676
              ],
              [
                108.46895800100006,
                -6.74462
              ],
              [
                108.469172,
                -6.744583001
              ],
              [
                108.46931499900002,
                -6.744573998999972
              ],
              [
                108.46932889500002,
                -6.744580367999966
              ],
              [
                108.469363,
                -6.744596
              ],
              [
                108.469422,
                -6.744621
              ],
              [
                108.469495,
                -6.744725000999942
              ],
              [
                108.4695,
                -6.744864000999897
              ],
              [
                108.4692430000001,
                -6.745227
              ],
              [
                108.469208,
                -6.745264
              ],
              [
                108.46915600100002,
                -6.745296
              ],
              [
                108.46845400100001,
                -6.745782999
              ],
              [
                108.46816799900006,
                -6.746066
              ],
              [
                108.467669,
                -6.746739998999953
              ],
              [
                108.467221,
                -6.747549
              ],
              [
                108.466833,
                -6.748456
              ],
              [
                108.466804999,
                -6.748561999999893
              ],
              [
                108.46684,
                -6.748872
              ],
              [
                108.46691600000013,
                -6.748958
              ],
              [
                108.467274,
                -6.749198
              ],
              [
                108.467667,
                -6.749416
              ],
              [
                108.4678250000001,
                -6.749538
              ],
              [
                108.467933,
                -6.749685999
              ],
              [
                108.468097,
                -6.75
              ],
              [
                108.468178,
                -6.750157
              ],
              [
                108.46820199900013,
                -6.750204
              ],
              [
                108.468305,
                -6.750483
              ],
              [
                108.468348,
                -6.750858
              ],
              [
                108.468319,
                -6.751296
              ],
              [
                108.468273,
                -6.751891
              ],
              [
                108.468331,
                -6.752473
              ],
              [
                108.468399,
                -6.752558
              ],
              [
                108.468469,
                -6.752556
              ],
              [
                108.468634,
                -6.752498
              ],
              [
                108.468798,
                -6.752363
              ],
              [
                108.46888080200007,
                -6.752287724999963
              ],
              [
                108.469018,
                -6.752162998999946
              ],
              [
                108.46913899900002,
                -6.752220998999949
              ],
              [
                108.46924900100007,
                -6.752364
              ],
              [
                108.46941299900004,
                -6.752754
              ],
              [
                108.469485,
                -6.753032
              ],
              [
                108.4695350000001,
                -6.75348100099993
              ],
              [
                108.46949499900008,
                -6.753814
              ],
              [
                108.46946900100006,
                -6.754256
              ],
              [
                108.469467,
                -6.754483
              ],
              [
                108.46949599900007,
                -6.754643
              ],
              [
                108.469631,
                -6.755625
              ],
              [
                108.469597,
                -6.755677
              ],
              [
                108.469427,
                -6.755975
              ],
              [
                108.468827,
                -6.75703
              ],
              [
                108.46872600100005,
                -6.75743
              ],
              [
                108.468723,
                -6.757441000999933
              ],
              [
                108.468602,
                -6.757808
              ],
              [
                108.46833600000011,
                -6.758233
              ],
              [
                108.468116,
                -6.758295
              ],
              [
                108.46777999900011,
                -6.758324
              ],
              [
                108.467179,
                -6.758277
              ],
              [
                108.467064,
                -6.758197000999957
              ],
              [
                108.466956,
                -6.758058
              ],
              [
                108.466618,
                -6.757681998999978
              ],
              [
                108.466476,
                -6.757658000999946
              ],
              [
                108.4660870000001,
                -6.757674
              ],
              [
                108.46528099900011,
                -6.7578
              ],
              [
                108.46480000000011,
                -6.757913
              ],
              [
                108.464389,
                -6.757903
              ],
              [
                108.46408,
                -6.757808
              ],
              [
                108.462948,
                -6.757245
              ],
              [
                108.46272100100003,
                -6.757208
              ],
              [
                108.462642,
                -6.757259
              ],
              [
                108.46262,
                -6.757345999999888
              ],
              [
                108.462541,
                -6.757678
              ],
              [
                108.46241700000012,
                -6.757861
              ],
              [
                108.461933,
                -6.758437000999919
              ],
              [
                108.461614,
                -6.758876
              ],
              [
                108.461507,
                -6.75915
              ],
              [
                108.461395,
                -6.75966
              ],
              [
                108.461419,
                -6.759951
              ],
              [
                108.461528001,
                -6.760448
              ],
              [
                108.461634,
                -6.760898
              ],
              [
                108.46159499900004,
                -6.761012999999895
              ],
              [
                108.46158400100002,
                -6.761186
              ],
              [
                108.46156,
                -6.761392
              ],
              [
                108.461534,
                -6.761721
              ],
              [
                108.461164,
                -6.761526
              ],
              [
                108.46067799900003,
                -6.761341000999945
              ],
              [
                108.459803,
                -6.761096
              ],
              [
                108.45908,
                -6.760961
              ],
              [
                108.45798599900004,
                -6.760736
              ],
              [
                108.45724199900012,
                -6.760514
              ],
              [
                108.456389,
                -6.760159
              ],
              [
                108.455012,
                -6.759451
              ],
              [
                108.45442200000012,
                -6.759273
              ],
              [
                108.454072,
                -6.759206
              ],
              [
                108.453261,
                -6.759245
              ],
              [
                108.45256499900003,
                -6.759141998999986
              ],
              [
                108.4519690000001,
                -6.758768
              ],
              [
                108.4521149990001,
                -6.758432
              ],
              [
                108.45250600000013,
                -6.757563998999984
              ],
              [
                108.45255300000011,
                -6.757458
              ],
              [
                108.452718,
                -6.757183
              ],
              [
                108.452923,
                -6.756818
              ],
              [
                108.452979,
                -6.756539001
              ],
              [
                108.453066,
                -6.756276
              ],
              [
                108.45316400100003,
                -6.75609200099996
              ],
              [
                108.453275,
                -6.755891
              ],
              [
                108.45336299900006,
                -6.755731
              ],
              [
                108.453531,
                -6.755293
              ],
              [
                108.453807,
                -6.754628
              ],
              [
                108.453833,
                -6.754564
              ],
              [
                108.45399,
                -6.754301
              ],
              [
                108.454286,
                -6.753803
              ],
              [
                108.454661,
                -6.753175
              ],
              [
                108.45501600100006,
                -6.752764000999935
              ],
              [
                108.455833,
                -6.751817
              ],
              [
                108.456118,
                -6.751486
              ],
              [
                108.456694,
                -6.750736000999915
              ],
              [
                108.45695,
                -6.75014400099996
              ],
              [
                108.457005,
                -6.75
              ],
              [
                108.4571,
                -6.749752
              ],
              [
                108.457201,
                -6.74931
              ],
              [
                108.45728000100007,
                -6.749015999999887
              ],
              [
                108.457311,
                -6.748436998999942
              ],
              [
                108.457284,
                -6.74776
              ],
              [
                108.457414,
                -6.747533
              ],
              [
                108.45763000100007,
                -6.74728
              ],
              [
                108.458053,
                -6.746841
              ],
              [
                108.458709,
                -6.746208000999989
              ],
              [
                108.45915200100006,
                -6.74519300099994
              ],
              [
                108.459461,
                -6.744774
              ],
              [
                108.46019299900004,
                -6.744356000999964
              ],
              [
                108.460693,
                -6.744128
              ],
              [
                108.461157,
                -6.743951
              ],
              [
                108.462152,
                -6.744430000999959
              ],
              [
                108.462647,
                -6.744621
              ],
              [
                108.46320999900009,
                -6.744717
              ],
              [
                108.46433700100008,
                -6.74471
              ],
              [
                108.46633299900012,
                -6.744722
              ]
            ]
          ]
        ]
      }
    },
    {
      "type": "Feature",
      "id": 8,
      "properties": {
        "id": 8,
        "nama_desa": "Perbutulan",
        "nama_kecamatan": "Sumber",
        "nama_kabupaten": "Kabupaten Cirebon",
        "provinsi": "Jawa Barat",
        "luas_hektar": 62,
        "keliling_km": 3.16,
        "foto_gallery": [
          {
            "url": "/images/foto_kantor-desa-sindangjawa.png",
            "caption": "Dokumentasi pusat administrasi wilayah kelurahan/desa Perbutulan."
          },
          {
            "url": "/images/foto_kawasan-znt-sumber.jpg",
            "caption": "Bentang lanskap dan penggunaan lahan di wilayah Perbutulan."
          },
          {
            "url": "/images/foto_kantor-bupati-cirebon.jpg",
            "caption": "Kawasan integrasi tata ruang Kabupaten Cirebon."
          }
        ]
      },
      "geometry": {
        "type": "MultiPolygon",
        "coordinates": [
          [
            [
              [
                108.492819,
                -6.749476
              ],
              [
                108.492621,
                -6.749696
              ],
              [
                108.492421,
                -6.75
              ],
              [
                108.492371,
                -6.750076
              ],
              [
                108.491781,
                -6.751202000999925
              ],
              [
                108.49138900100007,
                -6.751737
              ],
              [
                108.491242,
                -6.752111
              ],
              [
                108.491185,
                -6.752474
              ],
              [
                108.491133,
                -6.752876
              ],
              [
                108.491043,
                -6.753365000999924
              ],
              [
                108.4908290000001,
                -6.753857998999948
              ],
              [
                108.490725,
                -6.753959
              ],
              [
                108.49049699900007,
                -6.754069000999909
              ],
              [
                108.48936599900011,
                -6.754455
              ],
              [
                108.489124,
                -6.754649
              ],
              [
                108.488977,
                -6.75488
              ],
              [
                108.488681,
                -6.755453000999935
              ],
              [
                108.488221,
                -6.756072
              ],
              [
                108.488216,
                -6.75608
              ],
              [
                108.487871,
                -6.75603
              ],
              [
                108.4877590010001,
                -6.75597
              ],
              [
                108.48711400000012,
                -6.755805
              ],
              [
                108.486751,
                -6.75566
              ],
              [
                108.48631800100007,
                -6.755462
              ],
              [
                108.4854210010001,
                -6.755327
              ],
              [
                108.48503199900007,
                -6.755268999999899
              ],
              [
                108.48481899900013,
                -6.755221000999924
              ],
              [
                108.484612,
                -6.755103
              ],
              [
                108.484397,
                -6.754856
              ],
              [
                108.484371,
                -6.754718
              ],
              [
                108.484304,
                -6.754376
              ],
              [
                108.484405,
                -6.754195
              ],
              [
                108.484586,
                -6.752711
              ],
              [
                108.48459,
                -6.751835
              ],
              [
                108.48440799900004,
                -6.750436
              ],
              [
                108.4842262100001,
                -6.749999592999913
              ],
              [
                108.48476199900003,
                -6.748957
              ],
              [
                108.485068,
                -6.748492
              ],
              [
                108.48534599900003,
                -6.748392
              ],
              [
                108.486066,
                -6.748371
              ],
              [
                108.486837,
                -6.74837400099997
              ],
              [
                108.487103,
                -6.748237
              ],
              [
                108.48764799900007,
                -6.747861
              ],
              [
                108.4883580000001,
                -6.747386
              ],
              [
                108.488903,
                -6.746959
              ],
              [
                108.489079,
                -6.746882
              ],
              [
                108.489131,
                -6.74686
              ],
              [
                108.489471,
                -6.746925
              ],
              [
                108.49040300000011,
                -6.747548
              ],
              [
                108.492819,
                -6.749476
              ]
            ]
          ]
        ]
      }
    },
    {
      "type": "Feature",
      "id": 9,
      "properties": {
        "id": 9,
        "nama_desa": "Sindangmekar",
        "nama_kecamatan": "Dukupuntang",
        "nama_kabupaten": "Kabupaten Cirebon",
        "provinsi": "Jawa Barat",
        "luas_hektar": 223,
        "keliling_km": 8.46,
        "foto_gallery": [
          {
            "url": "/images/foto_kantor-desa-sindangjawa.png",
            "caption": "Dokumentasi pusat administrasi wilayah kelurahan/desa Sindangmekar."
          },
          {
            "url": "/images/foto_kawasan-znt-sumber.jpg",
            "caption": "Bentang lanskap dan penggunaan lahan di wilayah Sindangmekar."
          },
          {
            "url": "/images/foto_kantor-bupati-cirebon.jpg",
            "caption": "Kawasan integrasi tata ruang Kabupaten Cirebon."
          }
        ]
      },
      "geometry": {
        "type": "MultiPolygon",
        "coordinates": [
          [
            [
              [
                108.449828,
                -6.758077
              ],
              [
                108.449782,
                -6.758245
              ],
              [
                108.44951400000011,
                -6.759169
              ],
              [
                108.449496,
                -6.75923
              ],
              [
                108.449363,
                -6.760827
              ],
              [
                108.449258,
                -6.76119
              ],
              [
                108.44914200100006,
                -6.761614
              ],
              [
                108.44907299900002,
                -6.761845999999895
              ],
              [
                108.44891400100002,
                -6.762149
              ],
              [
                108.44875899900008,
                -6.762309
              ],
              [
                108.448237,
                -6.762691
              ],
              [
                108.44813400100006,
                -6.762762
              ],
              [
                108.44809000100005,
                -6.762834
              ],
              [
                108.446856,
                -6.763537
              ],
              [
                108.445356,
                -6.764456
              ],
              [
                108.445358,
                -6.764461001
              ],
              [
                108.444747,
                -6.764445001
              ],
              [
                108.444581,
                -6.764419000999979
              ],
              [
                108.444423,
                -6.764394
              ],
              [
                108.44428800100006,
                -6.76437
              ],
              [
                108.44389800100004,
                -6.764256999999898
              ],
              [
                108.443284,
                -6.764061
              ],
              [
                108.442581,
                -6.763826
              ],
              [
                108.441352,
                -6.763416
              ],
              [
                108.44105000100002,
                -6.763346000999928
              ],
              [
                108.44079,
                -6.764936
              ],
              [
                108.440911,
                -6.765089999999898
              ],
              [
                108.441098,
                -6.765313
              ],
              [
                108.441352,
                -6.765569
              ],
              [
                108.441595,
                -6.765881
              ],
              [
                108.441826,
                -6.766204
              ],
              [
                108.44201300000013,
                -6.766537
              ],
              [
                108.44205399900005,
                -6.766705
              ],
              [
                108.441284,
                -6.76749
              ],
              [
                108.44080000100004,
                -6.767873
              ],
              [
                108.440382,
                -6.768272
              ],
              [
                108.440029,
                -6.768621
              ],
              [
                108.439586,
                -6.76889100099989
              ],
              [
                108.439118,
                -6.769122
              ],
              [
                108.43881299900004,
                -6.769253
              ],
              [
                108.43871,
                -6.76911
              ],
              [
                108.438712,
                -6.768755
              ],
              [
                108.43877,
                -6.768523
              ],
              [
                108.438916,
                -6.768273
              ],
              [
                108.4391810000001,
                -6.767903
              ],
              [
                108.439162,
                -6.767768
              ],
              [
                108.43910100100005,
                -6.767676
              ],
              [
                108.438752,
                -6.76747
              ],
              [
                108.43859,
                -6.767357
              ],
              [
                108.437774,
                -6.766551
              ],
              [
                108.437012,
                -6.765798
              ],
              [
                108.436809,
                -6.76555
              ],
              [
                108.436696,
                -6.76517899999989
              ],
              [
                108.436133,
                -6.764226
              ],
              [
                108.435696,
                -6.763855
              ],
              [
                108.435408,
                -6.763674
              ],
              [
                108.43517500000011,
                -6.763567000999917
              ],
              [
                108.434973,
                -6.763388
              ],
              [
                108.434788,
                -6.763143
              ],
              [
                108.43459200000011,
                -6.762554000999945
              ],
              [
                108.4345200000001,
                -6.762389
              ],
              [
                108.434167,
                -6.762172
              ],
              [
                108.43412,
                -6.762140000999974
              ],
              [
                108.433985,
                -6.762045
              ],
              [
                108.43382899900004,
                -6.761787
              ],
              [
                108.433753,
                -6.761642
              ],
              [
                108.433603,
                -6.761553
              ],
              [
                108.433277,
                -6.761476000999924
              ],
              [
                108.433112,
                -6.761489
              ],
              [
                108.43274799900003,
                -6.761786
              ],
              [
                108.432426,
                -6.762048
              ],
              [
                108.432401,
                -6.76206
              ],
              [
                108.432271,
                -6.762128
              ],
              [
                108.432114,
                -6.762125000999976
              ],
              [
                108.43188700100002,
                -6.76199
              ],
              [
                108.431652,
                -6.761721
              ],
              [
                108.43159400000012,
                -6.761637000999922
              ],
              [
                108.431531,
                -6.761359
              ],
              [
                108.431438,
                -6.761069
              ],
              [
                108.43125,
                -6.76034
              ],
              [
                108.431876,
                -6.760496
              ],
              [
                108.432915,
                -6.760523
              ],
              [
                108.434143,
                -6.760536000999952
              ],
              [
                108.43518599900005,
                -6.760576
              ],
              [
                108.436103,
                -6.760651
              ],
              [
                108.4380120000001,
                -6.760844
              ],
              [
                108.438499,
                -6.760912
              ],
              [
                108.43918699900007,
                -6.760913
              ],
              [
                108.439955,
                -6.76094
              ],
              [
                108.440127,
                -6.760345
              ],
              [
                108.44013700100007,
                -6.760153000999971
              ],
              [
                108.440234,
                -6.75834100099997
              ],
              [
                108.440254,
                -6.757794001
              ],
              [
                108.4403,
                -6.75765900099994
              ],
              [
                108.440501,
                -6.756869
              ],
              [
                108.44051399900009,
                -6.756157
              ],
              [
                108.440468,
                -6.755824001
              ],
              [
                108.440384,
                -6.755225
              ],
              [
                108.440309,
                -6.75469
              ],
              [
                108.440164,
                -6.754409
              ],
              [
                108.440147,
                -6.754376001
              ],
              [
                108.43972700100008,
                -6.753471
              ],
              [
                108.439565,
                -6.752966
              ],
              [
                108.439449,
                -6.752321
              ],
              [
                108.439446,
                -6.751903
              ],
              [
                108.43943999900004,
                -6.751590000999965
              ],
              [
                108.439442,
                -6.75099
              ],
              [
                108.43944399900002,
                -6.750429
              ],
              [
                108.439487,
                -6.75
              ],
              [
                108.439488,
                -6.749993000999989
              ],
              [
                108.4395460000001,
                -6.749464
              ],
              [
                108.439584,
                -6.749048
              ],
              [
                108.43958,
                -6.748879001
              ],
              [
                108.439958,
                -6.748875
              ],
              [
                108.44037328200008,
                -6.748889954999939
              ],
              [
                108.44068,
                -6.748901
              ],
              [
                108.441292,
                -6.748903998999946
              ],
              [
                108.4421,
                -6.748864
              ],
              [
                108.4425589990001,
                -6.748998001
              ],
              [
                108.442755,
                -6.749108
              ],
              [
                108.44314599900008,
                -6.749547
              ],
              [
                108.443495,
                -6.74957
              ],
              [
                108.44384499900009,
                -6.749528
              ],
              [
                108.44415200100009,
                -6.749355
              ],
              [
                108.444591,
                -6.749008
              ],
              [
                108.445118,
                -6.748596
              ],
              [
                108.4461670000001,
                -6.748558
              ],
              [
                108.44647300100011,
                -6.748625
              ],
              [
                108.446733,
                -6.749019998999952
              ],
              [
                108.446949,
                -6.749545000999959
              ],
              [
                108.44699,
                -6.75
              ],
              [
                108.446902,
                -6.750703
              ],
              [
                108.446976,
                -6.750857
              ],
              [
                108.447085,
                -6.75099
              ],
              [
                108.44723899900008,
                -6.751118
              ],
              [
                108.44754,
                -6.751058000999912
              ],
              [
                108.44790599900001,
                -6.751076
              ],
              [
                108.44825,
                -6.751157
              ],
              [
                108.448712,
                -6.751234
              ],
              [
                108.449099,
                -6.75121
              ],
              [
                108.4493980000001,
                -6.751220999999898
              ],
              [
                108.450146,
                -6.751365
              ],
              [
                108.45017800100007,
                -6.751379998999909
              ],
              [
                108.45029800000013,
                -6.751419
              ],
              [
                108.450189,
                -6.751664
              ],
              [
                108.450159,
                -6.752034
              ],
              [
                108.4502150000001,
                -6.752522
              ],
              [
                108.45027,
                -6.753074
              ],
              [
                108.450264,
                -6.75325
              ],
              [
                108.450221,
                -6.754595
              ],
              [
                108.45012499900012,
                -6.755384
              ],
              [
                108.4500400000001,
                -6.755874
              ],
              [
                108.4499670000001,
                -6.756295
              ],
              [
                108.449955,
                -6.756454
              ],
              [
                108.449927,
                -6.756805999999884
              ],
              [
                108.44988,
                -6.757405
              ],
              [
                108.449828,
                -6.758077
              ]
            ]
          ]
        ]
      }
    },
    {
      "type": "Feature",
      "id": 10,
      "properties": {
        "id": 10,
        "nama_desa": "Kecomberan",
        "nama_kecamatan": "Talun",
        "nama_kabupaten": "Kabupaten Cirebon",
        "provinsi": "Jawa Barat",
        "luas_hektar": 112,
        "keliling_km": 5.82,
        "foto_gallery": [
          {
            "url": "/images/foto_kantor-desa-sindangjawa.png",
            "caption": "Dokumentasi pusat administrasi wilayah kelurahan/desa Kecomberan."
          },
          {
            "url": "/images/foto_kawasan-znt-sumber.jpg",
            "caption": "Bentang lanskap dan penggunaan lahan di wilayah Kecomberan."
          },
          {
            "url": "/images/foto_kantor-bupati-cirebon.jpg",
            "caption": "Kawasan integrasi tata ruang Kabupaten Cirebon."
          }
        ]
      },
      "geometry": {
        "type": "MultiPolygon",
        "coordinates": [
          [
            [
              [
                108.52612467722281,
                -6.752173356870774
              ],
              [
                108.52629799900009,
                -6.752520000999908
              ],
              [
                108.526058,
                -6.752836000999942
              ],
              [
                108.52591,
                -6.753134001
              ],
              [
                108.525782,
                -6.753849
              ],
              [
                108.525762,
                -6.754186
              ],
              [
                108.525748,
                -6.754435
              ],
              [
                108.52541600100004,
                -6.755731
              ],
              [
                108.525414,
                -6.755734
              ],
              [
                108.5253620000001,
                -6.755844000999957
              ],
              [
                108.525358,
                -6.755998
              ],
              [
                108.52510899900004,
                -6.756056000999912
              ],
              [
                108.525065,
                -6.756081
              ],
              [
                108.524376,
                -6.756116001
              ],
              [
                108.524117,
                -6.756167
              ],
              [
                108.52360100100006,
                -6.756586
              ],
              [
                108.523399,
                -6.756864
              ],
              [
                108.52334,
                -6.757066
              ],
              [
                108.523312,
                -6.757199
              ],
              [
                108.52312399900002,
                -6.757377
              ],
              [
                108.52255,
                -6.757553
              ],
              [
                108.52215,
                -6.757658000999946
              ],
              [
                108.521566,
                -6.75786
              ],
              [
                108.521376,
                -6.75789
              ],
              [
                108.5212420000001,
                -6.75773
              ],
              [
                108.52108,
                -6.757366998999938
              ],
              [
                108.521024,
                -6.757226000999907
              ],
              [
                108.52076199900009,
                -6.757063
              ],
              [
                108.52060000100009,
                -6.75699
              ],
              [
                108.52039000000012,
                -6.756958
              ],
              [
                108.52026,
                -6.756987
              ],
              [
                108.5195300000001,
                -6.756851
              ],
              [
                108.519023,
                -6.756732
              ],
              [
                108.51820599900007,
                -6.756567
              ],
              [
                108.517968,
                -6.756525000999904
              ],
              [
                108.51789100000012,
                -6.756556999999887
              ],
              [
                108.51755700000011,
                -6.756693
              ],
              [
                108.51701600000011,
                -6.756776
              ],
              [
                108.51697200100003,
                -6.756908
              ],
              [
                108.516953,
                -6.756964
              ],
              [
                108.516913,
                -6.757025
              ],
              [
                108.516786999,
                -6.757183
              ],
              [
                108.516786,
                -6.75718500099989
              ],
              [
                108.516393,
                -6.757646
              ],
              [
                108.516035,
                -6.757875998999953
              ],
              [
                108.515638,
                -6.758021
              ],
              [
                108.5151170000001,
                -6.758116
              ],
              [
                108.51475,
                -6.758127000999938
              ],
              [
                108.513926,
                -6.757803
              ],
              [
                108.5138610000001,
                -6.757767999999899
              ],
              [
                108.51372800000011,
                -6.757909
              ],
              [
                108.51353800100011,
                -6.758286
              ],
              [
                108.513551,
                -6.758678
              ],
              [
                108.51354499900006,
                -6.75884
              ],
              [
                108.513444,
                -6.759002
              ],
              [
                108.513154,
                -6.759164
              ],
              [
                108.512952,
                -6.759226
              ],
              [
                108.512707999,
                -6.75937
              ],
              [
                108.512381,
                -6.759716
              ],
              [
                108.51227899900003,
                -6.759914
              ],
              [
                108.512173,
                -6.76013699999989
              ],
              [
                108.511992,
                -6.760411
              ],
              [
                108.51194599900002,
                -6.760585998999915
              ],
              [
                108.51192499900006,
                -6.760718000999912
              ],
              [
                108.51172999900008,
                -6.76092
              ],
              [
                108.511545,
                -6.761093
              ],
              [
                108.51086400000011,
                -6.760895000999902
              ],
              [
                108.510286,
                -6.760701
              ],
              [
                108.509479,
                -6.760356
              ],
              [
                108.508786,
                -6.760045
              ],
              [
                108.508906999,
                -6.759603
              ],
              [
                108.509102,
                -6.75904
              ],
              [
                108.509782999,
                -6.757109
              ],
              [
                108.509877,
                -6.756865
              ],
              [
                108.510063,
                -6.756411000999975
              ],
              [
                108.510185,
                -6.75598000099993
              ],
              [
                108.51021599900005,
                -6.755880001
              ],
              [
                108.510315,
                -6.755554
              ],
              [
                108.51037,
                -6.75541
              ],
              [
                108.510382,
                -6.755378
              ],
              [
                108.510434,
                -6.75536
              ],
              [
                108.510532,
                -6.755236
              ],
              [
                108.510648,
                -6.754697
              ],
              [
                108.510695,
                -6.754478
              ],
              [
                108.510906,
                -6.753784
              ],
              [
                108.511203,
                -6.753567
              ],
              [
                108.511426,
                -6.753475
              ],
              [
                108.512095,
                -6.753492
              ],
              [
                108.512929,
                -6.753499001
              ],
              [
                108.512901,
                -6.752684000999977
              ],
              [
                108.513931,
                -6.752585
              ],
              [
                108.51512299900007,
                -6.752455
              ],
              [
                108.514654,
                -6.753127
              ],
              [
                108.514338,
                -6.753876
              ],
              [
                108.514386,
                -6.754065
              ],
              [
                108.514705,
                -6.753954
              ],
              [
                108.51515099900007,
                -6.753855000999966
              ],
              [
                108.515549,
                -6.753745
              ],
              [
                108.51568899900009,
                -6.753674
              ],
              [
                108.515937,
                -6.753549
              ],
              [
                108.516212,
                -6.753439
              ],
              [
                108.516439,
                -6.753379
              ],
              [
                108.516705,
                -6.753258
              ],
              [
                108.516997,
                -6.753144000999935
              ],
              [
                108.51707,
                -6.753116
              ],
              [
                108.51775,
                -6.753034000999982
              ],
              [
                108.518101,
                -6.752977000999973
              ],
              [
                108.51842499900008,
                -6.752891
              ],
              [
                108.51904200100006,
                -6.752727998999976
              ],
              [
                108.5202330000001,
                -6.752296000999937
              ],
              [
                108.52023200100011,
                -6.752159
              ],
              [
                108.520286,
                -6.752159
              ],
              [
                108.5204820000001,
                -6.752109
              ],
              [
                108.52081000100006,
                -6.751981
              ],
              [
                108.52116,
                -6.751815
              ],
              [
                108.52147200000012,
                -6.751667
              ],
              [
                108.521586,
                -6.751613000999914
              ],
              [
                108.522272,
                -6.751288
              ],
              [
                108.522578,
                -6.751142
              ],
              [
                108.522892,
                -6.750993
              ],
              [
                108.523223,
                -6.750855
              ],
              [
                108.523377,
                -6.750773
              ],
              [
                108.523709,
                -6.750606
              ],
              [
                108.52419000100012,
                -6.750342
              ],
              [
                108.52483799900008,
                -6.75
              ],
              [
                108.52485446883705,
                -6.75
              ],
              [
                108.52539067700016,
                -6.750710380999926
              ],
              [
                108.52612467722281,
                -6.752173356870774
              ]
            ]
          ]
        ]
      }
    },
    {
      "type": "Feature",
      "id": 11,
      "properties": {
        "id": 11,
        "nama_desa": "Tukmudal",
        "nama_kecamatan": "Sumber",
        "nama_kabupaten": "Kabupaten Cirebon",
        "provinsi": "Jawa Barat",
        "luas_hektar": 235,
        "keliling_km": 7.41,
        "foto_gallery": [
          {
            "url": "/images/foto_kantor-desa-sindangjawa.png",
            "caption": "Dokumentasi pusat administrasi wilayah kelurahan/desa Tukmudal."
          },
          {
            "url": "/images/foto_kawasan-znt-sumber.jpg",
            "caption": "Bentang lanskap dan penggunaan lahan di wilayah Tukmudal."
          },
          {
            "url": "/images/foto_kantor-bupati-cirebon.jpg",
            "caption": "Kawasan integrasi tata ruang Kabupaten Cirebon."
          }
        ]
      },
      "geometry": {
        "type": "MultiPolygon",
        "coordinates": [
          [
            [
              [
                108.481451,
                -6.757181
              ],
              [
                108.480574,
                -6.757221000999937
              ],
              [
                108.479698,
                -6.757172
              ],
              [
                108.47923700100003,
                -6.757257
              ],
              [
                108.478601,
                -6.75749500099996
              ],
              [
                108.477634,
                -6.757949000999954
              ],
              [
                108.477194,
                -6.758297
              ],
              [
                108.476907,
                -6.758646
              ],
              [
                108.476599,
                -6.758995
              ],
              [
                108.476004,
                -6.759539
              ],
              [
                108.475411,
                -6.759908
              ],
              [
                108.474553,
                -6.760538
              ],
              [
                108.474179,
                -6.760843
              ],
              [
                108.474048,
                -6.761361
              ],
              [
                108.474046,
                -6.761784
              ],
              [
                108.47409399900002,
                -6.762205998999928
              ],
              [
                108.47410700100004,
                -6.762916
              ],
              [
                108.474054,
                -6.763473
              ],
              [
                108.47403500000011,
                -6.763827
              ],
              [
                108.474,
                -6.76403
              ],
              [
                108.473845,
                -6.764519
              ],
              [
                108.47358899900007,
                -6.765024
              ],
              [
                108.473384,
                -6.765395000999909
              ],
              [
                108.473146,
                -6.765664
              ],
              [
                108.47270400000012,
                -6.766033
              ],
              [
                108.47228,
                -6.766386
              ],
              [
                108.471754,
                -6.766738
              ],
              [
                108.47121099900005,
                -6.76709
              ],
              [
                108.47054899900007,
                -6.767526000999926
              ],
              [
                108.46987000000011,
                -6.767978
              ],
              [
                108.4694630000001,
                -6.768246001
              ],
              [
                108.469106,
                -6.768498000999969
              ],
              [
                108.468725,
                -6.768781
              ],
              [
                108.468199,
                -6.769273
              ],
              [
                108.467489,
                -6.770009
              ],
              [
                108.467105,
                -6.769349
              ],
              [
                108.466629,
                -6.768447998999918
              ],
              [
                108.466058,
                -6.76752
              ],
              [
                108.465319,
                -6.766443
              ],
              [
                108.464789,
                -6.765513999999897
              ],
              [
                108.464014,
                -6.764598
              ],
              [
                108.463233,
                -6.763497
              ],
              [
                108.46273,
                -6.762609000999966
              ],
              [
                108.46230000000011,
                -6.762154000999978
              ],
              [
                108.461978,
                -6.761925
              ],
              [
                108.461534,
                -6.761721
              ],
              [
                108.46156,
                -6.761392
              ],
              [
                108.46158400100002,
                -6.761186
              ],
              [
                108.46159499900004,
                -6.761012999999895
              ],
              [
                108.461634,
                -6.760898
              ],
              [
                108.461528001,
                -6.760448
              ],
              [
                108.461419,
                -6.759951
              ],
              [
                108.461395,
                -6.75966
              ],
              [
                108.461507,
                -6.75915
              ],
              [
                108.461614,
                -6.758876
              ],
              [
                108.461933,
                -6.758437000999919
              ],
              [
                108.46241700000012,
                -6.757861
              ],
              [
                108.462541,
                -6.757678
              ],
              [
                108.46262,
                -6.757345999999888
              ],
              [
                108.462642,
                -6.757259
              ],
              [
                108.46272100100003,
                -6.757208
              ],
              [
                108.462948,
                -6.757245
              ],
              [
                108.46408,
                -6.757808
              ],
              [
                108.464389,
                -6.757903
              ],
              [
                108.46480000000011,
                -6.757913
              ],
              [
                108.46528099900011,
                -6.7578
              ],
              [
                108.4660870000001,
                -6.757674
              ],
              [
                108.466476,
                -6.757658000999946
              ],
              [
                108.466618,
                -6.757681998999978
              ],
              [
                108.466956,
                -6.758058
              ],
              [
                108.467064,
                -6.758197000999957
              ],
              [
                108.467179,
                -6.758277
              ],
              [
                108.46777999900011,
                -6.758324
              ],
              [
                108.468116,
                -6.758295
              ],
              [
                108.46833600000011,
                -6.758233
              ],
              [
                108.468602,
                -6.757808
              ],
              [
                108.468723,
                -6.757441000999933
              ],
              [
                108.46872600100005,
                -6.75743
              ],
              [
                108.468827,
                -6.75703
              ],
              [
                108.469427,
                -6.755975
              ],
              [
                108.469597,
                -6.755677
              ],
              [
                108.469631,
                -6.755625
              ],
              [
                108.46949599900007,
                -6.754643
              ],
              [
                108.469467,
                -6.754483
              ],
              [
                108.46946900100006,
                -6.754256
              ],
              [
                108.46949499900008,
                -6.753814
              ],
              [
                108.4695350000001,
                -6.75348100099993
              ],
              [
                108.469485,
                -6.753032
              ],
              [
                108.469776,
                -6.75272100099993
              ],
              [
                108.4699150000001,
                -6.752506
              ],
              [
                108.47022,
                -6.752115
              ],
              [
                108.470308,
                -6.751994001
              ],
              [
                108.47051,
                -6.751897
              ],
              [
                108.471005,
                -6.751811998999948
              ],
              [
                108.471115,
                -6.751795
              ],
              [
                108.47149899900008,
                -6.751763000999979
              ],
              [
                108.471688,
                -6.751708000999958
              ],
              [
                108.471394,
                -6.751037
              ],
              [
                108.471263,
                -6.750454
              ],
              [
                108.47108400100011,
                -6.750273
              ],
              [
                108.47092800100008,
                -6.75
              ],
              [
                108.47483399900005,
                -6.750428
              ],
              [
                108.475099,
                -6.750451
              ],
              [
                108.47585299900008,
                -6.750542
              ],
              [
                108.476147,
                -6.750689000999934
              ],
              [
                108.476291,
                -6.750814998999967
              ],
              [
                108.476813,
                -6.751289
              ],
              [
                108.47682399900003,
                -6.751298
              ],
              [
                108.4772810000001,
                -6.751689000999896
              ],
              [
                108.47744599900008,
                -6.751884
              ],
              [
                108.477694,
                -6.752069
              ],
              [
                108.47806,
                -6.752297
              ],
              [
                108.478198,
                -6.752357
              ],
              [
                108.478559,
                -6.752631
              ],
              [
                108.478786,
                -6.752835
              ],
              [
                108.47935,
                -6.753366000999918
              ],
              [
                108.479875,
                -6.753751000999976
              ],
              [
                108.48045499900009,
                -6.75419
              ],
              [
                108.480938,
                -6.754596
              ],
              [
                108.481303,
                -6.754914
              ],
              [
                108.481506,
                -6.755396999
              ],
              [
                108.481496,
                -6.756181998999946
              ],
              [
                108.48146000000011,
                -6.75678
              ],
              [
                108.481451,
                -6.757181
              ]
            ]
          ]
        ]
      }
    },
    {
      "type": "Feature",
      "id": 12,
      "properties": {
        "id": 12,
        "nama_desa": "Sendang",
        "nama_kecamatan": "Sumber",
        "nama_kabupaten": "Kabupaten Cirebon",
        "provinsi": "Jawa Barat",
        "luas_hektar": 87,
        "keliling_km": 4.19,
        "foto_gallery": [
          {
            "url": "/images/foto_kantor-desa-sindangjawa.png",
            "caption": "Dokumentasi pusat administrasi wilayah kelurahan/desa Sendang."
          },
          {
            "url": "/images/foto_kawasan-znt-sumber.jpg",
            "caption": "Bentang lanskap dan penggunaan lahan di wilayah Sendang."
          },
          {
            "url": "/images/foto_kantor-bupati-cirebon.jpg",
            "caption": "Kawasan integrasi tata ruang Kabupaten Cirebon."
          }
        ]
      },
      "geometry": {
        "type": "MultiPolygon",
        "coordinates": [
          [
            [
              [
                108.50706,
                -6.753202
              ],
              [
                108.50694800000011,
                -6.753545
              ],
              [
                108.50649,
                -6.754127001
              ],
              [
                108.506147,
                -6.754457
              ],
              [
                108.505465,
                -6.755888
              ],
              [
                108.50529,
                -6.75616
              ],
              [
                108.505262,
                -6.756204
              ],
              [
                108.5050190000001,
                -6.756467999999895
              ],
              [
                108.50485,
                -6.756595
              ],
              [
                108.504551,
                -6.756802
              ],
              [
                108.5044050000001,
                -6.756942
              ],
              [
                108.504341,
                -6.757118
              ],
              [
                108.504344,
                -6.757279
              ],
              [
                108.504353,
                -6.757292
              ],
              [
                108.504444,
                -6.757426
              ],
              [
                108.50466,
                -6.757617000999929
              ],
              [
                108.504723,
                -6.757952
              ],
              [
                108.50472,
                -6.758126
              ],
              [
                108.505305,
                -6.758144000999923
              ],
              [
                108.505782,
                -6.758071
              ],
              [
                108.505728,
                -6.758284157999974
              ],
              [
                108.5057060000001,
                -6.758371
              ],
              [
                108.50556400100008,
                -6.758957000999956
              ],
              [
                108.505453,
                -6.759418
              ],
              [
                108.50478,
                -6.759603
              ],
              [
                108.504282,
                -6.759677
              ],
              [
                108.504219,
                -6.759097999999899
              ],
              [
                108.50362,
                -6.759423
              ],
              [
                108.502614,
                -6.759968
              ],
              [
                108.502104,
                -6.76036
              ],
              [
                108.50089,
                -6.760842
              ],
              [
                108.50035900100009,
                -6.760901
              ],
              [
                108.500001,
                -6.760876000999929
              ],
              [
                108.5,
                -6.760875762999909
              ],
              [
                108.49967600100007,
                -6.760798998999952
              ],
              [
                108.499208,
                -6.760642
              ],
              [
                108.497643,
                -6.760116
              ],
              [
                108.496554,
                -6.759991000999978
              ],
              [
                108.496598,
                -6.759902
              ],
              [
                108.49688,
                -6.759335
              ],
              [
                108.49689499900009,
                -6.75930399999989
              ],
              [
                108.49706800000011,
                -6.758959
              ],
              [
                108.497158,
                -6.758654
              ],
              [
                108.497159,
                -6.758495
              ],
              [
                108.49715400000012,
                -6.758413
              ],
              [
                108.497185,
                -6.758006000999963
              ],
              [
                108.497306,
                -6.757042
              ],
              [
                108.49729,
                -6.756575
              ],
              [
                108.497344,
                -6.756119
              ],
              [
                108.497367,
                -6.755926999999897
              ],
              [
                108.497411,
                -6.755721
              ],
              [
                108.497466,
                -6.755461
              ],
              [
                108.49755100100002,
                -6.755097
              ],
              [
                108.497583,
                -6.754959001
              ],
              [
                108.49775299900003,
                -6.754104
              ],
              [
                108.497756,
                -6.754093
              ],
              [
                108.4979450000001,
                -6.753379000999928
              ],
              [
                108.49805899900012,
                -6.75237
              ],
              [
                108.49811900000012,
                -6.752330001
              ],
              [
                108.49848400100002,
                -6.752108
              ],
              [
                108.498783,
                -6.752096
              ],
              [
                108.499766,
                -6.752078
              ],
              [
                108.5,
                -6.752001
              ],
              [
                108.500272,
                -6.751911
              ],
              [
                108.500471,
                -6.751849999999894
              ],
              [
                108.500756,
                -6.751799
              ],
              [
                108.501291,
                -6.751515000999976
              ],
              [
                108.501418,
                -6.751437
              ],
              [
                108.50246899900006,
                -6.750793001000012
              ],
              [
                108.503076,
                -6.750561999
              ],
              [
                108.503511,
                -6.750453
              ],
              [
                108.504021,
                -6.750342
              ],
              [
                108.504669,
                -6.750297
              ],
              [
                108.505088,
                -6.750282
              ],
              [
                108.50545,
                -6.750305000999958
              ],
              [
                108.50572699900006,
                -6.750405
              ],
              [
                108.505969,
                -6.7506
              ],
              [
                108.506176,
                -6.750952
              ],
              [
                108.50632899900005,
                -6.751358000999954
              ],
              [
                108.506489,
                -6.751869
              ],
              [
                108.506646,
                -6.752405
              ],
              [
                108.506774,
                -6.752915
              ],
              [
                108.50694700000011,
                -6.75309599899996
              ],
              [
                108.50706,
                -6.753202
              ]
            ]
          ]
        ]
      }
    },
    {
      "type": "Feature",
      "id": 13,
      "properties": {
        "id": 13,
        "nama_desa": "Cangkoak",
        "nama_kecamatan": "Dukupuntang",
        "nama_kabupaten": "Kabupaten Cirebon",
        "provinsi": "Jawa Barat",
        "luas_hektar": 211,
        "keliling_km": 7.56,
        "foto_gallery": [
          {
            "url": "/images/foto_kantor-desa-sindangjawa.png",
            "caption": "Dokumentasi pusat administrasi wilayah kelurahan/desa Cangkoak."
          },
          {
            "url": "/images/foto_kawasan-znt-sumber.jpg",
            "caption": "Bentang lanskap dan penggunaan lahan di wilayah Cangkoak."
          },
          {
            "url": "/images/foto_kantor-bupati-cirebon.jpg",
            "caption": "Kawasan integrasi tata ruang Kabupaten Cirebon."
          }
        ]
      },
      "geometry": {
        "type": "MultiPolygon",
        "coordinates": [
          [
            [
              [
                108.430562,
                -6.752723000999918
              ],
              [
                108.43054699900009,
                -6.752936
              ],
              [
                108.430508,
                -6.753028
              ],
              [
                108.430459,
                -6.753180999999888
              ],
              [
                108.430348,
                -6.753529
              ],
              [
                108.430285,
                -6.75404
              ],
              [
                108.430346,
                -6.754394
              ],
              [
                108.430519,
                -6.755165
              ],
              [
                108.43050899900005,
                -6.755546
              ],
              [
                108.430487,
                -6.755771
              ],
              [
                108.430438,
                -6.756253000999958
              ],
              [
                108.4303840000001,
                -6.75665
              ],
              [
                108.430382,
                -6.757237
              ],
              [
                108.430341,
                -6.757617
              ],
              [
                108.43026400000012,
                -6.758075
              ],
              [
                108.4303109990001,
                -6.758469
              ],
              [
                108.430447,
                -6.758790001
              ],
              [
                108.43069700100007,
                -6.759149
              ],
              [
                108.43101200000011,
                -6.759581
              ],
              [
                108.431159,
                -6.759989
              ],
              [
                108.43125,
                -6.76034
              ],
              [
                108.431438,
                -6.761069
              ],
              [
                108.431531,
                -6.761359
              ],
              [
                108.43159400000012,
                -6.761637000999922
              ],
              [
                108.431652,
                -6.761721
              ],
              [
                108.43188700100002,
                -6.76199
              ],
              [
                108.432114,
                -6.762125000999976
              ],
              [
                108.432271,
                -6.762128
              ],
              [
                108.432401,
                -6.76206
              ],
              [
                108.432426,
                -6.762048
              ],
              [
                108.43274799900003,
                -6.761786
              ],
              [
                108.433112,
                -6.761489
              ],
              [
                108.433277,
                -6.761476000999924
              ],
              [
                108.433603,
                -6.761553
              ],
              [
                108.433753,
                -6.761642
              ],
              [
                108.43382899900004,
                -6.761787
              ],
              [
                108.433985,
                -6.762045
              ],
              [
                108.43412,
                -6.762140000999974
              ],
              [
                108.434167,
                -6.762172
              ],
              [
                108.4345200000001,
                -6.762389
              ],
              [
                108.43459200000011,
                -6.762554000999945
              ],
              [
                108.434788,
                -6.763143
              ],
              [
                108.434973,
                -6.763388
              ],
              [
                108.43517500000011,
                -6.763567000999917
              ],
              [
                108.435408,
                -6.763674
              ],
              [
                108.435696,
                -6.763855
              ],
              [
                108.436133,
                -6.764226
              ],
              [
                108.436696,
                -6.76517899999989
              ],
              [
                108.436809,
                -6.76555
              ],
              [
                108.437012,
                -6.765798
              ],
              [
                108.437774,
                -6.766551
              ],
              [
                108.43859,
                -6.767357
              ],
              [
                108.438752,
                -6.76747
              ],
              [
                108.43910100100005,
                -6.767676
              ],
              [
                108.439162,
                -6.767768
              ],
              [
                108.4391810000001,
                -6.767903
              ],
              [
                108.438916,
                -6.768273
              ],
              [
                108.43877,
                -6.768523
              ],
              [
                108.438712,
                -6.768755
              ],
              [
                108.43871,
                -6.76911
              ],
              [
                108.43881299900004,
                -6.769253
              ],
              [
                108.43899399900009,
                -6.769379
              ],
              [
                108.439125,
                -6.769396
              ],
              [
                108.43956600100007,
                -6.769436
              ],
              [
                108.439694999,
                -6.769692
              ],
              [
                108.43969299900002,
                -6.770078000999959
              ],
              [
                108.439636,
                -6.770496
              ],
              [
                108.43963400000011,
                -6.77085400099995
              ],
              [
                108.439487,
                -6.771378
              ],
              [
                108.439206,
                -6.77173
              ],
              [
                108.439002,
                -6.772058
              ],
              [
                108.4385680000001,
                -6.772638
              ],
              [
                108.43816,
                -6.773117000999964
              ],
              [
                108.437728,
                -6.773393000999974
              ],
              [
                108.4372960000001,
                -6.773593
              ],
              [
                108.436104,
                -6.773789
              ],
              [
                108.435242,
                -6.773861
              ],
              [
                108.43435499900004,
                -6.773856
              ],
              [
                108.433621,
                -6.773726
              ],
              [
                108.433039,
                -6.773444
              ],
              [
                108.433042,
                -6.773014
              ],
              [
                108.4330439990001,
                -6.77266
              ],
              [
                108.432995,
                -6.77228
              ],
              [
                108.432769,
                -6.771874
              ],
              [
                108.43239,
                -6.771619
              ],
              [
                108.43198600100004,
                -6.771363000999965
              ],
              [
                108.43148000000011,
                -6.771183
              ],
              [
                108.430873,
                -6.771028
              ],
              [
                108.430114,
                -6.770847
              ],
              [
                108.429557,
                -6.770717999999889
              ],
              [
                108.428798,
                -6.770461
              ],
              [
                108.427863,
                -6.770051
              ],
              [
                108.42713,
                -6.76966700099997
              ],
              [
                108.426422,
                -6.769283998999988
              ],
              [
                108.4260439990001,
                -6.769054
              ],
              [
                108.425289,
                -6.768583
              ],
              [
                108.4249329990001,
                -6.768375
              ],
              [
                108.42481300000011,
                -6.768314
              ],
              [
                108.424711,
                -6.768145
              ],
              [
                108.42467,
                -6.767918
              ],
              [
                108.424686,
                -6.767729
              ],
              [
                108.42480900100006,
                -6.767413
              ],
              [
                108.42544300000012,
                -6.766813
              ],
              [
                108.426209,
                -6.766088
              ],
              [
                108.426372,
                -6.765906
              ],
              [
                108.42692199900009,
                -6.765479999000014
              ],
              [
                108.42724800100007,
                -6.765105
              ],
              [
                108.42728,
                -6.765066000999955
              ],
              [
                108.427229,
                -6.764604
              ],
              [
                108.427213,
                -6.764442
              ],
              [
                108.42719,
                -6.764206000999941
              ],
              [
                108.427083,
                -6.763878
              ],
              [
                108.426966,
                -6.763664
              ],
              [
                108.426736,
                -6.763388000999939
              ],
              [
                108.426446,
                -6.763179998999959
              ],
              [
                108.426113,
                -6.763029
              ],
              [
                108.425863,
                -6.762936
              ],
              [
                108.425769,
                -6.762854
              ],
              [
                108.42569199900002,
                -6.762607000999978
              ],
              [
                108.425663,
                -6.762183998999973
              ],
              [
                108.425731,
                -6.761569
              ],
              [
                108.42572200100001,
                -6.76148
              ],
              [
                108.425013,
                -6.760723998999964
              ],
              [
                108.424396,
                -6.760067
              ],
              [
                108.424136,
                -6.759809
              ],
              [
                108.424079,
                -6.759752
              ],
              [
                108.42360999900006,
                -6.759352
              ],
              [
                108.423517,
                -6.759228
              ],
              [
                108.423506,
                -6.759089
              ],
              [
                108.423591,
                -6.75894
              ],
              [
                108.42393700000011,
                -6.758668
              ],
              [
                108.424244,
                -6.758425
              ],
              [
                108.424374,
                -6.758249
              ],
              [
                108.424408,
                -6.758111
              ],
              [
                108.42434,
                -6.75794
              ],
              [
                108.423781,
                -6.757459001
              ],
              [
                108.423585,
                -6.757274
              ],
              [
                108.423501001,
                -6.757096999999892
              ],
              [
                108.423562,
                -6.75677
              ],
              [
                108.423984,
                -6.756614
              ],
              [
                108.42511,
                -6.756218999999899
              ],
              [
                108.425741,
                -6.755875
              ],
              [
                108.426183,
                -6.75561
              ],
              [
                108.42638500100007,
                -6.755451000999948
              ],
              [
                108.426735,
                -6.754971998999928
              ],
              [
                108.42714,
                -6.754345998999913
              ],
              [
                108.427464,
                -6.753827
              ],
              [
                108.428043,
                -6.753068
              ],
              [
                108.428515,
                -6.752283
              ],
              [
                108.428946,
                -6.751764
              ],
              [
                108.42933100100002,
                -6.751390000999937
              ],
              [
                108.429752,
                -6.751540998999907
              ],
              [
                108.43001200100005,
                -6.75166
              ],
              [
                108.430216,
                -6.751825000999958
              ],
              [
                108.43042600100003,
                -6.752148
              ],
              [
                108.430562,
                -6.752723000999918
              ]
            ]
          ]
        ]
      }
    },
    {
      "type": "Feature",
      "id": 14,
      "properties": {
        "id": 14,
        "nama_desa": "Kemantren",
        "nama_kecamatan": "Sumber",
        "nama_kabupaten": "Kabupaten Cirebon",
        "provinsi": "Jawa Barat",
        "luas_hektar": 74,
        "keliling_km": 3.86,
        "foto_gallery": [
          {
            "url": "/images/foto_kantor-desa-sindangjawa.png",
            "caption": "Dokumentasi pusat administrasi wilayah kelurahan/desa Kemantren."
          },
          {
            "url": "/images/foto_kawasan-znt-sumber.jpg",
            "caption": "Bentang lanskap dan penggunaan lahan di wilayah Kemantren."
          },
          {
            "url": "/images/foto_kantor-bupati-cirebon.jpg",
            "caption": "Kawasan integrasi tata ruang Kabupaten Cirebon."
          }
        ]
      },
      "geometry": {
        "type": "MultiPolygon",
        "coordinates": [
          [
            [
              [
                108.49805899900012,
                -6.75237
              ],
              [
                108.4979450000001,
                -6.753379000999928
              ],
              [
                108.497756,
                -6.754093
              ],
              [
                108.49775299900003,
                -6.754104
              ],
              [
                108.497583,
                -6.754959001
              ],
              [
                108.49755100100002,
                -6.755097
              ],
              [
                108.497466,
                -6.755461
              ],
              [
                108.497411,
                -6.755721
              ],
              [
                108.497367,
                -6.755926999999897
              ],
              [
                108.497344,
                -6.756119
              ],
              [
                108.49729,
                -6.756575
              ],
              [
                108.497306,
                -6.757042
              ],
              [
                108.497185,
                -6.758006000999963
              ],
              [
                108.49715400000012,
                -6.758413
              ],
              [
                108.497159,
                -6.758495
              ],
              [
                108.497158,
                -6.758654
              ],
              [
                108.49706800000011,
                -6.758959
              ],
              [
                108.49689499900009,
                -6.75930399999989
              ],
              [
                108.49688,
                -6.759335
              ],
              [
                108.496598,
                -6.759902
              ],
              [
                108.496554,
                -6.759991000999978
              ],
              [
                108.496102,
                -6.759841
              ],
              [
                108.49566299900003,
                -6.759793
              ],
              [
                108.49528300000011,
                -6.75976
              ],
              [
                108.49465500000012,
                -6.759967
              ],
              [
                108.493889,
                -6.760193000999905
              ],
              [
                108.4933580000001,
                -6.760376
              ],
              [
                108.49268,
                -6.7606030009999
              ],
              [
                108.49224300100012,
                -6.760749
              ],
              [
                108.491576,
                -6.760953
              ],
              [
                108.490892,
                -6.761126001
              ],
              [
                108.4901710000001,
                -6.761364
              ],
              [
                108.48961400000012,
                -6.761522
              ],
              [
                108.489013,
                -6.761785001
              ],
              [
                108.488891,
                -6.761795998999933
              ],
              [
                108.488814,
                -6.761772
              ],
              [
                108.48836411000008,
                -6.761823388999979
              ],
              [
                108.48834999900006,
                -6.761825000999934
              ],
              [
                108.488258,
                -6.761779
              ],
              [
                108.488119,
                -6.761704
              ],
              [
                108.488411,
                -6.761094
              ],
              [
                108.48856199900011,
                -6.760718
              ],
              [
                108.488655,
                -6.760306
              ],
              [
                108.48866399900002,
                -6.760024
              ],
              [
                108.488543,
                -6.759405
              ],
              [
                108.48840500100009,
                -6.75887
              ],
              [
                108.488404,
                -6.758747000999989
              ],
              [
                108.488398,
                -6.758018
              ],
              [
                108.488368,
                -6.757721
              ],
              [
                108.48815200000011,
                -6.757071
              ],
              [
                108.488089,
                -6.756798000999932
              ],
              [
                108.4881,
                -6.756507
              ],
              [
                108.488216,
                -6.75608
              ],
              [
                108.48856599900009,
                -6.756287
              ],
              [
                108.48920400000011,
                -6.756514
              ],
              [
                108.489619,
                -6.756508
              ],
              [
                108.490323,
                -6.756224
              ],
              [
                108.490732,
                -6.755962998999944
              ],
              [
                108.491053,
                -6.755718
              ],
              [
                108.49138800100008,
                -6.755482
              ],
              [
                108.492122,
                -6.754789000999974
              ],
              [
                108.49222,
                -6.754102000999975
              ],
              [
                108.49240200100004,
                -6.753828
              ],
              [
                108.49288500100003,
                -6.753391
              ],
              [
                108.493138,
                -6.75289
              ],
              [
                108.493424,
                -6.75283800099993
              ],
              [
                108.493565,
                -6.752477999999897
              ],
              [
                108.493604,
                -6.752437
              ],
              [
                108.493998,
                -6.752547000999922
              ],
              [
                108.49453499900005,
                -6.752194
              ],
              [
                108.4947309990001,
                -6.752009
              ],
              [
                108.49592,
                -6.752035
              ],
              [
                108.49805899900012,
                -6.75237
              ]
            ]
          ]
        ]
      }
    },
    {
      "type": "Feature",
      "id": 15,
      "properties": {
        "id": 15,
        "nama_desa": "Sampiran",
        "nama_kecamatan": "Talun",
        "nama_kabupaten": "Kabupaten Cirebon",
        "provinsi": "Jawa Barat",
        "luas_hektar": 384,
        "keliling_km": 13.32,
        "foto_gallery": [
          {
            "url": "/images/foto_kantor-desa-sindangjawa.png",
            "caption": "Dokumentasi pusat administrasi wilayah kelurahan/desa Sampiran."
          },
          {
            "url": "/images/foto_kawasan-znt-sumber.jpg",
            "caption": "Bentang lanskap dan penggunaan lahan di wilayah Sampiran."
          },
          {
            "url": "/images/foto_kantor-bupati-cirebon.jpg",
            "caption": "Kawasan integrasi tata ruang Kabupaten Cirebon."
          }
        ]
      },
      "geometry": {
        "type": "MultiPolygon",
        "coordinates": [
          [
            [
              [
                108.52639086761805,
                -6.752651704904935
              ],
              [
                108.52662662300011,
                -6.752988230999925
              ],
              [
                108.52675657139508,
                -6.753104756726326
              ],
              [
                108.526998,
                -6.753324
              ],
              [
                108.527755,
                -6.753389
              ],
              [
                108.52775548551202,
                -6.753388743660029
              ],
              [
                108.52775576700019,
                -6.753388767999937
              ],
              [
                108.52814356508823,
                -6.753183845937862
              ],
              [
                108.52881881200004,
                -6.752827329999935
              ],
              [
                108.52886258271296,
                -6.752804220315635
              ],
              [
                108.52931219100009,
                -6.752843272999922
              ],
              [
                108.52912429414194,
                -6.753313014558817
              ],
              [
                108.52898999900007,
                -6.753643999
              ],
              [
                108.5288917853657,
                -6.753834593225207
              ],
              [
                108.52878577399997,
                -6.754036324999959
              ],
              [
                108.52881434745397,
                -6.75410600894897
              ],
              [
                108.528823,
                -6.754129
              ],
              [
                108.52902,
                -6.754238
              ],
              [
                108.52916734796545,
                -6.754276505565795
              ],
              [
                108.52930455000008,
                -6.754312891999927
              ],
              [
                108.52930656791845,
                -6.754312887086613
              ],
              [
                108.5293070000001,
                -6.754313
              ],
              [
                108.52935057039558,
                -6.754312779947426
              ],
              [
                108.52950291999997,
                -6.754312408999887
              ],
              [
                108.52963018603671,
                -6.754669197491172
              ],
              [
                108.529655,
                -6.75474
              ],
              [
                108.529823,
                -6.755033
              ],
              [
                108.52981717376228,
                -6.755085032536591
              ],
              [
                108.52979283500007,
                -6.755292315999963
              ],
              [
                108.52964026100005,
                -6.755625124999966
              ],
              [
                108.52957920699998,
                -6.755880728999976
              ],
              [
                108.52944875607135,
                -6.755988620526889
              ],
              [
                108.52934800000013,
                -6.75607
              ],
              [
                108.52925584758509,
                -6.75627080974013
              ],
              [
                108.52921300600023,
                -6.756361856999906
              ],
              [
                108.528945965,
                -6.756803885999975
              ],
              [
                108.52894604436824,
                -6.75680392682554
              ],
              [
                108.528946,
                -6.756803999999896
              ],
              [
                108.529141,
                -6.756906
              ],
              [
                108.52955658267925,
                -6.75708681942422
              ],
              [
                108.52985386500015,
                -6.757277372999894
              ],
              [
                108.52961466568237,
                -6.758432074148015
              ],
              [
                108.529561,
                -6.758677
              ],
              [
                108.529236,
                -6.759565000999903
              ],
              [
                108.528622,
                -6.759959
              ],
              [
                108.528648,
                -6.760043
              ],
              [
                108.528715,
                -6.760186
              ],
              [
                108.52873799900001,
                -6.760368
              ],
              [
                108.528601,
                -6.761021
              ],
              [
                108.528479,
                -6.761604
              ],
              [
                108.52842399900005,
                -6.76175
              ],
              [
                108.528062,
                -6.76223
              ],
              [
                108.528059,
                -6.762234
              ],
              [
                108.527675,
                -6.762721
              ],
              [
                108.527071,
                -6.763118
              ],
              [
                108.526909,
                -6.763224
              ],
              [
                108.526423,
                -6.763677
              ],
              [
                108.525562,
                -6.764479
              ],
              [
                108.525277,
                -6.764809
              ],
              [
                108.525033,
                -6.765101
              ],
              [
                108.524788,
                -6.765322001
              ],
              [
                108.524531,
                -6.765476
              ],
              [
                108.523371,
                -6.766419998999897
              ],
              [
                108.5230390010001,
                -6.766731
              ],
              [
                108.522624,
                -6.767201
              ],
              [
                108.521962,
                -6.768039
              ],
              [
                108.5216800000001,
                -6.768264
              ],
              [
                108.521377,
                -6.768640998999988
              ],
              [
                108.520787,
                -6.769266999
              ],
              [
                108.519998,
                -6.769853
              ],
              [
                108.519585,
                -6.770099
              ],
              [
                108.51885199900005,
                -6.770553
              ],
              [
                108.518398,
                -6.770964999999897
              ],
              [
                108.518354,
                -6.771057
              ],
              [
                108.517676,
                -6.772063
              ],
              [
                108.517554,
                -6.772314
              ],
              [
                108.517355,
                -6.772726
              ],
              [
                108.517215,
                -6.773057
              ],
              [
                108.517153,
                -6.773215999999895
              ],
              [
                108.517071,
                -6.773355000999938
              ],
              [
                108.516759,
                -6.773795
              ],
              [
                108.516598,
                -6.773956
              ],
              [
                108.51630800100006,
                -6.774359
              ],
              [
                108.51618400000011,
                -6.774777
              ],
              [
                108.5162,
                -6.774917
              ],
              [
                108.516296,
                -6.776641
              ],
              [
                108.516736,
                -6.776856
              ],
              [
                108.5165,
                -6.777375000999932
              ],
              [
                108.51640300000011,
                -6.777741001000017
              ],
              [
                108.51611899900006,
                -6.778557
              ],
              [
                108.51581800000011,
                -6.779394
              ],
              [
                108.515488,
                -6.780288
              ],
              [
                108.51518800000012,
                -6.781168
              ],
              [
                108.514634,
                -6.782435
              ],
              [
                108.51438,
                -6.783121
              ],
              [
                108.514,
                -6.783778
              ],
              [
                108.513659,
                -6.784497
              ],
              [
                108.513553,
                -6.784767998999943
              ],
              [
                108.513559,
                -6.784844
              ],
              [
                108.513577,
                -6.78507700099993
              ],
              [
                108.51368500000011,
                -6.785549
              ],
              [
                108.51368199900013,
                -6.786075998999898
              ],
              [
                108.513669,
                -6.786526
              ],
              [
                108.513557,
                -6.786973
              ],
              [
                108.513297,
                -6.787184999
              ],
              [
                108.51314200000012,
                -6.787477999
              ],
              [
                108.513046,
                -6.787787
              ],
              [
                108.512993,
                -6.78798200099995
              ],
              [
                108.512951,
                -6.788096
              ],
              [
                108.512919,
                -6.788184
              ],
              [
                108.51299799900002,
                -6.789283
              ],
              [
                108.51291900100006,
                -6.789633
              ],
              [
                108.5128099990001,
                -6.790104
              ],
              [
                108.512655,
                -6.790756
              ],
              [
                108.51250999900005,
                -6.791162999999891
              ],
              [
                108.512272,
                -6.79124
              ],
              [
                108.5119620010001,
                -6.791328000999954
              ],
              [
                108.51177184403285,
                -6.791525935351796
              ],
              [
                108.51174168900008,
                -6.79155719099991
              ],
              [
                108.51173475054821,
                -6.791563782748923
              ],
              [
                108.511509,
                -6.791775
              ],
              [
                108.51131231101083,
                -6.791926841337006
              ],
              [
                108.51119999100001,
                -6.792012107999891
              ],
              [
                108.5108414300001,
                -6.792094584999877
              ],
              [
                108.51049810300003,
                -6.792045958999939
              ],
              [
                108.5101318770001,
                -6.792034981999919
              ],
              [
                108.51013168144738,
                -6.792035080916971
              ],
              [
                108.510129,
                -6.79203500099992
              ],
              [
                108.509962,
                -6.79212
              ],
              [
                108.50973425564906,
                -6.79233266719881
              ],
              [
                108.50967413100015,
                -6.792388343999935
              ],
              [
                108.5095596640001,
                -6.793065931999955
              ],
              [
                108.50957476900001,
                -6.793502390999919
              ],
              [
                108.50957483841604,
                -6.793504397359975
              ],
              [
                108.509571,
                -6.793498
              ],
              [
                108.509465,
                -6.79335
              ],
              [
                108.509239,
                -6.793165000999981
              ],
              [
                108.50890399900003,
                -6.792944
              ],
              [
                108.508615,
                -6.792704
              ],
              [
                108.508547,
                -6.792543
              ],
              [
                108.508516,
                -6.792263
              ],
              [
                108.508495,
                -6.792111
              ],
              [
                108.50839100100004,
                -6.791647000999969
              ],
              [
                108.508291,
                -6.791268
              ],
              [
                108.508305,
                -6.791255
              ],
              [
                108.508413,
                -6.791154
              ],
              [
                108.508991,
                -6.790712000999967
              ],
              [
                108.50919200100006,
                -6.790362000999963
              ],
              [
                108.509382,
                -6.789692
              ],
              [
                108.50944400100012,
                -6.789422
              ],
              [
                108.50955399900008,
                -6.788903998999942
              ],
              [
                108.509454,
                -6.788699
              ],
              [
                108.509176,
                -6.788327
              ],
              [
                108.508929,
                -6.787999
              ],
              [
                108.50882200100008,
                -6.787318000999988
              ],
              [
                108.50881500000013,
                -6.78717
              ],
              [
                108.508929,
                -6.786951
              ],
              [
                108.508954,
                -6.786923
              ],
              [
                108.508987,
                -6.786918
              ],
              [
                108.509171,
                -6.78684700099992
              ],
              [
                108.50952799900006,
                -6.786689
              ],
              [
                108.509727,
                -6.786539000999927
              ],
              [
                108.509804,
                -6.786392
              ],
              [
                108.50982,
                -6.786262
              ],
              [
                108.509829,
                -6.786197
              ],
              [
                108.509771,
                -6.786119999999897
              ],
              [
                108.509645,
                -6.786094
              ],
              [
                108.50903600100011,
                -6.786042
              ],
              [
                108.508704,
                -6.786096
              ],
              [
                108.50821900100001,
                -6.786182
              ],
              [
                108.50811,
                -6.78607399899991
              ],
              [
                108.508076,
                -6.78594
              ],
              [
                108.5080590000001,
                -6.785544
              ],
              [
                108.508129,
                -6.785326
              ],
              [
                108.50826199900011,
                -6.785139
              ],
              [
                108.50837500100005,
                -6.784953
              ],
              [
                108.50839400100001,
                -6.784765000999961
              ],
              [
                108.5083500000001,
                -6.784574
              ],
              [
                108.50822399900008,
                -6.784319998999912
              ],
              [
                108.50821900100001,
                -6.784317
              ],
              [
                108.50807800100007,
                -6.784193
              ],
              [
                108.507937,
                -6.784156
              ],
              [
                108.507815,
                -6.784098
              ],
              [
                108.507798,
                -6.783912
              ],
              [
                108.50785300000011,
                -6.783603
              ],
              [
                108.507954,
                -6.783392
              ],
              [
                108.508201,
                -6.783069000999966
              ],
              [
                108.508503,
                -6.782705
              ],
              [
                108.508692,
                -6.78247
              ],
              [
                108.50884200100005,
                -6.782429998999941
              ],
              [
                108.508898,
                -6.782428
              ],
              [
                108.509273,
                -6.782414
              ],
              [
                108.50959099900003,
                -6.782364000999987
              ],
              [
                108.5097390010001,
                -6.782278
              ],
              [
                108.5097690000001,
                -6.782188
              ],
              [
                108.509729,
                -6.781998
              ],
              [
                108.509504,
                -6.781734
              ],
              [
                108.5092149990001,
                -6.781538
              ],
              [
                108.508798,
                -6.78125
              ],
              [
                108.508541,
                -6.781073000999928
              ],
              [
                108.5082790000001,
                -6.780792
              ],
              [
                108.50818900000012,
                -6.780584
              ],
              [
                108.508204,
                -6.780372
              ],
              [
                108.50827500000013,
                -6.780145
              ],
              [
                108.50837400100005,
                -6.779932
              ],
              [
                108.508443,
                -6.779713000999934
              ],
              [
                108.508429,
                -6.779507
              ],
              [
                108.508329,
                -6.77924600099993
              ],
              [
                108.508327,
                -6.779241
              ],
              [
                108.508197,
                -6.779227000999956
              ],
              [
                108.507817,
                -6.779237
              ],
              [
                108.507623,
                -6.779282
              ],
              [
                108.507184,
                -6.778827
              ],
              [
                108.50698,
                -6.778562000999912
              ],
              [
                108.50685699900004,
                -6.778462999999892
              ],
              [
                108.50688700100002,
                -6.778239
              ],
              [
                108.50699100000011,
                -6.777774
              ],
              [
                108.50721,
                -6.777483
              ],
              [
                108.50731200000011,
                -6.777404
              ],
              [
                108.50756900100006,
                -6.777297000999962
              ],
              [
                108.50760400000011,
                -6.777277
              ],
              [
                108.507812,
                -6.777162
              ],
              [
                108.507947,
                -6.777025
              ],
              [
                108.507965,
                -6.776995
              ],
              [
                108.50802000100008,
                -6.776898
              ],
              [
                108.50804200100002,
                -6.776813
              ],
              [
                108.508016,
                -6.776594
              ],
              [
                108.50805,
                -6.77633
              ],
              [
                108.507775,
                -6.775822
              ],
              [
                108.507417,
                -6.77463
              ],
              [
                108.507155,
                -6.773838
              ],
              [
                108.50699399900009,
                -6.773259
              ],
              [
                108.506891,
                -6.772891
              ],
              [
                108.506839,
                -6.77265
              ],
              [
                108.506762,
                -6.772397
              ],
              [
                108.50676,
                -6.77239
              ],
              [
                108.50671,
                -6.772241
              ],
              [
                108.506691,
                -6.772115
              ],
              [
                108.506693,
                -6.772115
              ],
              [
                108.506732,
                -6.772112
              ],
              [
                108.50693,
                -6.772036
              ],
              [
                108.507122,
                -6.771878998999938
              ],
              [
                108.507124,
                -6.771861
              ],
              [
                108.507136,
                -6.771731
              ],
              [
                108.507075,
                -6.771383
              ],
              [
                108.5070800000001,
                -6.771164
              ],
              [
                108.5071530000001,
                -6.771081
              ],
              [
                108.50730599900005,
                -6.771016000999943
              ],
              [
                108.507496,
                -6.770897000999955
              ],
              [
                108.507527,
                -6.770787
              ],
              [
                108.507625,
                -6.770598
              ],
              [
                108.50768900000013,
                -6.770398
              ],
              [
                108.5077670000001,
                -6.770173000999915
              ],
              [
                108.50777800000012,
                -6.770041
              ],
              [
                108.50788,
                -6.770042998999905
              ],
              [
                108.50822499900006,
                -6.770155
              ],
              [
                108.50880699900009,
                -6.770324
              ],
              [
                108.50907400100006,
                -6.770423999999899
              ],
              [
                108.50952699900006,
                -6.770545
              ],
              [
                108.5094329990001,
                -6.770816
              ],
              [
                108.50935500000013,
                -6.77098
              ],
              [
                108.50932800100011,
                -6.771199
              ],
              [
                108.50940000000013,
                -6.771322000999948
              ],
              [
                108.50954500100003,
                -6.771407
              ],
              [
                108.50981700100007,
                -6.771519000999906
              ],
              [
                108.510287,
                -6.770419
              ],
              [
                108.51030300100005,
                -6.770379
              ],
              [
                108.5104410010001,
                -6.770035
              ],
              [
                108.510648,
                -6.769521
              ],
              [
                108.510684,
                -6.769433000999882
              ],
              [
                108.51122800000012,
                -6.768198
              ],
              [
                108.511488,
                -6.767608
              ],
              [
                108.511499,
                -6.767588999999898
              ],
              [
                108.511818,
                -6.767022
              ],
              [
                108.51249099900008,
                -6.765857
              ],
              [
                108.5126910000001,
                -6.765556
              ],
              [
                108.512833,
                -6.765343
              ],
              [
                108.513377,
                -6.764526
              ],
              [
                108.513596,
                -6.76415100099992
              ],
              [
                108.51414900000013,
                -6.763201998999914
              ],
              [
                108.51428300100011,
                -6.762884999999887
              ],
              [
                108.514346,
                -6.762742
              ],
              [
                108.5145,
                -6.76239400099994
              ],
              [
                108.514628,
                -6.762107
              ],
              [
                108.515035,
                -6.762299000999985
              ],
              [
                108.515476,
                -6.762476998999968
              ],
              [
                108.516006,
                -6.762703
              ],
              [
                108.516534,
                -6.762866001
              ],
              [
                108.516745,
                -6.762906998999931
              ],
              [
                108.51713,
                -6.762867999
              ],
              [
                108.51714600000012,
                -6.762808
              ],
              [
                108.517176,
                -6.762289
              ],
              [
                108.517163,
                -6.761922
              ],
              [
                108.517176,
                -6.761629
              ],
              [
                108.51733099900007,
                -6.760925999999891
              ],
              [
                108.517536,
                -6.760638
              ],
              [
                108.517708,
                -6.760502
              ],
              [
                108.517886,
                -6.760431
              ],
              [
                108.518204,
                -6.760295
              ],
              [
                108.519083,
                -6.759448
              ],
              [
                108.519187,
                -6.759328
              ],
              [
                108.519286,
                -6.759126
              ],
              [
                108.519519,
                -6.758685
              ],
              [
                108.520123,
                -6.75806
              ],
              [
                108.520156,
                -6.757923000999934
              ],
              [
                108.520133001,
                -6.757751
              ],
              [
                108.52011,
                -6.757483
              ],
              [
                108.520205,
                -6.756995
              ],
              [
                108.52026,
                -6.756987
              ],
              [
                108.52039000000012,
                -6.756958
              ],
              [
                108.52060000100009,
                -6.75699
              ],
              [
                108.52076199900009,
                -6.757063
              ],
              [
                108.521024,
                -6.757226000999907
              ],
              [
                108.52108,
                -6.757366998999938
              ],
              [
                108.5212420000001,
                -6.75773
              ],
              [
                108.521376,
                -6.75789
              ],
              [
                108.521566,
                -6.75786
              ],
              [
                108.52215,
                -6.757658000999946
              ],
              [
                108.52255,
                -6.757553
              ],
              [
                108.52312399900002,
                -6.757377
              ],
              [
                108.523312,
                -6.757199
              ],
              [
                108.52334,
                -6.757066
              ],
              [
                108.523399,
                -6.756864
              ],
              [
                108.52360100100006,
                -6.756586
              ],
              [
                108.524117,
                -6.756167
              ],
              [
                108.524376,
                -6.756116001
              ],
              [
                108.525065,
                -6.756081
              ],
              [
                108.52510899900004,
                -6.756056000999912
              ],
              [
                108.525358,
                -6.755998
              ],
              [
                108.5253620000001,
                -6.755844000999957
              ],
              [
                108.525414,
                -6.755734
              ],
              [
                108.52541600100004,
                -6.755731
              ],
              [
                108.525748,
                -6.754435
              ],
              [
                108.525762,
                -6.754186
              ],
              [
                108.525782,
                -6.753849
              ],
              [
                108.52591,
                -6.753134001
              ],
              [
                108.526058,
                -6.752836000999942
              ],
              [
                108.52629799900009,
                -6.752520000999908
              ],
              [
                108.52639086761805,
                -6.752651704904935
              ]
            ]
          ]
        ]
      }
    },
    {
      "type": "Feature",
      "id": 16,
      "properties": {
        "id": 16,
        "nama_desa": "Wanasaba Kidul",
        "nama_kecamatan": "Talun",
        "nama_kabupaten": "Kabupaten Cirebon",
        "provinsi": "Jawa Barat",
        "luas_hektar": 161,
        "keliling_km": 9.04,
        "foto_gallery": [
          {
            "url": "/images/foto_kantor-desa-sindangjawa.png",
            "caption": "Dokumentasi pusat administrasi wilayah kelurahan/desa Wanasaba Kidul."
          },
          {
            "url": "/images/foto_kawasan-znt-sumber.jpg",
            "caption": "Bentang lanskap dan penggunaan lahan di wilayah Wanasaba Kidul."
          },
          {
            "url": "/images/foto_kantor-bupati-cirebon.jpg",
            "caption": "Kawasan integrasi tata ruang Kabupaten Cirebon."
          }
        ]
      },
      "geometry": {
        "type": "MultiPolygon",
        "coordinates": [
          [
            [
              [
                108.510695,
                -6.754478
              ],
              [
                108.510648,
                -6.754697
              ],
              [
                108.510532,
                -6.755236
              ],
              [
                108.510434,
                -6.75536
              ],
              [
                108.510382,
                -6.755378
              ],
              [
                108.51037,
                -6.75541
              ],
              [
                108.510315,
                -6.755554
              ],
              [
                108.51021599900005,
                -6.755880001
              ],
              [
                108.510185,
                -6.75598000099993
              ],
              [
                108.510063,
                -6.756411000999975
              ],
              [
                108.509877,
                -6.756865
              ],
              [
                108.509782999,
                -6.757109
              ],
              [
                108.509102,
                -6.75904
              ],
              [
                108.508906999,
                -6.759603
              ],
              [
                108.508786,
                -6.760045
              ],
              [
                108.50866999900003,
                -6.76047
              ],
              [
                108.508284,
                -6.762093
              ],
              [
                108.50800599900006,
                -6.762908
              ],
              [
                108.50743,
                -6.763993001
              ],
              [
                108.506899,
                -6.763698
              ],
              [
                108.506537,
                -6.763686998999987
              ],
              [
                108.506223,
                -6.763625001
              ],
              [
                108.505882,
                -6.763438
              ],
              [
                108.50559099900009,
                -6.763288001000014
              ],
              [
                108.505209,
                -6.763234000999987
              ],
              [
                108.50484,
                -6.763479
              ],
              [
                108.50444299900005,
                -6.763937
              ],
              [
                108.50415400000011,
                -6.764131000999953
              ],
              [
                108.50375399900007,
                -6.764426000999936
              ],
              [
                108.503513,
                -6.764842999999889
              ],
              [
                108.503222,
                -6.765836
              ],
              [
                108.502938,
                -6.766897
              ],
              [
                108.502834,
                -6.767867
              ],
              [
                108.50272599900009,
                -6.768956
              ],
              [
                108.502598,
                -6.769696
              ],
              [
                108.502618,
                -6.770258
              ],
              [
                108.502628,
                -6.7705
              ],
              [
                108.502633,
                -6.771062
              ],
              [
                108.502672,
                -6.771686
              ],
              [
                108.50269300000012,
                -6.77211
              ],
              [
                108.502808,
                -6.772532000999966
              ],
              [
                108.50285500000011,
                -6.772967998999981
              ],
              [
                108.502788,
                -6.773338
              ],
              [
                108.502575,
                -6.773611
              ],
              [
                108.502149,
                -6.773558
              ],
              [
                108.50189,
                -6.773138
              ],
              [
                108.501385,
                -6.772586999999898
              ],
              [
                108.50111400100012,
                -6.772151
              ],
              [
                108.500695,
                -6.771230000999974
              ],
              [
                108.50057200100004,
                -6.771035
              ],
              [
                108.500473,
                -6.770906
              ],
              [
                108.500207,
                -6.77103
              ],
              [
                108.500001,
                -6.771173000999966
              ],
              [
                108.5,
                -6.771173730999937
              ],
              [
                108.499975,
                -6.771192
              ],
              [
                108.499792,
                -6.771319
              ],
              [
                108.49965800100009,
                -6.771232998999956
              ],
              [
                108.499533,
                -6.771145
              ],
              [
                108.499496,
                -6.77113000099996
              ],
              [
                108.499088,
                -6.771006
              ],
              [
                108.49774500100008,
                -6.770759
              ],
              [
                108.4976539990001,
                -6.770826
              ],
              [
                108.49748900000013,
                -6.771036001
              ],
              [
                108.497437,
                -6.771095998999989
              ],
              [
                108.497297,
                -6.771342
              ],
              [
                108.496921,
                -6.772117
              ],
              [
                108.49683,
                -6.772306
              ],
              [
                108.496627,
                -6.772460998999954
              ],
              [
                108.49655999900008,
                -6.77249
              ],
              [
                108.496419,
                -6.772551
              ],
              [
                108.49511799900006,
                -6.772547
              ],
              [
                108.49497200100005,
                -6.772547
              ],
              [
                108.49471099900005,
                -6.772534
              ],
              [
                108.49377900000012,
                -6.772487
              ],
              [
                108.493385,
                -6.772467
              ],
              [
                108.493169,
                -6.772457000999978
              ],
              [
                108.492978,
                -6.77244
              ],
              [
                108.492726,
                -6.772418000999949
              ],
              [
                108.492402,
                -6.772402
              ],
              [
                108.492241,
                -6.772851
              ],
              [
                108.491886,
                -6.773707000999931
              ],
              [
                108.49185600100007,
                -6.773855
              ],
              [
                108.49182100000012,
                -6.774034
              ],
              [
                108.491689,
                -6.774643
              ],
              [
                108.489434,
                -6.774116000999932
              ],
              [
                108.489603,
                -6.773633
              ],
              [
                108.4897759990001,
                -6.773163
              ],
              [
                108.489835,
                -6.772826000999956
              ],
              [
                108.489788,
                -6.771807
              ],
              [
                108.48965000100007,
                -6.770667
              ],
              [
                108.489564,
                -6.770269
              ],
              [
                108.489306,
                -6.769688000999931
              ],
              [
                108.489154,
                -6.769396000999929
              ],
              [
                108.48895499900003,
                -6.768956
              ],
              [
                108.488809,
                -6.768417000999928
              ],
              [
                108.4886220000001,
                -6.768011
              ],
              [
                108.488518,
                -6.767784
              ],
              [
                108.4884610000001,
                -6.767528
              ],
              [
                108.488494,
                -6.767018000999904
              ],
              [
                108.48853000000013,
                -6.766798000999909
              ],
              [
                108.488609,
                -6.766508000999984
              ],
              [
                108.488603,
                -6.766263
              ],
              [
                108.488785,
                -6.766263998999957
              ],
              [
                108.489785,
                -6.766269
              ],
              [
                108.491045,
                -6.766201
              ],
              [
                108.49249000000013,
                -6.766171999999894
              ],
              [
                108.49327,
                -6.766054999999895
              ],
              [
                108.49333,
                -6.765899
              ],
              [
                108.493977,
                -6.765423
              ],
              [
                108.49425899900004,
                -6.76526000099993
              ],
              [
                108.494454,
                -6.765198
              ],
              [
                108.49472699900012,
                -6.76524699899992
              ],
              [
                108.495071,
                -6.765332
              ],
              [
                108.495363,
                -6.765336
              ],
              [
                108.495601,
                -6.765229
              ],
              [
                108.4956809990001,
                -6.765151
              ],
              [
                108.49615,
                -6.76469
              ],
              [
                108.496387,
                -6.764417
              ],
              [
                108.49682600100007,
                -6.764409
              ],
              [
                108.497501,
                -6.764375
              ],
              [
                108.498314,
                -6.764379
              ],
              [
                108.499077,
                -6.764308000999943
              ],
              [
                108.49996500100009,
                -6.764238
              ],
              [
                108.5,
                -6.764233138999966
              ],
              [
                108.500001,
                -6.764233
              ],
              [
                108.5002700000001,
                -6.764364000999958
              ],
              [
                108.500464,
                -6.764559
              ],
              [
                108.50063999900007,
                -6.764754000999986
              ],
              [
                108.50095299900003,
                -6.764999
              ],
              [
                108.501281,
                -6.765142
              ],
              [
                108.501719,
                -6.76517
              ],
              [
                108.5019799990001,
                -6.765133
              ],
              [
                108.502345,
                -6.764957
              ],
              [
                108.502705,
                -6.764581
              ],
              [
                108.5030319990001,
                -6.764099
              ],
              [
                108.50317,
                -6.763503
              ],
              [
                108.503314,
                -6.762932
              ],
              [
                108.50349,
                -6.762716
              ],
              [
                108.503902,
                -6.76242
              ],
              [
                108.504323,
                -6.762211
              ],
              [
                108.50465799900007,
                -6.762104
              ],
              [
                108.50515500100008,
                -6.761975
              ],
              [
                108.505752,
                -6.761844
              ],
              [
                108.506161,
                -6.761734998999948
              ],
              [
                108.506458,
                -6.761567
              ],
              [
                108.506577,
                -6.761027
              ],
              [
                108.50665400000011,
                -6.76053800099994
              ],
              [
                108.506714,
                -6.760094000999974
              ],
              [
                108.5067750010001,
                -6.759468000999959
              ],
              [
                108.50695699900005,
                -6.758902000999935
              ],
              [
                108.507293,
                -6.757631
              ],
              [
                108.50739600100005,
                -6.757481
              ],
              [
                108.50753899900006,
                -6.757136
              ],
              [
                108.50773199900004,
                -6.756667
              ],
              [
                108.507777,
                -6.756559
              ],
              [
                108.50784600100006,
                -6.756246001
              ],
              [
                108.508167,
                -6.755905
              ],
              [
                108.508504,
                -6.755261
              ],
              [
                108.50875099900007,
                -6.754862
              ],
              [
                108.509092,
                -6.754455
              ],
              [
                108.509186,
                -6.754166000999941
              ],
              [
                108.50935700000012,
                -6.753706
              ],
              [
                108.509575,
                -6.753383
              ],
              [
                108.509722,
                -6.753212000999966
              ],
              [
                108.509889,
                -6.753158
              ],
              [
                108.510122,
                -6.753222
              ],
              [
                108.510301,
                -6.753437
              ],
              [
                108.5102650000001,
                -6.754087
              ],
              [
                108.510695,
                -6.754478
              ]
            ]
          ]
        ]
      }
    },
    {
      "type": "Feature",
      "id": 17,
      "properties": {
        "id": 17,
        "nama_desa": "Sumber",
        "nama_kecamatan": "Sumber",
        "nama_kabupaten": "Kabupaten Cirebon",
        "provinsi": "Jawa Barat",
        "luas_hektar": 235,
        "keliling_km": 7.39,
        "foto_gallery": [
          {
            "url": "/images/foto_kantor-desa-sindangjawa.png",
            "caption": "Dokumentasi pusat administrasi wilayah kelurahan/desa Sumber."
          },
          {
            "url": "/images/foto_kawasan-znt-sumber.jpg",
            "caption": "Bentang lanskap dan penggunaan lahan di wilayah Sumber."
          },
          {
            "url": "/images/foto_kantor-bupati-cirebon.jpg",
            "caption": "Kawasan integrasi tata ruang Kabupaten Cirebon."
          }
        ]
      },
      "geometry": {
        "type": "MultiPolygon",
        "coordinates": [
          [
            [
              [
                108.488216,
                -6.75608
              ],
              [
                108.4881,
                -6.756507
              ],
              [
                108.488089,
                -6.756798000999932
              ],
              [
                108.48815200000011,
                -6.757071
              ],
              [
                108.488368,
                -6.757721
              ],
              [
                108.488398,
                -6.758018
              ],
              [
                108.488404,
                -6.758747000999989
              ],
              [
                108.48840500100009,
                -6.75887
              ],
              [
                108.488543,
                -6.759405
              ],
              [
                108.48866399900002,
                -6.760024
              ],
              [
                108.488655,
                -6.760306
              ],
              [
                108.48856199900011,
                -6.760718
              ],
              [
                108.488411,
                -6.761094
              ],
              [
                108.488119,
                -6.761704
              ],
              [
                108.48776699900006,
                -6.762517
              ],
              [
                108.487735,
                -6.762783
              ],
              [
                108.487799,
                -6.763069
              ],
              [
                108.487995,
                -6.763517
              ],
              [
                108.487996,
                -6.763519
              ],
              [
                108.488149,
                -6.764408
              ],
              [
                108.488198,
                -6.765332
              ],
              [
                108.488361,
                -6.765585
              ],
              [
                108.48852,
                -6.765817
              ],
              [
                108.4886,
                -6.766154
              ],
              [
                108.488603,
                -6.766263
              ],
              [
                108.487636,
                -6.766258999999899
              ],
              [
                108.4866200000001,
                -6.766258000999905
              ],
              [
                108.486057,
                -6.766196000999926
              ],
              [
                108.48530300100002,
                -6.765985
              ],
              [
                108.484843,
                -6.766052
              ],
              [
                108.483648,
                -6.766102000999965
              ],
              [
                108.48299,
                -6.766128
              ],
              [
                108.482844,
                -6.76611900099995
              ],
              [
                108.482314,
                -6.766295
              ],
              [
                108.481799,
                -6.766384
              ],
              [
                108.481428,
                -6.766483
              ],
              [
                108.481065,
                -6.766599
              ],
              [
                108.480727,
                -6.766749
              ],
              [
                108.48049,
                -6.766933
              ],
              [
                108.480305,
                -6.767078998999978
              ],
              [
                108.48005,
                -6.767289
              ],
              [
                108.479673,
                -6.767662
              ],
              [
                108.479177,
                -6.768107
              ],
              [
                108.478994,
                -6.76828500100002
              ],
              [
                108.47795200000012,
                -6.769242000999977
              ],
              [
                108.476661,
                -6.770609
              ],
              [
                108.475932,
                -6.771666
              ],
              [
                108.475427,
                -6.772415
              ],
              [
                108.47500999900005,
                -6.773254
              ],
              [
                108.474687,
                -6.773823
              ],
              [
                108.47444499900011,
                -6.774163
              ],
              [
                108.473723,
                -6.773864000999954
              ],
              [
                108.471325,
                -6.772791
              ],
              [
                108.46982399900013,
                -6.772049000999971
              ],
              [
                108.46849499900011,
                -6.771154001
              ],
              [
                108.467906,
                -6.770487
              ],
              [
                108.467489,
                -6.770009
              ],
              [
                108.468199,
                -6.769273
              ],
              [
                108.468725,
                -6.768781
              ],
              [
                108.469106,
                -6.768498000999969
              ],
              [
                108.4694630000001,
                -6.768246001
              ],
              [
                108.46987000000011,
                -6.767978
              ],
              [
                108.47054899900007,
                -6.767526000999926
              ],
              [
                108.47121099900005,
                -6.76709
              ],
              [
                108.471754,
                -6.766738
              ],
              [
                108.47228,
                -6.766386
              ],
              [
                108.47270400000012,
                -6.766033
              ],
              [
                108.473146,
                -6.765664
              ],
              [
                108.473384,
                -6.765395000999909
              ],
              [
                108.47358899900007,
                -6.765024
              ],
              [
                108.473845,
                -6.764519
              ],
              [
                108.474,
                -6.76403
              ],
              [
                108.47403500000011,
                -6.763827
              ],
              [
                108.474054,
                -6.763473
              ],
              [
                108.47410700100004,
                -6.762916
              ],
              [
                108.47409399900002,
                -6.762205998999928
              ],
              [
                108.474046,
                -6.761784
              ],
              [
                108.474048,
                -6.761361
              ],
              [
                108.474179,
                -6.760843
              ],
              [
                108.474553,
                -6.760538
              ],
              [
                108.475411,
                -6.759908
              ],
              [
                108.476004,
                -6.759539
              ],
              [
                108.476599,
                -6.758995
              ],
              [
                108.476907,
                -6.758646
              ],
              [
                108.477194,
                -6.758297
              ],
              [
                108.477634,
                -6.757949000999954
              ],
              [
                108.478601,
                -6.75749500099996
              ],
              [
                108.47923700100003,
                -6.757257
              ],
              [
                108.479698,
                -6.757172
              ],
              [
                108.480574,
                -6.757221000999937
              ],
              [
                108.481451,
                -6.757181
              ],
              [
                108.482153,
                -6.756988000999932
              ],
              [
                108.483119,
                -6.756621
              ],
              [
                108.483647,
                -6.756252
              ],
              [
                108.48404399900004,
                -6.755794
              ],
              [
                108.484222,
                -6.755291000999943
              ],
              [
                108.484304,
                -6.754376
              ],
              [
                108.484371,
                -6.754718
              ],
              [
                108.484397,
                -6.754856
              ],
              [
                108.484612,
                -6.755103
              ],
              [
                108.48481899900013,
                -6.755221000999924
              ],
              [
                108.48503199900007,
                -6.755268999999899
              ],
              [
                108.4854210010001,
                -6.755327
              ],
              [
                108.48631800100007,
                -6.755462
              ],
              [
                108.486751,
                -6.75566
              ],
              [
                108.48711400000012,
                -6.755805
              ],
              [
                108.4877590010001,
                -6.75597
              ],
              [
                108.487871,
                -6.75603
              ],
              [
                108.488216,
                -6.75608
              ]
            ]
          ]
        ]
      }
    },
    {
      "type": "Feature",
      "id": 18,
      "properties": {
        "id": 18,
        "nama_desa": "Cirebongirang",
        "nama_kecamatan": "Talun",
        "nama_kabupaten": "Kabupaten Cirebon",
        "provinsi": "Jawa Barat",
        "luas_hektar": 149,
        "keliling_km": 7.97,
        "foto_gallery": [
          {
            "url": "/images/foto_kantor-desa-sindangjawa.png",
            "caption": "Dokumentasi pusat administrasi wilayah kelurahan/desa Cirebongirang."
          },
          {
            "url": "/images/foto_kawasan-znt-sumber.jpg",
            "caption": "Bentang lanskap dan penggunaan lahan di wilayah Cirebongirang."
          },
          {
            "url": "/images/foto_kantor-bupati-cirebon.jpg",
            "caption": "Kawasan integrasi tata ruang Kabupaten Cirebon."
          }
        ]
      },
      "geometry": {
        "type": "MultiPolygon",
        "coordinates": [
          [
            [
              [
                108.52026,
                -6.756987
              ],
              [
                108.520205,
                -6.756995
              ],
              [
                108.52011,
                -6.757483
              ],
              [
                108.520133001,
                -6.757751
              ],
              [
                108.520156,
                -6.757923000999934
              ],
              [
                108.520123,
                -6.75806
              ],
              [
                108.519519,
                -6.758685
              ],
              [
                108.519286,
                -6.759126
              ],
              [
                108.519187,
                -6.759328
              ],
              [
                108.519083,
                -6.759448
              ],
              [
                108.518204,
                -6.760295
              ],
              [
                108.517886,
                -6.760431
              ],
              [
                108.517708,
                -6.760502
              ],
              [
                108.517536,
                -6.760638
              ],
              [
                108.51733099900007,
                -6.760925999999891
              ],
              [
                108.517176,
                -6.761629
              ],
              [
                108.517163,
                -6.761922
              ],
              [
                108.517176,
                -6.762289
              ],
              [
                108.51714600000012,
                -6.762808
              ],
              [
                108.51713,
                -6.762867999
              ],
              [
                108.516745,
                -6.762906998999931
              ],
              [
                108.516534,
                -6.762866001
              ],
              [
                108.516006,
                -6.762703
              ],
              [
                108.515476,
                -6.762476998999968
              ],
              [
                108.515035,
                -6.762299000999985
              ],
              [
                108.514628,
                -6.762107
              ],
              [
                108.5145,
                -6.76239400099994
              ],
              [
                108.514346,
                -6.762742
              ],
              [
                108.51428300100011,
                -6.762884999999887
              ],
              [
                108.51414900000013,
                -6.763201998999914
              ],
              [
                108.513596,
                -6.76415100099992
              ],
              [
                108.513377,
                -6.764526
              ],
              [
                108.512833,
                -6.765343
              ],
              [
                108.5126910000001,
                -6.765556
              ],
              [
                108.51249099900008,
                -6.765857
              ],
              [
                108.511818,
                -6.767022
              ],
              [
                108.511499,
                -6.767588999999898
              ],
              [
                108.511488,
                -6.767608
              ],
              [
                108.51122800000012,
                -6.768198
              ],
              [
                108.510684,
                -6.769433000999882
              ],
              [
                108.510648,
                -6.769521
              ],
              [
                108.5104410010001,
                -6.770035
              ],
              [
                108.51030300100005,
                -6.770379
              ],
              [
                108.510287,
                -6.770419
              ],
              [
                108.50981700100007,
                -6.771519000999906
              ],
              [
                108.50954500100003,
                -6.771407
              ],
              [
                108.50940000000013,
                -6.771322000999948
              ],
              [
                108.50932800100011,
                -6.771199
              ],
              [
                108.50935500000013,
                -6.77098
              ],
              [
                108.5094329990001,
                -6.770816
              ],
              [
                108.50952699900006,
                -6.770545
              ],
              [
                108.50907400100006,
                -6.770423999999899
              ],
              [
                108.50880699900009,
                -6.770324
              ],
              [
                108.50822499900006,
                -6.770155
              ],
              [
                108.50788,
                -6.770042998999905
              ],
              [
                108.50777800000012,
                -6.770041
              ],
              [
                108.5077670000001,
                -6.770173000999915
              ],
              [
                108.50768900000013,
                -6.770398
              ],
              [
                108.507625,
                -6.770598
              ],
              [
                108.507527,
                -6.770787
              ],
              [
                108.507496,
                -6.770897000999955
              ],
              [
                108.50730599900005,
                -6.771016000999943
              ],
              [
                108.5071530000001,
                -6.771081
              ],
              [
                108.5070800000001,
                -6.771164
              ],
              [
                108.507075,
                -6.771383
              ],
              [
                108.507136,
                -6.771731
              ],
              [
                108.507124,
                -6.771861
              ],
              [
                108.507122,
                -6.771878998999938
              ],
              [
                108.50693,
                -6.772036
              ],
              [
                108.506732,
                -6.772112
              ],
              [
                108.506693,
                -6.772115
              ],
              [
                108.506691,
                -6.772115
              ],
              [
                108.50671,
                -6.772241
              ],
              [
                108.50676,
                -6.77239
              ],
              [
                108.506762,
                -6.772397
              ],
              [
                108.506839,
                -6.77265
              ],
              [
                108.506891,
                -6.772891
              ],
              [
                108.50699399900009,
                -6.773259
              ],
              [
                108.507155,
                -6.773838
              ],
              [
                108.507417,
                -6.77463
              ],
              [
                108.507775,
                -6.775822
              ],
              [
                108.50805,
                -6.77633
              ],
              [
                108.508016,
                -6.776594
              ],
              [
                108.50804200100002,
                -6.776813
              ],
              [
                108.50802000100008,
                -6.776898
              ],
              [
                108.507965,
                -6.776995
              ],
              [
                108.507947,
                -6.777025
              ],
              [
                108.507812,
                -6.777162
              ],
              [
                108.50760400000011,
                -6.777277
              ],
              [
                108.50756900100006,
                -6.777297000999962
              ],
              [
                108.50731200000011,
                -6.777404
              ],
              [
                108.50721,
                -6.777483
              ],
              [
                108.50699100000011,
                -6.777774
              ],
              [
                108.50688700100002,
                -6.778239
              ],
              [
                108.50685699900004,
                -6.778462999999892
              ],
              [
                108.50662,
                -6.778392
              ],
              [
                108.505965,
                -6.778446
              ],
              [
                108.505931,
                -6.778266
              ],
              [
                108.50591899900004,
                -6.778235
              ],
              [
                108.505831,
                -6.777816
              ],
              [
                108.505794,
                -6.777603
              ],
              [
                108.50576100100004,
                -6.777528000999979
              ],
              [
                108.505653,
                -6.777278998999982
              ],
              [
                108.504615,
                -6.777503
              ],
              [
                108.503742,
                -6.777416
              ],
              [
                108.50379,
                -6.77688
              ],
              [
                108.50381299900006,
                -6.776629000999936
              ],
              [
                108.50379000100011,
                -6.77625
              ],
              [
                108.50365000100007,
                -6.775608
              ],
              [
                108.50356299900007,
                -6.775334999999895
              ],
              [
                108.50346199900007,
                -6.775105
              ],
              [
                108.50316800100008,
                -6.773932
              ],
              [
                108.503001,
                -6.771959
              ],
              [
                108.5029870000001,
                -6.770767
              ],
              [
                108.50298400000013,
                -6.770325
              ],
              [
                108.502924,
                -6.770027
              ],
              [
                108.502883,
                -6.769912
              ],
              [
                108.503092,
                -6.769772
              ],
              [
                108.503311,
                -6.769741
              ],
              [
                108.503546,
                -6.769719
              ],
              [
                108.503897,
                -6.76942
              ],
              [
                108.5040699990001,
                -6.76941
              ],
              [
                108.504349,
                -6.769447
              ],
              [
                108.504496,
                -6.769418
              ],
              [
                108.504775,
                -6.769189
              ],
              [
                108.505359,
                -6.768266
              ],
              [
                108.505518,
                -6.768015998999967
              ],
              [
                108.505666,
                -6.767646
              ],
              [
                108.505801,
                -6.767310000999906
              ],
              [
                108.50597799900005,
                -6.766915
              ],
              [
                108.506166,
                -6.766616
              ],
              [
                108.50652200000012,
                -6.766179
              ],
              [
                108.50684,
                -6.765726
              ],
              [
                108.50719,
                -6.764988000999985
              ],
              [
                108.50731200000011,
                -6.764517
              ],
              [
                108.507346,
                -6.764303000999973
              ],
              [
                108.50743,
                -6.763993001
              ],
              [
                108.50800599900006,
                -6.762908
              ],
              [
                108.508284,
                -6.762093
              ],
              [
                108.50866999900003,
                -6.76047
              ],
              [
                108.508786,
                -6.760045
              ],
              [
                108.509479,
                -6.760356
              ],
              [
                108.510286,
                -6.760701
              ],
              [
                108.51086400000011,
                -6.760895000999902
              ],
              [
                108.511545,
                -6.761093
              ],
              [
                108.51172999900008,
                -6.76092
              ],
              [
                108.51192499900006,
                -6.760718000999912
              ],
              [
                108.51194599900002,
                -6.760585998999915
              ],
              [
                108.511992,
                -6.760411
              ],
              [
                108.512173,
                -6.76013699999989
              ],
              [
                108.51227899900003,
                -6.759914
              ],
              [
                108.512381,
                -6.759716
              ],
              [
                108.512707999,
                -6.75937
              ],
              [
                108.512952,
                -6.759226
              ],
              [
                108.513154,
                -6.759164
              ],
              [
                108.513444,
                -6.759002
              ],
              [
                108.51354499900006,
                -6.75884
              ],
              [
                108.513551,
                -6.758678
              ],
              [
                108.51353800100011,
                -6.758286
              ],
              [
                108.51372800000011,
                -6.757909
              ],
              [
                108.5138610000001,
                -6.757767999999899
              ],
              [
                108.513926,
                -6.757803
              ],
              [
                108.51475,
                -6.758127000999938
              ],
              [
                108.5151170000001,
                -6.758116
              ],
              [
                108.515638,
                -6.758021
              ],
              [
                108.516035,
                -6.757875998999953
              ],
              [
                108.516393,
                -6.757646
              ],
              [
                108.516786,
                -6.75718500099989
              ],
              [
                108.516786999,
                -6.757183
              ],
              [
                108.516913,
                -6.757025
              ],
              [
                108.516953,
                -6.756964
              ],
              [
                108.51697200100003,
                -6.756908
              ],
              [
                108.51701600000011,
                -6.756776
              ],
              [
                108.51755700000011,
                -6.756693
              ],
              [
                108.51789100000012,
                -6.756556999999887
              ],
              [
                108.517968,
                -6.756525000999904
              ],
              [
                108.51820599900007,
                -6.756567
              ],
              [
                108.519023,
                -6.756732
              ],
              [
                108.5195300000001,
                -6.756851
              ],
              [
                108.52026,
                -6.756987
              ]
            ]
          ]
        ]
      }
    },
    {
      "type": "Feature",
      "id": 19,
      "properties": {
        "id": 19,
        "nama_desa": "Wanasaba Lor",
        "nama_kecamatan": "Talun",
        "nama_kabupaten": "Kabupaten Cirebon",
        "provinsi": "Jawa Barat",
        "luas_hektar": 99,
        "keliling_km": 5.71,
        "foto_gallery": [
          {
            "url": "/images/foto_kantor-desa-sindangjawa.png",
            "caption": "Dokumentasi pusat administrasi wilayah kelurahan/desa Wanasaba Lor."
          },
          {
            "url": "/images/foto_kawasan-znt-sumber.jpg",
            "caption": "Bentang lanskap dan penggunaan lahan di wilayah Wanasaba Lor."
          },
          {
            "url": "/images/foto_kantor-bupati-cirebon.jpg",
            "caption": "Kawasan integrasi tata ruang Kabupaten Cirebon."
          }
        ]
      },
      "geometry": {
        "type": "MultiPolygon",
        "coordinates": [
          [
            [
              [
                108.488603,
                -6.766263
              ],
              [
                108.4886,
                -6.766154
              ],
              [
                108.48852,
                -6.765817
              ],
              [
                108.488361,
                -6.765585
              ],
              [
                108.488198,
                -6.765332
              ],
              [
                108.488149,
                -6.764408
              ],
              [
                108.487996,
                -6.763519
              ],
              [
                108.487995,
                -6.763517
              ],
              [
                108.487799,
                -6.763069
              ],
              [
                108.487735,
                -6.762783
              ],
              [
                108.48776699900006,
                -6.762517
              ],
              [
                108.488119,
                -6.761704
              ],
              [
                108.488258,
                -6.761779
              ],
              [
                108.48834999900006,
                -6.761825000999934
              ],
              [
                108.48836411000008,
                -6.761823388999979
              ],
              [
                108.488814,
                -6.761772
              ],
              [
                108.488891,
                -6.761795998999933
              ],
              [
                108.489013,
                -6.761785001
              ],
              [
                108.48961400000012,
                -6.761522
              ],
              [
                108.4901710000001,
                -6.761364
              ],
              [
                108.490892,
                -6.761126001
              ],
              [
                108.491576,
                -6.760953
              ],
              [
                108.49224300100012,
                -6.760749
              ],
              [
                108.49268,
                -6.7606030009999
              ],
              [
                108.4933580000001,
                -6.760376
              ],
              [
                108.493889,
                -6.760193000999905
              ],
              [
                108.49465500000012,
                -6.759967
              ],
              [
                108.49528300000011,
                -6.75976
              ],
              [
                108.49566299900003,
                -6.759793
              ],
              [
                108.496102,
                -6.759841
              ],
              [
                108.496554,
                -6.759991000999978
              ],
              [
                108.497643,
                -6.760116
              ],
              [
                108.499208,
                -6.760642
              ],
              [
                108.49967600100007,
                -6.760798998999952
              ],
              [
                108.5,
                -6.760875762999909
              ],
              [
                108.500001,
                -6.760876000999929
              ],
              [
                108.50035900100009,
                -6.760901
              ],
              [
                108.50089,
                -6.760842
              ],
              [
                108.502104,
                -6.76036
              ],
              [
                108.502614,
                -6.759968
              ],
              [
                108.50362,
                -6.759423
              ],
              [
                108.504219,
                -6.759097999999899
              ],
              [
                108.504282,
                -6.759677
              ],
              [
                108.50478,
                -6.759603
              ],
              [
                108.505453,
                -6.759418
              ],
              [
                108.50556400100008,
                -6.758957000999956
              ],
              [
                108.5057060000001,
                -6.758371
              ],
              [
                108.505728,
                -6.758284157999974
              ],
              [
                108.505782,
                -6.758071
              ],
              [
                108.505947,
                -6.75802
              ],
              [
                108.506002,
                -6.758016
              ],
              [
                108.506694,
                -6.757818
              ],
              [
                108.506732,
                -6.757794001
              ],
              [
                108.506917,
                -6.75774
              ],
              [
                108.507169,
                -6.757667
              ],
              [
                108.507293,
                -6.757631
              ],
              [
                108.50695699900005,
                -6.758902000999935
              ],
              [
                108.5067750010001,
                -6.759468000999959
              ],
              [
                108.506714,
                -6.760094000999974
              ],
              [
                108.50665400000011,
                -6.76053800099994
              ],
              [
                108.506577,
                -6.761027
              ],
              [
                108.506458,
                -6.761567
              ],
              [
                108.506161,
                -6.761734998999948
              ],
              [
                108.505752,
                -6.761844
              ],
              [
                108.50515500100008,
                -6.761975
              ],
              [
                108.50465799900007,
                -6.762104
              ],
              [
                108.504323,
                -6.762211
              ],
              [
                108.503902,
                -6.76242
              ],
              [
                108.50349,
                -6.762716
              ],
              [
                108.503314,
                -6.762932
              ],
              [
                108.50317,
                -6.763503
              ],
              [
                108.5030319990001,
                -6.764099
              ],
              [
                108.502705,
                -6.764581
              ],
              [
                108.502345,
                -6.764957
              ],
              [
                108.5019799990001,
                -6.765133
              ],
              [
                108.501719,
                -6.76517
              ],
              [
                108.501281,
                -6.765142
              ],
              [
                108.50095299900003,
                -6.764999
              ],
              [
                108.50063999900007,
                -6.764754000999986
              ],
              [
                108.500464,
                -6.764559
              ],
              [
                108.5002700000001,
                -6.764364000999958
              ],
              [
                108.500001,
                -6.764233
              ],
              [
                108.5,
                -6.764233138999966
              ],
              [
                108.49996500100009,
                -6.764238
              ],
              [
                108.499077,
                -6.764308000999943
              ],
              [
                108.498314,
                -6.764379
              ],
              [
                108.497501,
                -6.764375
              ],
              [
                108.49682600100007,
                -6.764409
              ],
              [
                108.496387,
                -6.764417
              ],
              [
                108.49615,
                -6.76469
              ],
              [
                108.4956809990001,
                -6.765151
              ],
              [
                108.495601,
                -6.765229
              ],
              [
                108.495363,
                -6.765336
              ],
              [
                108.495071,
                -6.765332
              ],
              [
                108.49472699900012,
                -6.76524699899992
              ],
              [
                108.494454,
                -6.765198
              ],
              [
                108.49425899900004,
                -6.76526000099993
              ],
              [
                108.493977,
                -6.765423
              ],
              [
                108.49333,
                -6.765899
              ],
              [
                108.49327,
                -6.766054999999895
              ],
              [
                108.49249000000013,
                -6.766171999999894
              ],
              [
                108.491045,
                -6.766201
              ],
              [
                108.489785,
                -6.766269
              ],
              [
                108.488785,
                -6.766263998999957
              ],
              [
                108.488603,
                -6.766263
              ]
            ]
          ]
        ]
      }
    },
    {
      "type": "Feature",
      "id": 20,
      "properties": {
        "id": 20,
        "nama_desa": "Sindangjawa",
        "nama_kecamatan": "Dukupuntang",
        "nama_kabupaten": "Kabupaten Cirebon",
        "provinsi": "Jawa Barat",
        "luas_hektar": 223,
        "keliling_km": 7.6,
        "foto_gallery": [
          {
            "url": "/images/foto_kantor-desa-sindangjawa.png",
            "caption": "Dokumentasi pusat administrasi wilayah kelurahan/desa Sindangjawa."
          },
          {
            "url": "/images/foto_kawasan-znt-sumber.jpg",
            "caption": "Bentang lanskap dan penggunaan lahan di wilayah Sindangjawa."
          },
          {
            "url": "/images/foto_kantor-bupati-cirebon.jpg",
            "caption": "Kawasan integrasi tata ruang Kabupaten Cirebon."
          }
        ]
      },
      "geometry": {
        "type": "MultiPolygon",
        "coordinates": [
          [
            [
              [
                108.4519690000001,
                -6.758768
              ],
              [
                108.45256499900003,
                -6.759141998999986
              ],
              [
                108.453261,
                -6.759245
              ],
              [
                108.454072,
                -6.759206
              ],
              [
                108.45442200000012,
                -6.759273
              ],
              [
                108.455012,
                -6.759451
              ],
              [
                108.456389,
                -6.760159
              ],
              [
                108.45724199900012,
                -6.760514
              ],
              [
                108.45798599900004,
                -6.760736
              ],
              [
                108.45908,
                -6.760961
              ],
              [
                108.459803,
                -6.761096
              ],
              [
                108.46067799900003,
                -6.761341000999945
              ],
              [
                108.461164,
                -6.761526
              ],
              [
                108.461534,
                -6.761721
              ],
              [
                108.461978,
                -6.761925
              ],
              [
                108.46230000000011,
                -6.762154000999978
              ],
              [
                108.46273,
                -6.762609000999966
              ],
              [
                108.463233,
                -6.763497
              ],
              [
                108.464014,
                -6.764598
              ],
              [
                108.464789,
                -6.765513999999897
              ],
              [
                108.463874,
                -6.76594200099996
              ],
              [
                108.463475,
                -6.766036
              ],
              [
                108.46308900000011,
                -6.766089
              ],
              [
                108.46253,
                -6.766223998999934
              ],
              [
                108.462247,
                -6.76634
              ],
              [
                108.46192699900007,
                -6.766494
              ],
              [
                108.461862,
                -6.766556
              ],
              [
                108.461688999,
                -6.766663
              ],
              [
                108.4613,
                -6.766889
              ],
              [
                108.46104,
                -6.76714
              ],
              [
                108.460972,
                -6.767284
              ],
              [
                108.46099,
                -6.767424
              ],
              [
                108.4609879990001,
                -6.767548
              ],
              [
                108.460889,
                -6.767688
              ],
              [
                108.46063500000011,
                -6.767888
              ],
              [
                108.46038499900003,
                -6.76808
              ],
              [
                108.460207,
                -6.768313
              ],
              [
                108.460144,
                -6.768486998999947
              ],
              [
                108.46002,
                -6.768918999999897
              ],
              [
                108.459726,
                -6.769554
              ],
              [
                108.45892100000013,
                -6.769725
              ],
              [
                108.458261,
                -6.769803
              ],
              [
                108.45796399900009,
                -6.769826000999981
              ],
              [
                108.457198,
                -6.769748
              ],
              [
                108.4561349990001,
                -6.769569
              ],
              [
                108.455246,
                -6.769392
              ],
              [
                108.454135,
                -6.769164
              ],
              [
                108.4532700000001,
                -6.768986
              ],
              [
                108.45238,
                -6.769006001
              ],
              [
                108.451934,
                -6.769103
              ],
              [
                108.451439,
                -6.769323
              ],
              [
                108.450848,
                -6.769718
              ],
              [
                108.450488,
                -6.769917000999961
              ],
              [
                108.450037,
                -6.77003900099993
              ],
              [
                108.449784,
                -6.770086
              ],
              [
                108.44930800000012,
                -6.770052
              ],
              [
                108.447974,
                -6.769872
              ],
              [
                108.446392,
                -6.769741
              ],
              [
                108.445453,
                -6.769662
              ],
              [
                108.44426600000011,
                -6.76968
              ],
              [
                108.442905,
                -6.769911
              ],
              [
                108.442068,
                -6.770115
              ],
              [
                108.44103200100005,
                -6.770408
              ],
              [
                108.440225,
                -6.770672
              ],
              [
                108.43963400000011,
                -6.77085400099995
              ],
              [
                108.439636,
                -6.770496
              ],
              [
                108.43969299900002,
                -6.770078000999959
              ],
              [
                108.439694999,
                -6.769692
              ],
              [
                108.43956600100007,
                -6.769436
              ],
              [
                108.439125,
                -6.769396
              ],
              [
                108.43899399900009,
                -6.769379
              ],
              [
                108.43881299900004,
                -6.769253
              ],
              [
                108.439118,
                -6.769122
              ],
              [
                108.439586,
                -6.76889100099989
              ],
              [
                108.440029,
                -6.768621
              ],
              [
                108.440382,
                -6.768272
              ],
              [
                108.44080000100004,
                -6.767873
              ],
              [
                108.441284,
                -6.76749
              ],
              [
                108.44205399900005,
                -6.766705
              ],
              [
                108.44201300000013,
                -6.766537
              ],
              [
                108.441826,
                -6.766204
              ],
              [
                108.441595,
                -6.765881
              ],
              [
                108.441352,
                -6.765569
              ],
              [
                108.441098,
                -6.765313
              ],
              [
                108.440911,
                -6.765089999999898
              ],
              [
                108.44079,
                -6.764936
              ],
              [
                108.44105000100002,
                -6.763346000999928
              ],
              [
                108.441352,
                -6.763416
              ],
              [
                108.442581,
                -6.763826
              ],
              [
                108.443284,
                -6.764061
              ],
              [
                108.44389800100004,
                -6.764256999999898
              ],
              [
                108.44428800100006,
                -6.76437
              ],
              [
                108.444423,
                -6.764394
              ],
              [
                108.444581,
                -6.764419000999979
              ],
              [
                108.444747,
                -6.764445001
              ],
              [
                108.445358,
                -6.764461001
              ],
              [
                108.445356,
                -6.764456
              ],
              [
                108.446856,
                -6.763537
              ],
              [
                108.44809000100005,
                -6.762834
              ],
              [
                108.44813400100006,
                -6.762762
              ],
              [
                108.448237,
                -6.762691
              ],
              [
                108.44875899900008,
                -6.762309
              ],
              [
                108.44891400100002,
                -6.762149
              ],
              [
                108.44907299900002,
                -6.761845999999895
              ],
              [
                108.44914200100006,
                -6.761614
              ],
              [
                108.449258,
                -6.76119
              ],
              [
                108.449363,
                -6.760827
              ],
              [
                108.449496,
                -6.75923
              ],
              [
                108.44951400000011,
                -6.759169
              ],
              [
                108.449782,
                -6.758245
              ],
              [
                108.449828,
                -6.758077
              ],
              [
                108.450635,
                -6.758289
              ],
              [
                108.451737,
                -6.758782
              ],
              [
                108.4519690000001,
                -6.758768
              ]
            ]
          ]
        ]
      }
    },
    {
      "type": "Feature",
      "id": 21,
      "properties": {
        "id": 21,
        "nama_desa": "Krandon",
        "nama_kecamatan": "Talun",
        "nama_kabupaten": "Kabupaten Cirebon",
        "provinsi": "Jawa Barat",
        "luas_hektar": 161,
        "keliling_km": 7.74,
        "foto_gallery": [
          {
            "url": "/images/foto_kantor-desa-sindangjawa.png",
            "caption": "Dokumentasi pusat administrasi wilayah kelurahan/desa Krandon."
          },
          {
            "url": "/images/foto_kawasan-znt-sumber.jpg",
            "caption": "Bentang lanskap dan penggunaan lahan di wilayah Krandon."
          },
          {
            "url": "/images/foto_kantor-bupati-cirebon.jpg",
            "caption": "Kawasan integrasi tata ruang Kabupaten Cirebon."
          }
        ]
      },
      "geometry": {
        "type": "MultiPolygon",
        "coordinates": [
          [
            [
              [
                108.50743,
                -6.763993001
              ],
              [
                108.507346,
                -6.764303000999973
              ],
              [
                108.50731200000011,
                -6.764517
              ],
              [
                108.50719,
                -6.764988000999985
              ],
              [
                108.50684,
                -6.765726
              ],
              [
                108.50652200000012,
                -6.766179
              ],
              [
                108.506166,
                -6.766616
              ],
              [
                108.50597799900005,
                -6.766915
              ],
              [
                108.505801,
                -6.767310000999906
              ],
              [
                108.505666,
                -6.767646
              ],
              [
                108.505518,
                -6.768015998999967
              ],
              [
                108.505359,
                -6.768266
              ],
              [
                108.504775,
                -6.769189
              ],
              [
                108.504496,
                -6.769418
              ],
              [
                108.504349,
                -6.769447
              ],
              [
                108.5040699990001,
                -6.76941
              ],
              [
                108.503897,
                -6.76942
              ],
              [
                108.503546,
                -6.769719
              ],
              [
                108.503311,
                -6.769741
              ],
              [
                108.503092,
                -6.769772
              ],
              [
                108.502883,
                -6.769912
              ],
              [
                108.502924,
                -6.770027
              ],
              [
                108.50298400000013,
                -6.770325
              ],
              [
                108.5029870000001,
                -6.770767
              ],
              [
                108.503001,
                -6.771959
              ],
              [
                108.50316800100008,
                -6.773932
              ],
              [
                108.50346199900007,
                -6.775105
              ],
              [
                108.50356299900007,
                -6.775334999999895
              ],
              [
                108.50365000100007,
                -6.775608
              ],
              [
                108.50379000100011,
                -6.77625
              ],
              [
                108.50381299900006,
                -6.776629000999936
              ],
              [
                108.50379,
                -6.77688
              ],
              [
                108.503742,
                -6.777416
              ],
              [
                108.504615,
                -6.777503
              ],
              [
                108.505653,
                -6.777278998999982
              ],
              [
                108.50576100100004,
                -6.777528000999979
              ],
              [
                108.505794,
                -6.777603
              ],
              [
                108.505831,
                -6.777816
              ],
              [
                108.50591899900004,
                -6.778235
              ],
              [
                108.505931,
                -6.778266
              ],
              [
                108.505965,
                -6.778446
              ],
              [
                108.506008,
                -6.778763
              ],
              [
                108.505404,
                -6.779312
              ],
              [
                108.50464,
                -6.779757998999926
              ],
              [
                108.50429500100006,
                -6.780032
              ],
              [
                108.504124,
                -6.780035
              ],
              [
                108.50332200100011,
                -6.779591
              ],
              [
                108.503091,
                -6.779509
              ],
              [
                108.502348,
                -6.779752000999963
              ],
              [
                108.501983,
                -6.779788
              ],
              [
                108.501012,
                -6.780217
              ],
              [
                108.500675,
                -6.780507000999904
              ],
              [
                108.50046,
                -6.781001
              ],
              [
                108.500001,
                -6.781526
              ],
              [
                108.5,
                -6.7815267299999
              ],
              [
                108.499466,
                -6.781916
              ],
              [
                108.498804,
                -6.78222
              ],
              [
                108.497805,
                -6.782625
              ],
              [
                108.497408,
                -6.782725
              ],
              [
                108.496987,
                -6.782777
              ],
              [
                108.496297,
                -6.782674
              ],
              [
                108.496012,
                -6.782601000999968
              ],
              [
                108.495558,
                -6.782463000999918
              ],
              [
                108.49497500100004,
                -6.782244
              ],
              [
                108.49441899900005,
                -6.781919000999938
              ],
              [
                108.494156,
                -6.781698000999949
              ],
              [
                108.4938,
                -6.781329
              ],
              [
                108.493679,
                -6.780989
              ],
              [
                108.49355000100009,
                -6.780774
              ],
              [
                108.493543,
                -6.780691
              ],
              [
                108.493488,
                -6.780508000999898
              ],
              [
                108.493021,
                -6.779684
              ],
              [
                108.492856,
                -6.779406
              ],
              [
                108.4927420000001,
                -6.779134
              ],
              [
                108.492384,
                -6.778509
              ],
              [
                108.492129,
                -6.778135000999931
              ],
              [
                108.49202500000011,
                -6.777981
              ],
              [
                108.49192,
                -6.777707
              ],
              [
                108.491674,
                -6.776875
              ],
              [
                108.4915730000001,
                -6.776397000999925
              ],
              [
                108.491593,
                -6.776056
              ],
              [
                108.49161300000013,
                -6.775877
              ],
              [
                108.49170200000012,
                -6.77555
              ],
              [
                108.491784,
                -6.775179
              ],
              [
                108.49174599900003,
                -6.77485
              ],
              [
                108.491689,
                -6.774643
              ],
              [
                108.49182100000012,
                -6.774034
              ],
              [
                108.49185600100007,
                -6.773855
              ],
              [
                108.491886,
                -6.773707000999931
              ],
              [
                108.492241,
                -6.772851
              ],
              [
                108.492402,
                -6.772402
              ],
              [
                108.492726,
                -6.772418000999949
              ],
              [
                108.492978,
                -6.77244
              ],
              [
                108.493169,
                -6.772457000999978
              ],
              [
                108.493385,
                -6.772467
              ],
              [
                108.49377900000012,
                -6.772487
              ],
              [
                108.49471099900005,
                -6.772534
              ],
              [
                108.49497200100005,
                -6.772547
              ],
              [
                108.49511799900006,
                -6.772547
              ],
              [
                108.496419,
                -6.772551
              ],
              [
                108.49655999900008,
                -6.77249
              ],
              [
                108.496627,
                -6.772460998999954
              ],
              [
                108.49683,
                -6.772306
              ],
              [
                108.496921,
                -6.772117
              ],
              [
                108.497297,
                -6.771342
              ],
              [
                108.497437,
                -6.771095998999989
              ],
              [
                108.49748900000013,
                -6.771036001
              ],
              [
                108.4976539990001,
                -6.770826
              ],
              [
                108.49774500100008,
                -6.770759
              ],
              [
                108.499088,
                -6.771006
              ],
              [
                108.499496,
                -6.77113000099996
              ],
              [
                108.499533,
                -6.771145
              ],
              [
                108.49965800100009,
                -6.771232998999956
              ],
              [
                108.499792,
                -6.771319
              ],
              [
                108.499975,
                -6.771192
              ],
              [
                108.5,
                -6.771173730999937
              ],
              [
                108.500001,
                -6.771173000999966
              ],
              [
                108.500207,
                -6.77103
              ],
              [
                108.500473,
                -6.770906
              ],
              [
                108.50057200100004,
                -6.771035
              ],
              [
                108.500695,
                -6.771230000999974
              ],
              [
                108.50111400100012,
                -6.772151
              ],
              [
                108.501385,
                -6.772586999999898
              ],
              [
                108.50189,
                -6.773138
              ],
              [
                108.502149,
                -6.773558
              ],
              [
                108.502575,
                -6.773611
              ],
              [
                108.502788,
                -6.773338
              ],
              [
                108.50285500000011,
                -6.772967998999981
              ],
              [
                108.502808,
                -6.772532000999966
              ],
              [
                108.50269300000012,
                -6.77211
              ],
              [
                108.502672,
                -6.771686
              ],
              [
                108.502633,
                -6.771062
              ],
              [
                108.502628,
                -6.7705
              ],
              [
                108.502618,
                -6.770258
              ],
              [
                108.502598,
                -6.769696
              ],
              [
                108.50272599900009,
                -6.768956
              ],
              [
                108.502834,
                -6.767867
              ],
              [
                108.502938,
                -6.766897
              ],
              [
                108.503222,
                -6.765836
              ],
              [
                108.503513,
                -6.764842999999889
              ],
              [
                108.50375399900007,
                -6.764426000999936
              ],
              [
                108.50415400000011,
                -6.764131000999953
              ],
              [
                108.50444299900005,
                -6.763937
              ],
              [
                108.50484,
                -6.763479
              ],
              [
                108.505209,
                -6.763234000999987
              ],
              [
                108.50559099900009,
                -6.763288001000014
              ],
              [
                108.505882,
                -6.763438
              ],
              [
                108.506223,
                -6.763625001
              ],
              [
                108.506537,
                -6.763686998999987
              ],
              [
                108.506899,
                -6.763698
              ],
              [
                108.50743,
                -6.763993001
              ]
            ]
          ]
        ]
      }
    },
    {
      "type": "Feature",
      "id": 22,
      "properties": {
        "id": 22,
        "nama_desa": "Sindangwangi",
        "nama_kecamatan": "Sumber",
        "nama_kabupaten": "Kabupaten Cirebon",
        "provinsi": "Jawa Barat",
        "luas_hektar": 843,
        "keliling_km": 14.44,
        "foto_gallery": [
          {
            "url": "/images/foto_kantor-desa-sindangjawa.png",
            "caption": "Dokumentasi pusat administrasi wilayah kelurahan/desa Sindangwangi."
          },
          {
            "url": "/images/foto_kawasan-znt-sumber.jpg",
            "caption": "Bentang lanskap dan penggunaan lahan di wilayah Sindangwangi."
          },
          {
            "url": "/images/foto_kantor-bupati-cirebon.jpg",
            "caption": "Kawasan integrasi tata ruang Kabupaten Cirebon."
          }
        ]
      },
      "geometry": {
        "type": "MultiPolygon",
        "coordinates": [
          [
            [
              [
                108.467489,
                -6.770009
              ],
              [
                108.467906,
                -6.770487
              ],
              [
                108.46849499900011,
                -6.771154001
              ],
              [
                108.46982399900013,
                -6.772049000999971
              ],
              [
                108.471325,
                -6.772791
              ],
              [
                108.473723,
                -6.773864000999954
              ],
              [
                108.47444499900011,
                -6.774163
              ],
              [
                108.47547300100008,
                -6.774831
              ],
              [
                108.47665,
                -6.77547
              ],
              [
                108.4775300000001,
                -6.775778
              ],
              [
                108.478337,
                -6.775868
              ],
              [
                108.47945600000011,
                -6.775970000999944
              ],
              [
                108.479512,
                -6.776431
              ],
              [
                108.47976899900009,
                -6.776951
              ],
              [
                108.48021499900004,
                -6.777607000999943
              ],
              [
                108.480369,
                -6.77786
              ],
              [
                108.48050500100005,
                -6.778113
              ],
              [
                108.480717,
                -6.778413
              ],
              [
                108.480819001,
                -6.778597
              ],
              [
                108.48087300000012,
                -6.779007000999961
              ],
              [
                108.48087300000012,
                -6.779009000999949
              ],
              [
                108.480871,
                -6.779194
              ],
              [
                108.480943,
                -6.779626
              ],
              [
                108.48103500000012,
                -6.779873
              ],
              [
                108.481157,
                -6.780103
              ],
              [
                108.481158,
                -6.780104000999955
              ],
              [
                108.481209,
                -6.78041
              ],
              [
                108.481379,
                -6.7809
              ],
              [
                108.481611,
                -6.781103
              ],
              [
                108.48190500100007,
                -6.78129
              ],
              [
                108.48237,
                -6.781394
              ],
              [
                108.48268,
                -6.781449
              ],
              [
                108.483472,
                -6.781500000999909
              ],
              [
                108.483775,
                -6.781234001000016
              ],
              [
                108.484149,
                -6.780974
              ],
              [
                108.484401,
                -6.780879
              ],
              [
                108.484717,
                -6.780829
              ],
              [
                108.4851280000001,
                -6.780866
              ],
              [
                108.485427,
                -6.780912
              ],
              [
                108.48603300000012,
                -6.780935
              ],
              [
                108.48641500000011,
                -6.780872
              ],
              [
                108.4868670000001,
                -6.780798
              ],
              [
                108.487104,
                -6.780801
              ],
              [
                108.487674,
                -6.780956
              ],
              [
                108.488103,
                -6.780929
              ],
              [
                108.488243,
                -6.780934
              ],
              [
                108.48842500100005,
                -6.780834
              ],
              [
                108.48876534200006,
                -6.780664893999912
              ],
              [
                108.488904,
                -6.780596
              ],
              [
                108.4891920000001,
                -6.780687000999965
              ],
              [
                108.489432,
                -6.780906
              ],
              [
                108.490004,
                -6.78149000099997
              ],
              [
                108.490423,
                -6.781922
              ],
              [
                108.490487,
                -6.782102
              ],
              [
                108.4904640000001,
                -6.782225000999944
              ],
              [
                108.490332,
                -6.782752000999938
              ],
              [
                108.49033600100007,
                -6.783173
              ],
              [
                108.490302999,
                -6.783862
              ],
              [
                108.49021,
                -6.783945000999971
              ],
              [
                108.489988,
                -6.784059
              ],
              [
                108.489762,
                -6.784098
              ],
              [
                108.48950099900009,
                -6.784053
              ],
              [
                108.48932992000006,
                -6.784032446999923
              ],
              [
                108.48891,
                -6.783982
              ],
              [
                108.48876336500007,
                -6.784011975999917
              ],
              [
                108.48865278900007,
                -6.784034579000011
              ],
              [
                108.488548,
                -6.784056
              ],
              [
                108.488427,
                -6.784163
              ],
              [
                108.488258,
                -6.784373
              ],
              [
                108.488069,
                -6.78472
              ],
              [
                108.488009,
                -6.785052
              ],
              [
                108.488013,
                -6.785858
              ],
              [
                108.487936,
                -6.786074
              ],
              [
                108.487511,
                -6.786761
              ],
              [
                108.487282,
                -6.786792000999988
              ],
              [
                108.486807,
                -6.786893
              ],
              [
                108.486712,
                -6.786994
              ],
              [
                108.486494,
                -6.787382
              ],
              [
                108.48647599900009,
                -6.787453
              ],
              [
                108.486285,
                -6.788285
              ],
              [
                108.486012,
                -6.789126
              ],
              [
                108.4858590000001,
                -6.789605
              ],
              [
                108.485752,
                -6.789792
              ],
              [
                108.485607,
                -6.789915
              ],
              [
                108.485415,
                -6.789933001
              ],
              [
                108.48514,
                -6.789906
              ],
              [
                108.485131,
                -6.789905
              ],
              [
                108.48463,
                -6.78981200099993
              ],
              [
                108.484377,
                -6.789813001000013
              ],
              [
                108.484182,
                -6.789891
              ],
              [
                108.48409599900008,
                -6.790022
              ],
              [
                108.48409,
                -6.790164
              ],
              [
                108.48415,
                -6.790315
              ],
              [
                108.484552,
                -6.791053
              ],
              [
                108.484512,
                -6.791189
              ],
              [
                108.484284,
                -6.791567001000011
              ],
              [
                108.484067,
                -6.791807
              ],
              [
                108.48369099900005,
                -6.792122
              ],
              [
                108.48321,
                -6.792443
              ],
              [
                108.48303,
                -6.792433
              ],
              [
                108.482431,
                -6.792386000999919
              ],
              [
                108.482274,
                -6.792526000999956
              ],
              [
                108.482273,
                -6.792528000999944
              ],
              [
                108.481944,
                -6.79298
              ],
              [
                108.481936,
                -6.793102
              ],
              [
                108.48199900000012,
                -6.793297
              ],
              [
                108.48214300100004,
                -6.793582
              ],
              [
                108.48241899900005,
                -6.794067001
              ],
              [
                108.48251899900006,
                -6.794403
              ],
              [
                108.482517,
                -6.794683
              ],
              [
                108.482459,
                -6.794959
              ],
              [
                108.482458,
                -6.794964000999883
              ],
              [
                108.48235800100007,
                -6.795193
              ],
              [
                108.48219597647525,
                -6.795430460083065
              ],
              [
                108.48210911500017,
                -6.795555496999974
              ],
              [
                108.48194866469521,
                -6.795714707050184
              ],
              [
                108.481864,
                -6.795798000999966
              ],
              [
                108.48165846226237,
                -6.795914738021882
              ],
              [
                108.4816247121459,
                -6.79592745857618
              ],
              [
                108.4811530000001,
                -6.796104
              ],
              [
                108.48083561688591,
                -6.796253455540448
              ],
              [
                108.480773983,
                -6.796282193999971
              ],
              [
                108.4804230150001,
                -6.796531559
              ],
              [
                108.4803668179188,
                -6.796654003727422
              ],
              [
                108.480313,
                -6.796764
              ],
              [
                108.48017599900001,
                -6.797176
              ],
              [
                108.48003106413243,
                -6.797537415629453
              ],
              [
                108.47985844300011,
                -6.797959225999907
              ],
              [
                108.47959142600013,
                -6.798654899999914
              ],
              [
                108.47959136500003,
                -6.798654949999918
              ],
              [
                108.47933200199998,
                -6.798866157999985
              ],
              [
                108.47922391345946,
                -6.798916305572568
              ],
              [
                108.478934,
                -6.79905
              ],
              [
                108.47828606720547,
                -6.799145989895507
              ],
              [
                108.47824873692056,
                -6.799142193249931
              ],
              [
                108.47777700100002,
                -6.799094
              ],
              [
                108.4775050226552,
                -6.798933894915439
              ],
              [
                108.47737126900002,
                -6.798854720999927
              ],
              [
                108.47528845300018,
                -6.79718673199994
              ],
              [
                108.4744492000001,
                -6.796281708999931
              ],
              [
                108.47433362494932,
                -6.796155522866567
              ],
              [
                108.47422300100004,
                -6.796032000999965
              ],
              [
                108.47396769822475,
                -6.795747365627804
              ],
              [
                108.47375492800003,
                -6.795507788999934
              ],
              [
                108.473271966033,
                -6.794960750830949
              ],
              [
                108.473259,
                -6.794946
              ],
              [
                108.47286299900013,
                -6.794534000999921
              ],
              [
                108.47279291534277,
                -6.794445473632706
              ],
              [
                108.47261816700004,
                -6.79422222599997
              ],
              [
                108.47253886032254,
                -6.794123708592139
              ],
              [
                108.47243000100009,
                -6.793985
              ],
              [
                108.47175874804137,
                -6.793261316927037
              ],
              [
                108.4714584840001,
                -6.792936227999881
              ],
              [
                108.47124778023179,
                -6.792747917196486
              ],
              [
                108.47087300100006,
                -6.792411000999945
              ],
              [
                108.470125,
                -6.791869
              ],
              [
                108.46985025755332,
                -6.791710741522252
              ],
              [
                108.46944433800006,
                -6.791474708999925
              ],
              [
                108.46908747271536,
                -6.791373216391207
              ],
              [
                108.46892000000011,
                -6.791325
              ],
              [
                108.46891790035868,
                -6.791324990583149
              ],
              [
                108.46825414,
                -6.79132162799996
              ],
              [
                108.46825168314874,
                -6.791322003062962
              ],
              [
                108.468251,
                -6.791322
              ],
              [
                108.46792729061973,
                -6.791371524833824
              ],
              [
                108.46752935299997,
                -6.791432273999966
              ],
              [
                108.46724237279611,
                -6.791541405350944
              ],
              [
                108.46689400100009,
                -6.791673
              ],
              [
                108.46658200100002,
                -6.791816
              ],
              [
                108.4663060010001,
                -6.791482
              ],
              [
                108.465844,
                -6.790871
              ],
              [
                108.4652389990001,
                -6.790117
              ],
              [
                108.464411,
                -6.789107000999952
              ],
              [
                108.463916,
                -6.788716
              ],
              [
                108.463208,
                -6.788247
              ],
              [
                108.46235199900006,
                -6.787634
              ],
              [
                108.46142300000011,
                -6.787057
              ],
              [
                108.460853,
                -6.786625
              ],
              [
                108.46032,
                -6.785835
              ],
              [
                108.46011,
                -6.785178
              ],
              [
                108.46007299900006,
                -6.784858
              ],
              [
                108.459997,
                -6.784479
              ],
              [
                108.45992,
                -6.784264
              ],
              [
                108.459817,
                -6.78408000099995
              ],
              [
                108.45954599900006,
                -6.783854
              ],
              [
                108.45918,
                -6.783683
              ],
              [
                108.457948,
                -6.783728
              ],
              [
                108.457584,
                -6.783771
              ],
              [
                108.457577,
                -6.783771998999956
              ],
              [
                108.457388,
                -6.783769
              ],
              [
                108.456095,
                -6.7835
              ],
              [
                108.455739,
                -6.783466
              ],
              [
                108.455358,
                -6.783556
              ],
              [
                108.4550530010001,
                -6.783534000999982
              ],
              [
                108.45482699900005,
                -6.783465
              ],
              [
                108.45462700000012,
                -6.783268
              ],
              [
                108.45445599900009,
                -6.783072
              ],
              [
                108.45424299900004,
                -6.782959
              ],
              [
                108.45388100000012,
                -6.782873000999913
              ],
              [
                108.45375599900008,
                -6.782856
              ],
              [
                108.453744,
                -6.782784
              ],
              [
                108.453686,
                -6.782458000999949
              ],
              [
                108.453625,
                -6.782298
              ],
              [
                108.453520999,
                -6.782185
              ],
              [
                108.453375,
                -6.782117
              ],
              [
                108.453119,
                -6.782178
              ],
              [
                108.452902,
                -6.78227
              ],
              [
                108.451891,
                -6.782114
              ],
              [
                108.45143299900008,
                -6.781982
              ],
              [
                108.45128900100006,
                -6.781944
              ],
              [
                108.451068,
                -6.78197
              ],
              [
                108.450687,
                -6.782076
              ],
              [
                108.45039000000011,
                -6.782071
              ],
              [
                108.450361999,
                -6.782053000999923
              ],
              [
                108.450139,
                -6.781907
              ],
              [
                108.44980400000011,
                -6.781687998999921
              ],
              [
                108.449084,
                -6.78156800099994
              ],
              [
                108.44900800100007,
                -6.781563
              ],
              [
                108.448693,
                -6.781238
              ],
              [
                108.448438,
                -6.781
              ],
              [
                108.448075,
                -6.780349
              ],
              [
                108.447953,
                -6.779338
              ],
              [
                108.4480080000001,
                -6.778074
              ],
              [
                108.44799400100001,
                -6.777743001
              ],
              [
                108.447481,
                -6.776898
              ],
              [
                108.44725400100008,
                -6.776515
              ],
              [
                108.447156,
                -6.776018
              ],
              [
                108.44712000100009,
                -6.775841
              ],
              [
                108.446817,
                -6.77552
              ],
              [
                108.446701,
                -6.775407
              ],
              [
                108.446689,
                -6.775324
              ],
              [
                108.446774,
                -6.775202001
              ],
              [
                108.446995,
                -6.775065
              ],
              [
                108.44720399900011,
                -6.774979
              ],
              [
                108.44741499900007,
                -6.77494
              ],
              [
                108.447647,
                -6.774982
              ],
              [
                108.447868,
                -6.775098
              ],
              [
                108.448124,
                -6.775276
              ],
              [
                108.448309,
                -6.775354
              ],
              [
                108.448487,
                -6.775350998999976
              ],
              [
                108.448602,
                -6.775289998999902
              ],
              [
                108.448674,
                -6.775168
              ],
              [
                108.448692,
                -6.775004
              ],
              [
                108.448664,
                -6.774827
              ],
              [
                108.44847099900005,
                -6.774459
              ],
              [
                108.4483460000001,
                -6.7742
              ],
              [
                108.448306,
                -6.773894
              ],
              [
                108.44833,
                -6.77371
              ],
              [
                108.448434,
                -6.773545
              ],
              [
                108.44913199900012,
                -6.773081
              ],
              [
                108.449366,
                -6.772927
              ],
              [
                108.449488,
                -6.772695998999946
              ],
              [
                108.449533,
                -6.771961
              ],
              [
                108.449493,
                -6.771585
              ],
              [
                108.449456,
                -6.771203
              ],
              [
                108.4494700000001,
                -6.77106
              ],
              [
                108.449657,
                -6.770781
              ],
              [
                108.449774,
                -6.7706
              ],
              [
                108.449832,
                -6.7703
              ],
              [
                108.449784,
                -6.770086
              ],
              [
                108.450037,
                -6.77003900099993
              ],
              [
                108.450488,
                -6.769917000999961
              ],
              [
                108.450848,
                -6.769718
              ],
              [
                108.451439,
                -6.769323
              ],
              [
                108.451934,
                -6.769103
              ],
              [
                108.45238,
                -6.769006001
              ],
              [
                108.4532700000001,
                -6.768986
              ],
              [
                108.454135,
                -6.769164
              ],
              [
                108.455246,
                -6.769392
              ],
              [
                108.4561349990001,
                -6.769569
              ],
              [
                108.457198,
                -6.769748
              ],
              [
                108.45796399900009,
                -6.769826000999981
              ],
              [
                108.458261,
                -6.769803
              ],
              [
                108.45892100000013,
                -6.769725
              ],
              [
                108.459726,
                -6.769554
              ],
              [
                108.46002,
                -6.768918999999897
              ],
              [
                108.460144,
                -6.768486998999947
              ],
              [
                108.460207,
                -6.768313
              ],
              [
                108.46038499900003,
                -6.76808
              ],
              [
                108.46063500000011,
                -6.767888
              ],
              [
                108.460889,
                -6.767688
              ],
              [
                108.4609879990001,
                -6.767548
              ],
              [
                108.46099,
                -6.767424
              ],
              [
                108.460972,
                -6.767284
              ],
              [
                108.46104,
                -6.76714
              ],
              [
                108.4613,
                -6.766889
              ],
              [
                108.461688999,
                -6.766663
              ],
              [
                108.461862,
                -6.766556
              ],
              [
                108.46192699900007,
                -6.766494
              ],
              [
                108.462247,
                -6.76634
              ],
              [
                108.46253,
                -6.766223998999934
              ],
              [
                108.46308900000011,
                -6.766089
              ],
              [
                108.463475,
                -6.766036
              ],
              [
                108.463874,
                -6.76594200099996
              ],
              [
                108.464789,
                -6.765513999999897
              ],
              [
                108.465319,
                -6.766443
              ],
              [
                108.466058,
                -6.76752
              ],
              [
                108.466629,
                -6.768447998999918
              ],
              [
                108.467105,
                -6.769349
              ],
              [
                108.467489,
                -6.770009
              ]
            ]
          ]
        ]
      }
    },
    {
      "type": "Feature",
      "id": 23,
      "properties": {
        "id": 23,
        "nama_desa": "Babakan",
        "nama_kecamatan": "Sumber",
        "nama_kabupaten": "Kabupaten Cirebon",
        "provinsi": "Jawa Barat",
        "luas_hektar": 198,
        "keliling_km": 5.8,
        "foto_gallery": [
          {
            "url": "/images/foto_kantor-desa-sindangjawa.png",
            "caption": "Dokumentasi pusat administrasi wilayah kelurahan/desa Babakan."
          },
          {
            "url": "/images/foto_kawasan-znt-sumber.jpg",
            "caption": "Bentang lanskap dan penggunaan lahan di wilayah Babakan."
          },
          {
            "url": "/images/foto_kantor-bupati-cirebon.jpg",
            "caption": "Kawasan integrasi tata ruang Kabupaten Cirebon."
          }
        ]
      },
      "geometry": {
        "type": "MultiPolygon",
        "coordinates": [
          [
            [
              [
                108.488603,
                -6.766263
              ],
              [
                108.488609,
                -6.766508000999984
              ],
              [
                108.48853000000013,
                -6.766798000999909
              ],
              [
                108.488494,
                -6.767018000999904
              ],
              [
                108.4884610000001,
                -6.767528
              ],
              [
                108.488518,
                -6.767784
              ],
              [
                108.4886220000001,
                -6.768011
              ],
              [
                108.488809,
                -6.768417000999928
              ],
              [
                108.48895499900003,
                -6.768956
              ],
              [
                108.489154,
                -6.769396000999929
              ],
              [
                108.489306,
                -6.769688000999931
              ],
              [
                108.489564,
                -6.770269
              ],
              [
                108.48965000100007,
                -6.770667
              ],
              [
                108.489788,
                -6.771807
              ],
              [
                108.489835,
                -6.772826000999956
              ],
              [
                108.4897759990001,
                -6.773163
              ],
              [
                108.489603,
                -6.773633
              ],
              [
                108.489434,
                -6.774116000999932
              ],
              [
                108.4894550010001,
                -6.77439
              ],
              [
                108.489558,
                -6.774614
              ],
              [
                108.489721,
                -6.774793999999897
              ],
              [
                108.489971,
                -6.774903
              ],
              [
                108.490132,
                -6.775012000999904
              ],
              [
                108.49024199900002,
                -6.775145
              ],
              [
                108.49028700000011,
                -6.775316
              ],
              [
                108.4902880000001,
                -6.77536
              ],
              [
                108.49021700100009,
                -6.775423999999887
              ],
              [
                108.48994899900003,
                -6.775858
              ],
              [
                108.489663,
                -6.776293
              ],
              [
                108.489549,
                -6.776685000999951
              ],
              [
                108.489545,
                -6.7767
              ],
              [
                108.489545,
                -6.776701
              ],
              [
                108.489202,
                -6.778188
              ],
              [
                108.489093,
                -6.778795
              ],
              [
                108.489085,
                -6.778866
              ],
              [
                108.489025,
                -6.778928
              ],
              [
                108.48894,
                -6.779079
              ],
              [
                108.488688,
                -6.779428
              ],
              [
                108.48850200100011,
                -6.77953500099995
              ],
              [
                108.487882,
                -6.779883
              ],
              [
                108.487813,
                -6.780032
              ],
              [
                108.48783000000012,
                -6.780213
              ],
              [
                108.4879930000001,
                -6.780867998999931
              ],
              [
                108.488103,
                -6.780929
              ],
              [
                108.487674,
                -6.780956
              ],
              [
                108.487104,
                -6.780801
              ],
              [
                108.4868670000001,
                -6.780798
              ],
              [
                108.48641500000011,
                -6.780872
              ],
              [
                108.48603300000012,
                -6.780935
              ],
              [
                108.485427,
                -6.780912
              ],
              [
                108.4851280000001,
                -6.780866
              ],
              [
                108.484717,
                -6.780829
              ],
              [
                108.484401,
                -6.780879
              ],
              [
                108.484149,
                -6.780974
              ],
              [
                108.483775,
                -6.781234001000016
              ],
              [
                108.483472,
                -6.781500000999909
              ],
              [
                108.48268,
                -6.781449
              ],
              [
                108.48237,
                -6.781394
              ],
              [
                108.48190500100007,
                -6.78129
              ],
              [
                108.481611,
                -6.781103
              ],
              [
                108.481379,
                -6.7809
              ],
              [
                108.481209,
                -6.78041
              ],
              [
                108.481158,
                -6.780104000999955
              ],
              [
                108.481157,
                -6.780103
              ],
              [
                108.48103500000012,
                -6.779873
              ],
              [
                108.480943,
                -6.779626
              ],
              [
                108.480871,
                -6.779194
              ],
              [
                108.48087300000012,
                -6.779009000999949
              ],
              [
                108.48087300000012,
                -6.779007000999961
              ],
              [
                108.480819001,
                -6.778597
              ],
              [
                108.480717,
                -6.778413
              ],
              [
                108.48050500100005,
                -6.778113
              ],
              [
                108.480369,
                -6.77786
              ],
              [
                108.48021499900004,
                -6.777607000999943
              ],
              [
                108.47976899900009,
                -6.776951
              ],
              [
                108.479512,
                -6.776431
              ],
              [
                108.47945600000011,
                -6.775970000999944
              ],
              [
                108.478337,
                -6.775868
              ],
              [
                108.4775300000001,
                -6.775778
              ],
              [
                108.47665,
                -6.77547
              ],
              [
                108.47547300100008,
                -6.774831
              ],
              [
                108.47444499900011,
                -6.774163
              ],
              [
                108.474687,
                -6.773823
              ],
              [
                108.47500999900005,
                -6.773254
              ],
              [
                108.475427,
                -6.772415
              ],
              [
                108.475932,
                -6.771666
              ],
              [
                108.476661,
                -6.770609
              ],
              [
                108.47795200000012,
                -6.769242000999977
              ],
              [
                108.478994,
                -6.76828500100002
              ],
              [
                108.479177,
                -6.768107
              ],
              [
                108.479673,
                -6.767662
              ],
              [
                108.48005,
                -6.767289
              ],
              [
                108.480305,
                -6.767078998999978
              ],
              [
                108.48049,
                -6.766933
              ],
              [
                108.480727,
                -6.766749
              ],
              [
                108.481065,
                -6.766599
              ],
              [
                108.481428,
                -6.766483
              ],
              [
                108.481799,
                -6.766384
              ],
              [
                108.482314,
                -6.766295
              ],
              [
                108.482844,
                -6.76611900099995
              ],
              [
                108.48299,
                -6.766128
              ],
              [
                108.483648,
                -6.766102000999965
              ],
              [
                108.484843,
                -6.766052
              ],
              [
                108.48530300100002,
                -6.765985
              ],
              [
                108.486057,
                -6.766196000999926
              ],
              [
                108.4866200000001,
                -6.766258000999905
              ],
              [
                108.487636,
                -6.766258999999899
              ],
              [
                108.488603,
                -6.766263
              ]
            ]
          ]
        ]
      }
    },
    {
      "type": "Feature",
      "id": 24,
      "properties": {
        "id": 24,
        "nama_desa": "Cisaat",
        "nama_kecamatan": "Dukupuntang",
        "nama_kabupaten": "Kabupaten Cirebon",
        "provinsi": "Jawa Barat",
        "luas_hektar": 223,
        "keliling_km": 7.27,
        "foto_gallery": [
          {
            "url": "/images/foto_kantor-desa-sindangjawa.png",
            "caption": "Dokumentasi pusat administrasi wilayah kelurahan/desa Cisaat."
          },
          {
            "url": "/images/foto_kawasan-znt-sumber.jpg",
            "caption": "Bentang lanskap dan penggunaan lahan di wilayah Cisaat."
          },
          {
            "url": "/images/foto_kantor-bupati-cirebon.jpg",
            "caption": "Kawasan integrasi tata ruang Kabupaten Cirebon."
          }
        ]
      },
      "geometry": {
        "type": "MultiPolygon",
        "coordinates": [
          [
            [
              [
                108.449784,
                -6.770086
              ],
              [
                108.449832,
                -6.7703
              ],
              [
                108.449774,
                -6.7706
              ],
              [
                108.449657,
                -6.770781
              ],
              [
                108.4494700000001,
                -6.77106
              ],
              [
                108.449456,
                -6.771203
              ],
              [
                108.449493,
                -6.771585
              ],
              [
                108.449533,
                -6.771961
              ],
              [
                108.449488,
                -6.772695998999946
              ],
              [
                108.449366,
                -6.772927
              ],
              [
                108.44913199900012,
                -6.773081
              ],
              [
                108.448434,
                -6.773545
              ],
              [
                108.44833,
                -6.77371
              ],
              [
                108.448306,
                -6.773894
              ],
              [
                108.4483460000001,
                -6.7742
              ],
              [
                108.44847099900005,
                -6.774459
              ],
              [
                108.448664,
                -6.774827
              ],
              [
                108.448692,
                -6.775004
              ],
              [
                108.448674,
                -6.775168
              ],
              [
                108.448602,
                -6.775289998999902
              ],
              [
                108.448487,
                -6.775350998999976
              ],
              [
                108.448309,
                -6.775354
              ],
              [
                108.448124,
                -6.775276
              ],
              [
                108.447868,
                -6.775098
              ],
              [
                108.447647,
                -6.774982
              ],
              [
                108.44741499900007,
                -6.77494
              ],
              [
                108.44720399900011,
                -6.774979
              ],
              [
                108.446995,
                -6.775065
              ],
              [
                108.446774,
                -6.775202001
              ],
              [
                108.446689,
                -6.775324
              ],
              [
                108.446701,
                -6.775407
              ],
              [
                108.446817,
                -6.77552
              ],
              [
                108.44712000100009,
                -6.775841
              ],
              [
                108.447156,
                -6.776018
              ],
              [
                108.44725400100008,
                -6.776515
              ],
              [
                108.447481,
                -6.776898
              ],
              [
                108.44799400100001,
                -6.777743001
              ],
              [
                108.4480080000001,
                -6.778074
              ],
              [
                108.447953,
                -6.779338
              ],
              [
                108.448075,
                -6.780349
              ],
              [
                108.448438,
                -6.781
              ],
              [
                108.448693,
                -6.781238
              ],
              [
                108.44900800100007,
                -6.781563
              ],
              [
                108.449054,
                -6.781771
              ],
              [
                108.449213,
                -6.782766
              ],
              [
                108.449168,
                -6.782946
              ],
              [
                108.4490610000001,
                -6.783025
              ],
              [
                108.448923,
                -6.783066
              ],
              [
                108.4487979990001,
                -6.783103
              ],
              [
                108.448463,
                -6.783248
              ],
              [
                108.4483739990001,
                -6.783391
              ],
              [
                108.4483030095742,
                -6.783586973569513
              ],
              [
                108.44830176000008,
                -6.783585223999957
              ],
              [
                108.44807440600009,
                -6.783266904
              ],
              [
                108.44776923400006,
                -6.782922149999894
              ],
              [
                108.44757848000009,
                -6.782714251999924
              ],
              [
                108.44743354547491,
                -6.782610511624434
              ],
              [
                108.447344,
                -6.782545
              ],
              [
                108.44692626107216,
                -6.782403507782366
              ],
              [
                108.446723993,
                -6.78233467899987
              ],
              [
                108.44661468818644,
                -6.782285825344527
              ],
              [
                108.446375,
                -6.782178
              ],
              [
                108.446117,
                -6.782073
              ],
              [
                108.445614,
                -6.781915000999962
              ],
              [
                108.444031,
                -6.781403
              ],
              [
                108.44403097149741,
                -6.781403014720368
              ],
              [
                108.4440308090001,
                -6.781402961999962
              ],
              [
                108.44363406800005,
                -6.781607521999923
              ],
              [
                108.44346623700011,
                -6.781670945999931
              ],
              [
                108.44313055000013,
                -6.781772983999936
              ],
              [
                108.44235997000014,
                -6.781990407999984
              ],
              [
                108.44170385000004,
                -6.781927467999928
              ],
              [
                108.44036107800014,
                -6.781920793999909
              ],
              [
                108.43967442300007,
                -6.782063840999932
              ],
              [
                108.43924657870551,
                -6.782251872399804
              ],
              [
                108.43894,
                -6.782386000999942
              ],
              [
                108.438368,
                -6.782660000999964
              ],
              [
                108.4379250000001,
                -6.783016
              ],
              [
                108.43756032848036,
                -6.783368257170121
              ],
              [
                108.43721776400011,
                -6.783697010999969
              ],
              [
                108.43687276055049,
                -6.784013124803547
              ],
              [
                108.436383,
                -6.784459
              ],
              [
                108.435727,
                -6.785075
              ],
              [
                108.43548139543287,
                -6.785326038296493
              ],
              [
                108.43527226400008,
                -6.785537135999988
              ],
              [
                108.43509211414106,
                -6.785694764175034
              ],
              [
                108.434911,
                -6.785851
              ],
              [
                108.434826,
                -6.785696000999987
              ],
              [
                108.43464499900006,
                -6.78544899899989
              ],
              [
                108.434533,
                -6.785046
              ],
              [
                108.434274,
                -6.784458998999956
              ],
              [
                108.434264,
                -6.784439
              ],
              [
                108.43402200000011,
                -6.784123
              ],
              [
                108.433768,
                -6.78394
              ],
              [
                108.4335270010001,
                -6.783806
              ],
              [
                108.433382,
                -6.783632
              ],
              [
                108.43331599900004,
                -6.783445
              ],
              [
                108.433302,
                -6.783211998999985
              ],
              [
                108.43329699900008,
                -6.783028000999948
              ],
              [
                108.433134,
                -6.782848000999977
              ],
              [
                108.432424,
                -6.78197
              ],
              [
                108.432364,
                -6.781234
              ],
              [
                108.432402999,
                -6.780198
              ],
              [
                108.43243999900004,
                -6.779529
              ],
              [
                108.432477,
                -6.778761
              ],
              [
                108.432615,
                -6.778093
              ],
              [
                108.4327519990001,
                -6.777558
              ],
              [
                108.432889,
                -6.776924
              ],
              [
                108.432891,
                -6.776522
              ],
              [
                108.43272600100008,
                -6.77602
              ],
              [
                108.432394,
                -6.775483000999973
              ],
              [
                108.432263,
                -6.774981
              ],
              [
                108.432332,
                -6.774647
              ],
              [
                108.432468,
                -6.77428
              ],
              [
                108.43280500000013,
                -6.77374600099996
              ],
              [
                108.433039,
                -6.773444
              ],
              [
                108.433621,
                -6.773726
              ],
              [
                108.43435499900004,
                -6.773856
              ],
              [
                108.435242,
                -6.773861
              ],
              [
                108.436104,
                -6.773789
              ],
              [
                108.4372960000001,
                -6.773593
              ],
              [
                108.437728,
                -6.773393000999974
              ],
              [
                108.43816,
                -6.773117000999964
              ],
              [
                108.4385680000001,
                -6.772638
              ],
              [
                108.439002,
                -6.772058
              ],
              [
                108.439206,
                -6.77173
              ],
              [
                108.439487,
                -6.771378
              ],
              [
                108.43963400000011,
                -6.77085400099995
              ],
              [
                108.440225,
                -6.770672
              ],
              [
                108.44103200100005,
                -6.770408
              ],
              [
                108.442068,
                -6.770115
              ],
              [
                108.442905,
                -6.769911
              ],
              [
                108.44426600000011,
                -6.76968
              ],
              [
                108.445453,
                -6.769662
              ],
              [
                108.446392,
                -6.769741
              ],
              [
                108.447974,
                -6.769872
              ],
              [
                108.44930800000012,
                -6.770052
              ],
              [
                108.449784,
                -6.770086
              ]
            ]
          ]
        ]
      }
    },
    {
      "type": "Feature",
      "id": 25,
      "properties": {
        "id": 25,
        "nama_desa": "Kubang",
        "nama_kecamatan": "Talun",
        "nama_kabupaten": "Kabupaten Cirebon",
        "provinsi": "Jawa Barat",
        "luas_hektar": 149,
        "keliling_km": 7.39,
        "foto_gallery": [
          {
            "url": "/images/foto_kantor-desa-sindangjawa.png",
            "caption": "Dokumentasi pusat administrasi wilayah kelurahan/desa Kubang."
          },
          {
            "url": "/images/foto_kawasan-znt-sumber.jpg",
            "caption": "Bentang lanskap dan penggunaan lahan di wilayah Kubang."
          },
          {
            "url": "/images/foto_kantor-bupati-cirebon.jpg",
            "caption": "Kawasan integrasi tata ruang Kabupaten Cirebon."
          }
        ]
      },
      "geometry": {
        "type": "MultiPolygon",
        "coordinates": [
          [
            [
              [
                108.491689,
                -6.774643
              ],
              [
                108.49174599900003,
                -6.77485
              ],
              [
                108.491784,
                -6.775179
              ],
              [
                108.49170200000012,
                -6.77555
              ],
              [
                108.49161300000013,
                -6.775877
              ],
              [
                108.491593,
                -6.776056
              ],
              [
                108.4915730000001,
                -6.776397000999925
              ],
              [
                108.491674,
                -6.776875
              ],
              [
                108.49192,
                -6.777707
              ],
              [
                108.49202500000011,
                -6.777981
              ],
              [
                108.492129,
                -6.778135000999931
              ],
              [
                108.492384,
                -6.778509
              ],
              [
                108.4927420000001,
                -6.779134
              ],
              [
                108.492856,
                -6.779406
              ],
              [
                108.493021,
                -6.779684
              ],
              [
                108.493488,
                -6.780508000999898
              ],
              [
                108.493543,
                -6.780691
              ],
              [
                108.49355000100009,
                -6.780774
              ],
              [
                108.493679,
                -6.780989
              ],
              [
                108.4938,
                -6.781329
              ],
              [
                108.494156,
                -6.781698000999949
              ],
              [
                108.49441899900005,
                -6.781919000999938
              ],
              [
                108.49497500100004,
                -6.782244
              ],
              [
                108.495558,
                -6.782463000999918
              ],
              [
                108.496012,
                -6.782601000999968
              ],
              [
                108.496297,
                -6.782674
              ],
              [
                108.496987,
                -6.782777
              ],
              [
                108.496979,
                -6.782896
              ],
              [
                108.496966,
                -6.782998
              ],
              [
                108.496673,
                -6.783531
              ],
              [
                108.496452,
                -6.783893
              ],
              [
                108.496315,
                -6.784042
              ],
              [
                108.496001,
                -6.78425999900001
              ],
              [
                108.495831,
                -6.784425
              ],
              [
                108.4957380000001,
                -6.784701001
              ],
              [
                108.495673,
                -6.78561
              ],
              [
                108.495727,
                -6.786029001
              ],
              [
                108.495753,
                -6.786207
              ],
              [
                108.495448,
                -6.78686
              ],
              [
                108.495298,
                -6.787175
              ],
              [
                108.495229,
                -6.78732
              ],
              [
                108.49494500000013,
                -6.788567000999947
              ],
              [
                108.494638,
                -6.789706
              ],
              [
                108.494511,
                -6.790168999999892
              ],
              [
                108.494366,
                -6.790618998999911
              ],
              [
                108.494299,
                -6.790890998999945
              ],
              [
                108.49429599900007,
                -6.79109
              ],
              [
                108.49436300000012,
                -6.791316
              ],
              [
                108.49453099900008,
                -6.791588
              ],
              [
                108.4946069199361,
                -6.791707873584809
              ],
              [
                108.49460606000007,
                -6.791707876999943
              ],
              [
                108.49408726000013,
                -6.791716943999894
              ],
              [
                108.49408675655387,
                -6.791716986930886
              ],
              [
                108.494086,
                -6.791717
              ],
              [
                108.49397696025248,
                -6.791726349733331
              ],
              [
                108.49318697700015,
                -6.79179371499994
              ],
              [
                108.49192815700009,
                -6.791868574999917
              ],
              [
                108.49111180100005,
                -6.791929604999904
              ],
              [
                108.48977019700007,
                -6.792059674999919
              ],
              [
                108.48976903000015,
                -6.792059787999928
              ],
              [
                108.489454727378,
                -6.792070651674955
              ],
              [
                108.489122,
                -6.792082
              ],
              [
                108.48912127356526,
                -6.792082177299054
              ],
              [
                108.48912053000014,
                -6.792082202999918
              ],
              [
                108.48882960545116,
                -6.792153364012556
              ],
              [
                108.48823699900004,
                -6.792298
              ],
              [
                108.48823570748452,
                -6.79229863322708
              ],
              [
                108.488235504,
                -6.792298682999977
              ],
              [
                108.4881191769442,
                -6.792355767887994
              ],
              [
                108.487258,
                -6.792778000999935
              ],
              [
                108.486885050923,
                -6.792961445671477
              ],
              [
                108.48657994300007,
                -6.793111217999883
              ],
              [
                108.4864354852178,
                -6.793187740900965
              ],
              [
                108.485631,
                -6.793612000999929
              ],
              [
                108.48481786471056,
                -6.793925301664807
              ],
              [
                108.48473362900016,
                -6.793957604999925
              ],
              [
                108.48394017200006,
                -6.79425179899993
              ],
              [
                108.48361517301109,
                -6.794427460183663
              ],
              [
                108.482857,
                -6.794837
              ],
              [
                108.48235800100007,
                -6.795193
              ],
              [
                108.482458,
                -6.794964000999883
              ],
              [
                108.482459,
                -6.794959
              ],
              [
                108.482517,
                -6.794683
              ],
              [
                108.48251899900006,
                -6.794403
              ],
              [
                108.48241899900005,
                -6.794067001
              ],
              [
                108.48214300100004,
                -6.793582
              ],
              [
                108.48199900000012,
                -6.793297
              ],
              [
                108.481936,
                -6.793102
              ],
              [
                108.481944,
                -6.79298
              ],
              [
                108.482273,
                -6.792528000999944
              ],
              [
                108.482274,
                -6.792526000999956
              ],
              [
                108.482431,
                -6.792386000999919
              ],
              [
                108.48303,
                -6.792433
              ],
              [
                108.48321,
                -6.792443
              ],
              [
                108.48369099900005,
                -6.792122
              ],
              [
                108.484067,
                -6.791807
              ],
              [
                108.484284,
                -6.791567001000011
              ],
              [
                108.484512,
                -6.791189
              ],
              [
                108.484552,
                -6.791053
              ],
              [
                108.48415,
                -6.790315
              ],
              [
                108.48409,
                -6.790164
              ],
              [
                108.48409599900008,
                -6.790022
              ],
              [
                108.484182,
                -6.789891
              ],
              [
                108.484377,
                -6.789813001000013
              ],
              [
                108.48463,
                -6.78981200099993
              ],
              [
                108.485131,
                -6.789905
              ],
              [
                108.48514,
                -6.789906
              ],
              [
                108.485415,
                -6.789933001
              ],
              [
                108.485607,
                -6.789915
              ],
              [
                108.485752,
                -6.789792
              ],
              [
                108.4858590000001,
                -6.789605
              ],
              [
                108.486012,
                -6.789126
              ],
              [
                108.486285,
                -6.788285
              ],
              [
                108.48647599900009,
                -6.787453
              ],
              [
                108.486494,
                -6.787382
              ],
              [
                108.486712,
                -6.786994
              ],
              [
                108.486807,
                -6.786893
              ],
              [
                108.487282,
                -6.786792000999988
              ],
              [
                108.487511,
                -6.786761
              ],
              [
                108.487936,
                -6.786074
              ],
              [
                108.488013,
                -6.785858
              ],
              [
                108.488009,
                -6.785052
              ],
              [
                108.488069,
                -6.78472
              ],
              [
                108.488258,
                -6.784373
              ],
              [
                108.488427,
                -6.784163
              ],
              [
                108.488548,
                -6.784056
              ],
              [
                108.48865278900007,
                -6.784034579000011
              ],
              [
                108.48876336500007,
                -6.784011975999917
              ],
              [
                108.48891,
                -6.783982
              ],
              [
                108.48932992000006,
                -6.784032446999923
              ],
              [
                108.48950099900009,
                -6.784053
              ],
              [
                108.489762,
                -6.784098
              ],
              [
                108.489988,
                -6.784059
              ],
              [
                108.49021,
                -6.783945000999971
              ],
              [
                108.490302999,
                -6.783862
              ],
              [
                108.49033600100007,
                -6.783173
              ],
              [
                108.490332,
                -6.782752000999938
              ],
              [
                108.4904640000001,
                -6.782225000999944
              ],
              [
                108.490487,
                -6.782102
              ],
              [
                108.490423,
                -6.781922
              ],
              [
                108.490004,
                -6.78149000099997
              ],
              [
                108.489432,
                -6.780906
              ],
              [
                108.4891920000001,
                -6.780687000999965
              ],
              [
                108.488904,
                -6.780596
              ],
              [
                108.48876534200006,
                -6.780664893999912
              ],
              [
                108.48842500100005,
                -6.780834
              ],
              [
                108.488243,
                -6.780934
              ],
              [
                108.488103,
                -6.780929
              ],
              [
                108.4879930000001,
                -6.780867998999931
              ],
              [
                108.48783000000012,
                -6.780213
              ],
              [
                108.487813,
                -6.780032
              ],
              [
                108.487882,
                -6.779883
              ],
              [
                108.48850200100011,
                -6.77953500099995
              ],
              [
                108.488688,
                -6.779428
              ],
              [
                108.48894,
                -6.779079
              ],
              [
                108.489025,
                -6.778928
              ],
              [
                108.489085,
                -6.778866
              ],
              [
                108.489093,
                -6.778795
              ],
              [
                108.489202,
                -6.778188
              ],
              [
                108.489545,
                -6.776701
              ],
              [
                108.489545,
                -6.7767
              ],
              [
                108.489549,
                -6.776685000999951
              ],
              [
                108.489663,
                -6.776293
              ],
              [
                108.48994899900003,
                -6.775858
              ],
              [
                108.49021700100009,
                -6.775423999999887
              ],
              [
                108.4902880000001,
                -6.77536
              ],
              [
                108.49028700000011,
                -6.775316
              ],
              [
                108.49024199900002,
                -6.775145
              ],
              [
                108.490132,
                -6.775012000999904
              ],
              [
                108.489971,
                -6.774903
              ],
              [
                108.489721,
                -6.774793999999897
              ],
              [
                108.489558,
                -6.774614
              ],
              [
                108.4894550010001,
                -6.77439
              ],
              [
                108.489434,
                -6.774116000999932
              ],
              [
                108.491689,
                -6.774643
              ]
            ]
          ]
        ]
      }
    },
    {
      "type": "Feature",
      "id": 26,
      "properties": {
        "id": 26,
        "nama_desa": "Sarwadadi",
        "nama_kecamatan": "Talun",
        "nama_kabupaten": "Kabupaten Cirebon",
        "provinsi": "Jawa Barat",
        "luas_hektar": 198,
        "keliling_km": 6.73,
        "foto_gallery": [
          {
            "url": "/images/foto_kantor-desa-sindangjawa.png",
            "caption": "Dokumentasi pusat administrasi wilayah kelurahan/desa Sarwadadi."
          },
          {
            "url": "/images/foto_kawasan-znt-sumber.jpg",
            "caption": "Bentang lanskap dan penggunaan lahan di wilayah Sarwadadi."
          },
          {
            "url": "/images/foto_kantor-bupati-cirebon.jpg",
            "caption": "Kawasan integrasi tata ruang Kabupaten Cirebon."
          }
        ]
      },
      "geometry": {
        "type": "MultiPolygon",
        "coordinates": [
          [
            [
              [
                108.50685699900004,
                -6.778462999999892
              ],
              [
                108.50698,
                -6.778562000999912
              ],
              [
                108.507184,
                -6.778827
              ],
              [
                108.507623,
                -6.779282
              ],
              [
                108.507817,
                -6.779237
              ],
              [
                108.508197,
                -6.779227000999956
              ],
              [
                108.508327,
                -6.779241
              ],
              [
                108.508329,
                -6.77924600099993
              ],
              [
                108.508429,
                -6.779507
              ],
              [
                108.508443,
                -6.779713000999934
              ],
              [
                108.50837400100005,
                -6.779932
              ],
              [
                108.50827500000013,
                -6.780145
              ],
              [
                108.508204,
                -6.780372
              ],
              [
                108.50818900000012,
                -6.780584
              ],
              [
                108.5082790000001,
                -6.780792
              ],
              [
                108.508541,
                -6.781073000999928
              ],
              [
                108.508798,
                -6.78125
              ],
              [
                108.5092149990001,
                -6.781538
              ],
              [
                108.509504,
                -6.781734
              ],
              [
                108.509729,
                -6.781998
              ],
              [
                108.5097690000001,
                -6.782188
              ],
              [
                108.5097390010001,
                -6.782278
              ],
              [
                108.50959099900003,
                -6.782364000999987
              ],
              [
                108.509273,
                -6.782414
              ],
              [
                108.508898,
                -6.782428
              ],
              [
                108.50884200100005,
                -6.782429998999941
              ],
              [
                108.508692,
                -6.78247
              ],
              [
                108.508503,
                -6.782705
              ],
              [
                108.508201,
                -6.783069000999966
              ],
              [
                108.507954,
                -6.783392
              ],
              [
                108.50785300000011,
                -6.783603
              ],
              [
                108.507798,
                -6.783912
              ],
              [
                108.507815,
                -6.784098
              ],
              [
                108.507937,
                -6.784156
              ],
              [
                108.50807800100007,
                -6.784193
              ],
              [
                108.50821900100001,
                -6.784317
              ],
              [
                108.50822399900008,
                -6.784319998999912
              ],
              [
                108.5083500000001,
                -6.784574
              ],
              [
                108.50839400100001,
                -6.784765000999961
              ],
              [
                108.50837500100005,
                -6.784953
              ],
              [
                108.50826199900011,
                -6.785139
              ],
              [
                108.508129,
                -6.785326
              ],
              [
                108.5080590000001,
                -6.785544
              ],
              [
                108.508076,
                -6.78594
              ],
              [
                108.50811,
                -6.78607399899991
              ],
              [
                108.50821900100001,
                -6.786182
              ],
              [
                108.508704,
                -6.786096
              ],
              [
                108.50903600100011,
                -6.786042
              ],
              [
                108.509645,
                -6.786094
              ],
              [
                108.509771,
                -6.786119999999897
              ],
              [
                108.509829,
                -6.786197
              ],
              [
                108.50982,
                -6.786262
              ],
              [
                108.509804,
                -6.786392
              ],
              [
                108.509727,
                -6.786539000999927
              ],
              [
                108.50952799900006,
                -6.786689
              ],
              [
                108.509171,
                -6.78684700099992
              ],
              [
                108.508987,
                -6.786918
              ],
              [
                108.508954,
                -6.786923
              ],
              [
                108.508929,
                -6.786951
              ],
              [
                108.50881500000013,
                -6.78717
              ],
              [
                108.50882200100008,
                -6.787318000999988
              ],
              [
                108.508929,
                -6.787999
              ],
              [
                108.509176,
                -6.788327
              ],
              [
                108.509454,
                -6.788699
              ],
              [
                108.50955399900008,
                -6.788903998999942
              ],
              [
                108.50944400100012,
                -6.789422
              ],
              [
                108.509382,
                -6.789692
              ],
              [
                108.50919200100006,
                -6.790362000999963
              ],
              [
                108.508991,
                -6.790712000999967
              ],
              [
                108.508413,
                -6.791154
              ],
              [
                108.508305,
                -6.791255
              ],
              [
                108.508291,
                -6.791268
              ],
              [
                108.50839100100004,
                -6.791647000999969
              ],
              [
                108.508495,
                -6.792111
              ],
              [
                108.508516,
                -6.792263
              ],
              [
                108.508547,
                -6.792543
              ],
              [
                108.508615,
                -6.792704
              ],
              [
                108.50890399900003,
                -6.792944
              ],
              [
                108.509239,
                -6.793165000999981
              ],
              [
                108.509465,
                -6.79335
              ],
              [
                108.509571,
                -6.793498
              ],
              [
                108.50957483841604,
                -6.793504397359975
              ],
              [
                108.50957494500003,
                -6.793507477999896
              ],
              [
                108.50959173459677,
                -6.793555478144732
              ],
              [
                108.50960400000012,
                -6.793595
              ],
              [
                108.50958904476725,
                -6.793623575176923
              ],
              [
                108.509544431,
                -6.793702003999915
              ],
              [
                108.50940867504943,
                -6.793819388182289
              ],
              [
                108.50931299900012,
                -6.7939
              ],
              [
                108.5091713233188,
                -6.793923313345076
              ],
              [
                108.50899568306232,
                -6.793951809000511
              ],
              [
                108.508796,
                -6.793923
              ],
              [
                108.5087887304281,
                -6.793920510744346
              ],
              [
                108.50846867500016,
                -6.793810255999901
              ],
              [
                108.50846669049213,
                -6.793810237439104
              ],
              [
                108.508466,
                -6.793810000999969
              ],
              [
                108.50837557426361,
                -6.793809385243723
              ],
              [
                108.50831610100015,
                -6.793808828999961
              ],
              [
                108.50801854600013,
                -6.794022940999913
              ],
              [
                108.50793164990235,
                -6.794130425280056
              ],
              [
                108.50775605054179,
                -6.794343937330229
              ],
              [
                108.50768626114201,
                -6.79434637608103
              ],
              [
                108.50716953645,
                -6.794363981722242
              ],
              [
                108.50695262789026,
                -6.794325816686488
              ],
              [
                108.506761,
                -6.794292
              ],
              [
                108.506695507432,
                -6.794259142711613
              ],
              [
                108.50646978700014,
                -6.794144032999984
              ],
              [
                108.50620932895417,
                -6.794048696524381
              ],
              [
                108.505992,
                -6.793968000999897
              ],
              [
                108.50578588170757,
                -6.793929045135762
              ],
              [
                108.50557714400018,
                -6.793888936999927
              ],
              [
                108.50540985330574,
                -6.793871245357554
              ],
              [
                108.505084,
                -6.793835999999899
              ],
              [
                108.504324,
                -6.793797
              ],
              [
                108.50380955355098,
                -6.793838697415612
              ],
              [
                108.50337224696652,
                -6.793873668567098
              ],
              [
                108.5030610000001,
                -6.793815000999938
              ],
              [
                108.50256347814012,
                -6.793741070901362
              ],
              [
                108.50252694760837,
                -6.793719164807179
              ],
              [
                108.502208,
                -6.793525998999918
              ],
              [
                108.50164300100002,
                -6.792758000999967
              ],
              [
                108.500743,
                -6.791205999999896
              ],
              [
                108.50047012098327,
                -6.791102887621793
              ],
              [
                108.50026708600004,
                -6.791025525999974
              ],
              [
                108.50026521248509,
                -6.791025459159929
              ],
              [
                108.500264,
                -6.791025001000019
              ],
              [
                108.500001,
                -6.791016
              ],
              [
                108.50000088635086,
                -6.791016028980536
              ],
              [
                108.50000004599997,
                -6.791015998999896
              ],
              [
                108.49944311400007,
                -6.79115761999989
              ],
              [
                108.49903855304511,
                -6.791250271828055
              ],
              [
                108.49839700000011,
                -6.791396998999979
              ],
              [
                108.498143,
                -6.791432000999944
              ],
              [
                108.49686100000012,
                -6.791552000999925
              ],
              [
                108.49612478648073,
                -6.791616309611072
              ],
              [
                108.49509434500014,
                -6.791705990999965
              ],
              [
                108.4946085780001,
                -6.791707866999943
              ],
              [
                108.4946069199361,
                -6.791707873584809
              ],
              [
                108.49453099900008,
                -6.791588
              ],
              [
                108.49436300000012,
                -6.791316
              ],
              [
                108.49429599900007,
                -6.79109
              ],
              [
                108.494299,
                -6.790890998999945
              ],
              [
                108.494366,
                -6.790618998999911
              ],
              [
                108.494511,
                -6.790168999999892
              ],
              [
                108.494638,
                -6.789706
              ],
              [
                108.49494500000013,
                -6.788567000999947
              ],
              [
                108.495229,
                -6.78732
              ],
              [
                108.495298,
                -6.787175
              ],
              [
                108.495448,
                -6.78686
              ],
              [
                108.495753,
                -6.786207
              ],
              [
                108.495727,
                -6.786029001
              ],
              [
                108.495673,
                -6.78561
              ],
              [
                108.4957380000001,
                -6.784701001
              ],
              [
                108.495831,
                -6.784425
              ],
              [
                108.496001,
                -6.78425999900001
              ],
              [
                108.496315,
                -6.784042
              ],
              [
                108.496452,
                -6.783893
              ],
              [
                108.496673,
                -6.783531
              ],
              [
                108.496966,
                -6.782998
              ],
              [
                108.496979,
                -6.782896
              ],
              [
                108.496987,
                -6.782777
              ],
              [
                108.497408,
                -6.782725
              ],
              [
                108.497805,
                -6.782625
              ],
              [
                108.498804,
                -6.78222
              ],
              [
                108.499466,
                -6.781916
              ],
              [
                108.5,
                -6.7815267299999
              ],
              [
                108.500001,
                -6.781526
              ],
              [
                108.50046,
                -6.781001
              ],
              [
                108.500675,
                -6.780507000999904
              ],
              [
                108.501012,
                -6.780217
              ],
              [
                108.501983,
                -6.779788
              ],
              [
                108.502348,
                -6.779752000999963
              ],
              [
                108.503091,
                -6.779509
              ],
              [
                108.50332200100011,
                -6.779591
              ],
              [
                108.504124,
                -6.780035
              ],
              [
                108.50429500100006,
                -6.780032
              ],
              [
                108.50464,
                -6.779757998999926
              ],
              [
                108.505404,
                -6.779312
              ],
              [
                108.506008,
                -6.778763
              ],
              [
                108.505965,
                -6.778446
              ],
              [
                108.50662,
                -6.778392
              ],
              [
                108.50685699900004,
                -6.778462999999892
              ]
            ]
          ]
        ]
      }
    },
    {
      "type": "Feature",
      "id": 29,
      "properties": {
        "id": 29,
        "nama_desa": "Matangaji",
        "nama_kecamatan": "Sumber",
        "nama_kabupaten": "Kabupaten Cirebon",
        "provinsi": "Jawa Barat",
        "luas_hektar": 198,
        "keliling_km": 6.75,
        "foto_gallery": [
          {
            "url": "/images/foto_kantor-desa-sindangjawa.png",
            "caption": "Dokumentasi pusat administrasi wilayah kelurahan/desa Matangaji."
          },
          {
            "url": "/images/foto_kawasan-znt-sumber.jpg",
            "caption": "Bentang lanskap dan penggunaan lahan di wilayah Matangaji."
          },
          {
            "url": "/images/foto_kantor-bupati-cirebon.jpg",
            "caption": "Kawasan integrasi tata ruang Kabupaten Cirebon."
          }
        ]
      },
      "geometry": {
        "type": "MultiPolygon",
        "coordinates": [
          [
            [
              [
                108.46658200100002,
                -6.791816
              ],
              [
                108.466436,
                -6.791883
              ],
              [
                108.4661621210263,
                -6.792135725719596
              ],
              [
                108.46594243900022,
                -6.792336812999935
              ],
              [
                108.46579867929306,
                -6.79255203964
              ],
              [
                108.46545,
                -6.793068000999948
              ],
              [
                108.465055,
                -6.793783
              ],
              [
                108.46484372365236,
                -6.794307842108839
              ],
              [
                108.46470646900018,
                -6.794645200999884
              ],
              [
                108.4646220151353,
                -6.794963476499174
              ],
              [
                108.464475,
                -6.795508000999952
              ],
              [
                108.464111,
                -6.796402
              ],
              [
                108.46404769538204,
                -6.796489085948256
              ],
              [
                108.46372989800011,
                -6.796922107999894
              ],
              [
                108.46343013000018,
                -6.797221300223246
              ],
              [
                108.463224,
                -6.797425
              ],
              [
                108.4628596130171,
                -6.797746164803666
              ],
              [
                108.46261603600014,
                -6.797959682999945
              ],
              [
                108.46226417834495,
                -6.798133895805549
              ],
              [
                108.462126,
                -6.798202
              ],
              [
                108.461325,
                -6.798458
              ],
              [
                108.46052520362234,
                -6.798665948057938
              ],
              [
                108.45983889900013,
                -6.79875981399989
              ],
              [
                108.45890812600013,
                -6.79878795899991
              ],
              [
                108.45887982572015,
                -6.798793626137957
              ],
              [
                108.45774600100007,
                -6.79902
              ],
              [
                108.45740830242066,
                -6.799018450928653
              ],
              [
                108.45709235000008,
                -6.799016843999929
              ],
              [
                108.45594405210971,
                -6.799123780326124
              ],
              [
                108.45598594706894,
                -6.798947971870863
              ],
              [
                108.45600133700005,
                -6.798888569999885
              ],
              [
                108.45610052300009,
                -6.798666841999925
              ],
              [
                108.45623022200007,
                -6.798346871999918
              ],
              [
                108.45624002966515,
                -6.798318772034186
              ],
              [
                108.45642399900002,
                -6.797801
              ],
              [
                108.45650498515958,
                -6.797580040490161
              ],
              [
                108.45684056700003,
                -6.797281634999887
              ],
              [
                108.45691132409684,
                -6.797193386372548
              ],
              [
                108.45700200100006,
                -6.797081999999889
              ],
              [
                108.45704346301096,
                -6.796977783266779
              ],
              [
                108.45707706900006,
                -6.796895871999943
              ],
              [
                108.45708601302292,
                -6.796857713786466
              ],
              [
                108.45710999900004,
                -6.796766
              ],
              [
                108.45724,
                -6.796336
              ],
              [
                108.45724787905674,
                -6.796244231700356
              ],
              [
                108.45726018100011,
                -6.796138176999957
              ],
              [
                108.45722205000007,
                -6.795905954999927
              ],
              [
                108.45714573900005,
                -6.795694720999947
              ],
              [
                108.45705356955084,
                -6.795555021905432
              ],
              [
                108.456936,
                -6.795370999999896
              ],
              [
                108.456788,
                -6.795082998999959
              ],
              [
                108.45677327205762,
                -6.79504031832461
              ],
              [
                108.45674138200017,
                -6.794941328999961
              ],
              [
                108.45661168200002,
                -6.794808751999916
              ],
              [
                108.45659378063252,
                -6.794801191363355
              ],
              [
                108.45658299900003,
                -6.794796
              ],
              [
                108.456406,
                -6.794713998999981
              ],
              [
                108.4564057891075,
                -6.794713914973595
              ],
              [
                108.45640569277256,
                -6.794713876590698
              ],
              [
                108.456149999,
                -6.794612
              ],
              [
                108.45599599900005,
                -6.79447
              ],
              [
                108.455905,
                -6.794278000999967
              ],
              [
                108.455859,
                -6.794056
              ],
              [
                108.455826,
                -6.793862
              ],
              [
                108.45545199900008,
                -6.793600001
              ],
              [
                108.45540795153333,
                -6.793567564100258
              ],
              [
                108.45521552100004,
                -6.793424003999917
              ],
              [
                108.45515405206042,
                -6.793342276506078
              ],
              [
                108.4550810000001,
                -6.793241
              ],
              [
                108.4549640000001,
                -6.792966
              ],
              [
                108.45496210071546,
                -6.792887355545975
              ],
              [
                108.45494086399997,
                -6.791848066999908
              ],
              [
                108.45492810130764,
                -6.791711738771202
              ],
              [
                108.454921,
                -6.791603
              ],
              [
                108.45482200100008,
                -6.791513
              ],
              [
                108.454769,
                -6.791474000999955
              ],
              [
                108.45453258961518,
                -6.79135210097175
              ],
              [
                108.45451358400014,
                -6.79134213099988
              ],
              [
                108.45378118000012,
                -6.791067956999932
              ],
              [
                108.45371251000012,
                -6.790960187999897
              ],
              [
                108.453709289646,
                -6.790960453356966
              ],
              [
                108.4537090000001,
                -6.79096
              ],
              [
                108.45253748697147,
                -6.791056877036496
              ],
              [
                108.45242084368861,
                -6.790879916729555
              ],
              [
                108.452205,
                -6.790548
              ],
              [
                108.45211207675135,
                -6.790380738152237
              ],
              [
                108.45211033800007,
                -6.790377504999913
              ],
              [
                108.45215611000013,
                -6.789894006999965
              ],
              [
                108.452183548004,
                -6.789639740370792
              ],
              [
                108.45218700100011,
                -6.789611
              ],
              [
                108.4521825185123,
                -6.789585599840688
              ],
              [
                108.45214849400003,
                -6.789373272999867
              ],
              [
                108.45188145300006,
                -6.789025181999932
              ],
              [
                108.45167546599997,
                -6.788823957999892
              ],
              [
                108.45102696599996,
                -6.788555973999923
              ],
              [
                108.45097541198176,
                -6.788532716811659
              ],
              [
                108.450787,
                -6.788446
              ],
              [
                108.450587,
                -6.788184
              ],
              [
                108.45039699900006,
                -6.787978000999974
              ],
              [
                108.450152,
                -6.787714
              ],
              [
                108.45003685843008,
                -6.787546700282878
              ],
              [
                108.45003513900005,
                -6.787544149999871
              ],
              [
                108.45002989748271,
                -6.78751251373453
              ],
              [
                108.449953,
                -6.787038
              ],
              [
                108.44994347908147,
                -6.786980874828565
              ],
              [
                108.4499283370001,
                -6.786869874999947
              ],
              [
                108.44988851457315,
                -6.786796287049814
              ],
              [
                108.44987599900013,
                -6.786771000999938
              ],
              [
                108.44981903412047,
                -6.786615566036371
              ],
              [
                108.44980625400004,
                -6.786579983999943
              ],
              [
                108.44975286500015,
                -6.786292922999905
              ],
              [
                108.44973067194947,
                -6.786211685456902
              ],
              [
                108.449702,
                -6.786097
              ],
              [
                108.44956299900007,
                -6.785878000999947
              ],
              [
                108.44935,
                -6.785721000999924
              ],
              [
                108.44904554339779,
                -6.785672928162658
              ],
              [
                108.44887548000011,
                -6.785645848999923
              ],
              [
                108.44861608000024,
                -6.785616276999875
              ],
              [
                108.44854949100893,
                -6.785585387752359
              ],
              [
                108.448474,
                -6.785549
              ],
              [
                108.44845287304801,
                -6.785530220487026
              ],
              [
                108.44844060800001,
                -6.785517575999968
              ],
              [
                108.44841040216912,
                -6.785442091601681
              ],
              [
                108.448382,
                -6.785365
              ],
              [
                108.44815611678135,
                -6.785111776449295
              ],
              [
                108.44803622600013,
                -6.784975901999914
              ],
              [
                108.44792180800007,
                -6.7848404709999
              ],
              [
                108.44790165180284,
                -6.784766564796787
              ],
              [
                108.4478770000001,
                -6.784672999999898
              ],
              [
                108.44790000100005,
                -6.784479
              ],
              [
                108.448145,
                -6.784162
              ],
              [
                108.448283,
                -6.784014
              ],
              [
                108.44829900000012,
                -6.783859
              ],
              [
                108.44830269596285,
                -6.783607674531346
              ],
              [
                108.44830326700011,
                -6.783587333999954
              ],
              [
                108.4483030095742,
                -6.783586973569513
              ],
              [
                108.4483739990001,
                -6.783391
              ],
              [
                108.448463,
                -6.783248
              ],
              [
                108.4487979990001,
                -6.783103
              ],
              [
                108.448923,
                -6.783066
              ],
              [
                108.4490610000001,
                -6.783025
              ],
              [
                108.449168,
                -6.782946
              ],
              [
                108.449213,
                -6.782766
              ],
              [
                108.449054,
                -6.781771
              ],
              [
                108.44900800100007,
                -6.781563
              ],
              [
                108.449084,
                -6.78156800099994
              ],
              [
                108.44980400000011,
                -6.781687998999921
              ],
              [
                108.450139,
                -6.781907
              ],
              [
                108.450361999,
                -6.782053000999923
              ],
              [
                108.45039000000011,
                -6.782071
              ],
              [
                108.450687,
                -6.782076
              ],
              [
                108.451068,
                -6.78197
              ],
              [
                108.45128900100006,
                -6.781944
              ],
              [
                108.45143299900008,
                -6.781982
              ],
              [
                108.451891,
                -6.782114
              ],
              [
                108.452902,
                -6.78227
              ],
              [
                108.453119,
                -6.782178
              ],
              [
                108.453375,
                -6.782117
              ],
              [
                108.453520999,
                -6.782185
              ],
              [
                108.453625,
                -6.782298
              ],
              [
                108.453686,
                -6.782458000999949
              ],
              [
                108.453744,
                -6.782784
              ],
              [
                108.45375599900008,
                -6.782856
              ],
              [
                108.45388100000012,
                -6.782873000999913
              ],
              [
                108.45424299900004,
                -6.782959
              ],
              [
                108.45445599900009,
                -6.783072
              ],
              [
                108.45462700000012,
                -6.783268
              ],
              [
                108.45482699900005,
                -6.783465
              ],
              [
                108.4550530010001,
                -6.783534000999982
              ],
              [
                108.455358,
                -6.783556
              ],
              [
                108.455739,
                -6.783466
              ],
              [
                108.456095,
                -6.7835
              ],
              [
                108.457388,
                -6.783769
              ],
              [
                108.457577,
                -6.783771998999956
              ],
              [
                108.457584,
                -6.783771
              ],
              [
                108.457948,
                -6.783728
              ],
              [
                108.45918,
                -6.783683
              ],
              [
                108.45954599900006,
                -6.783854
              ],
              [
                108.459817,
                -6.78408000099995
              ],
              [
                108.45992,
                -6.784264
              ],
              [
                108.459997,
                -6.784479
              ],
              [
                108.46007299900006,
                -6.784858
              ],
              [
                108.46011,
                -6.785178
              ],
              [
                108.46032,
                -6.785835
              ],
              [
                108.460853,
                -6.786625
              ],
              [
                108.46142300000011,
                -6.787057
              ],
              [
                108.46235199900006,
                -6.787634
              ],
              [
                108.463208,
                -6.788247
              ],
              [
                108.463916,
                -6.788716
              ],
              [
                108.464411,
                -6.789107000999952
              ],
              [
                108.4652389990001,
                -6.790117
              ],
              [
                108.465844,
                -6.790871
              ],
              [
                108.4663060010001,
                -6.791482
              ],
              [
                108.46658200100002,
                -6.791816
              ]
            ]
          ]
        ]
      }
    }
  ]
}