{
  "type": "FeatureCollection",
  "name": "jaringan_jalan",
  "features": [
    {
      "type": "Feature",
      "id": 1,
      "properties": {
        "id": 1,
        "nama_ruas": "Jl. Pangeran Cakrabuana",
        "fungsi_jalan": "Kolektor Primer",
        "lebar_ruas": "10 meter",
        "kecepatan_rencana": "50 km/jam",
        "kondisi": "Baik (Aspal Hotmix)",
        "kewenangan": "Kabupaten",
        "panjang_km": 2.31,
        "foto_gallery": [
          {
            "url": "/images/foto_kawasan-znt-sumber.jpg",
            "caption": "Kondisi fisik perkerasan jalan dan akses koridor Jl. Pangeran Cakrabuana."
          },
          {
            "url": "/images/foto_pasar-sumber-cirebon.jpg",
            "caption": "Kawasan bangkitan aktivitas komersial di sepanjang jalur jalan."
          }
        ]
      },
      "geometry": {
        "type": "MultiLineString",
        "coordinates": [
          [
            [
              108.49966156700006,
              -6.771231503
            ],
            [
              108.49979140600006,
              -6.771318774999944
            ],
            [
              108.4999744720001,
              -6.771191653999907
            ],
            [
              108.50000083100007,
              -6.771173335
            ],
            [
              108.50020647200002,
              -6.771030441999891
            ],
            [
              108.50047289900004,
              -6.770906297999922
            ],
            [
              108.5007010910001,
              -6.770864859999957
            ],
            [
              108.50076171900004,
              -6.770861465999943
            ],
            [
              108.50228972100008,
              -6.770271647
            ],
            [
              108.50288257900012,
              -6.769912582999947
            ],
            [
              108.50309218400004,
              -6.769772301999975
            ],
            [
              108.50331094900011,
              -6.769740826999946
            ],
            [
              108.50354637100006,
              -6.769719063000011
            ],
            [
              108.50389643900006,
              -6.769420223999887
            ],
            [
              108.50407030600006,
              -6.769409729999907
            ],
            [
              108.50434846700007,
              -6.769447398999915
            ],
            [
              108.50449616800003,
              -6.769417980999968
            ],
            [
              108.50477487400009,
              -6.76918946699989
            ],
            [
              108.5053589820001,
              -6.768266502999907
            ],
            [
              108.50551759200009,
              -6.768015889999955
            ],
            [
              108.5056658180001,
              -6.767646458999941
            ],
            [
              108.50580091000008,
              -6.767309784999973
            ],
            [
              108.50597814900009,
              -6.766915494999946
            ],
            [
              108.50616582100007,
              -6.766616262999968
            ],
            [
              108.50652176300012,
              -6.766179535999981
            ],
            [
              108.5068402780001,
              -6.765726574999984
            ],
            [
              108.50719002100008,
              -6.764987693999956
            ],
            [
              108.50731155100002,
              -6.764516803999896
            ],
            [
              108.50734629900005,
              -6.764302923999963
            ],
            [
              108.50743015100005,
              -6.763993153999913
            ],
            [
              108.50800568500007,
              -6.76290764099998
            ],
            [
              108.50828346400004,
              -6.762093368999931
            ],
            [
              108.50866976400003,
              -6.760470163
            ],
            [
              108.50878603900007,
              -6.7600448489999
            ],
            [
              108.50890679200002,
              -6.75960318099995
            ],
            [
              108.50910179500008,
              -6.75903999199998
            ],
            [
              108.50978255600009,
              -6.757109237999924
            ],
            [
              108.50987665500007,
              -6.756865031999968
            ],
            [
              108.5100628050001,
              -6.756411253
            ],
            [
              108.51018525600001,
              -6.755979714
            ],
            [
              108.51021568200005,
              -6.755879939999907
            ],
            [
              108.51031518300002,
              -6.755553619
            ],
            [
              108.510369788,
              -6.755410622999889
            ]
          ]
        ]
      }
    },
    {
      "type": "Feature",
      "id": 2,
      "properties": {
        "id": 2,
        "nama_ruas": "Jl. Fatahillah",
        "fungsi_jalan": "Arteri Primer",
        "lebar_ruas": "14 meter",
        "kecepatan_rencana": "60 km/jam",
        "kondisi": "Baik (Aspal Hotmix)",
        "kewenangan": "Provinsi",
        "panjang_km": 0.34,
        "foto_gallery": [
          {
            "url": "/images/foto_kawasan-znt-sumber.jpg",
            "caption": "Kondisi fisik perkerasan jalan dan akses koridor Jl. Fatahillah."
          },
          {
            "url": "/images/foto_pasar-sumber-cirebon.jpg",
            "caption": "Kawasan bangkitan aktivitas komersial di sepanjang jalur jalan."
          }
        ]
      },
      "geometry": {
        "type": "MultiLineString",
        "coordinates": [
          [
            [
              108.46585668900008,
              -6.753950666999973
            ],
            [
              108.46587609100008,
              -6.753954075999989
            ],
            [
              108.46643169000005,
              -6.754100127999905
            ],
            [
              108.4664440270001,
              -6.75405380299998
            ],
            [
              108.46662250100012,
              -6.753750540999935
            ],
            [
              108.4670569450001,
              -6.753052970999949
            ],
            [
              108.46724986200006,
              -6.752743213999988
            ],
            [
              108.46727125400005,
              -6.75261596999994
            ],
            [
              108.467251209,
              -6.752585057999958
            ],
            [
              108.4672310010001,
              -6.752554396999908
            ],
            [
              108.46703516100007,
              -6.752458160999939
            ],
            [
              108.46658935400004,
              -6.752290493999922
            ]
          ]
        ]
      }
    },
    {
      "type": "Feature",
      "id": 3,
      "properties": {
        "id": 3,
        "nama_ruas": "Jl. Sunan Drajat",
        "fungsi_jalan": "Kolektor Sekunder",
        "lebar_ruas": "8 meter",
        "kecepatan_rencana": "40 km/jam",
        "kondisi": "Baik (Aspal Hotmix)",
        "kewenangan": "Kabupaten",
        "panjang_km": 1.98,
        "foto_gallery": [
          {
            "url": "/images/foto_kawasan-znt-sumber.jpg",
            "caption": "Kondisi fisik perkerasan jalan dan akses koridor Jl. Sunan Drajat."
          },
          {
            "url": "/images/foto_pasar-sumber-cirebon.jpg",
            "caption": "Kawasan bangkitan aktivitas komersial di sepanjang jalur jalan."
          }
        ]
      },
      "geometry": {
        "type": "MultiLineString",
        "coordinates": [
          [
            [
              108.49851452500009,
              -6.748501652999959
            ],
            [
              108.49776982500003,
              -6.748512091999935
            ],
            [
              108.49705058800002,
              -6.748530685999963
            ],
            [
              108.49639504900006,
              -6.748563641999937
            ],
            [
              108.49604591100004,
              -6.748581197999968
            ],
            [
              108.4956033300001,
              -6.748591666999946
            ],
            [
              108.49547981000009,
              -6.748621381
            ],
            [
              108.4953178840001,
              -6.748785068999961
            ],
            [
              108.49494940800008,
              -6.748843012999959
            ],
            [
              108.49484507000007,
              -6.748885459999919
            ],
            [
              108.49467687600009,
              -6.749306171999912
            ],
            [
              108.49445947100004,
              -6.749832695999956
            ],
            [
              108.49435239300007,
              -6.75000020699996
            ],
            [
              108.4942185260001,
              -6.750209616999967
            ],
            [
              108.49400795800008,
              -6.750505517999937
            ],
            [
              108.49375357000008,
              -6.751205284000015
            ],
            [
              108.49374455600004,
              -6.751261540999963
            ],
            [
              108.49363520300005,
              -6.751902230999949
            ],
            [
              108.49360382800003,
              -6.75243682399995
            ],
            [
              108.49366974300007,
              -6.753084660999907
            ],
            [
              108.49373548900009,
              -6.753252871999969
            ],
            [
              108.49377654600002,
              -6.753338144999919
            ],
            [
              108.49377247100004,
              -6.753585265999938
            ],
            [
              108.49373841800006,
              -6.753726926999935
            ],
            [
              108.49366493200003,
              -6.753785573
            ],
            [
              108.49326248700004,
              -6.753734797999964
            ],
            [
              108.4931484240001,
              -6.753479558999985
            ],
            [
              108.49288471300004,
              -6.753391025999942
            ],
            [
              108.49216623100001,
              -6.753149818999969
            ],
            [
              108.49169116300006,
              -6.752990327
            ],
            [
              108.4914307700001,
              -6.752924502999978
            ],
            [
              108.49137547000005,
              -6.753019049999985
            ],
            [
              108.49131828700011,
              -6.753331391999982
            ],
            [
              108.49092565000004,
              -6.754154444999958
            ],
            [
              108.49088588700003,
              -6.754225030999937
            ],
            [
              108.49059976500008,
              -6.754478271999929
            ],
            [
              108.49029023700005,
              -6.754717428999911
            ],
            [
              108.4902211280001,
              -6.754896577
            ],
            [
              108.4899945600001,
              -6.755497870999914
            ],
            [
              108.48979964800004,
              -6.755814156999971
            ],
            [
              108.48967222200007,
              -6.756080043999944
            ],
            [
              108.48956161200007,
              -6.756310825999943
            ],
            [
              108.48942397900005,
              -6.75677285799998
            ],
            [
              108.48942256300002,
              -6.756793229999978
            ],
            [
              108.48938407800003,
              -6.757346626999936
            ],
            [
              108.489470694,
              -6.758380662999961
            ],
            [
              108.48950976400005,
              -6.758672234999928
            ]
          ]
        ]
      }
    },
    {
      "type": "Feature",
      "id": 4,
      "properties": {
        "id": 4,
        "nama_ruas": "Jl. Sunan Kalijaga",
        "fungsi_jalan": "Kolektor Sekunder",
        "lebar_ruas": "9 meter",
        "kecepatan_rencana": "40 km/jam",
        "kondisi": "Baik (Aspal Hotmix)",
        "kewenangan": "Kabupaten",
        "panjang_km": 0.76,
        "foto_gallery": [
          {
            "url": "/images/foto_kawasan-znt-sumber.jpg",
            "caption": "Kondisi fisik perkerasan jalan dan akses koridor Jl. Sunan Kalijaga."
          },
          {
            "url": "/images/foto_pasar-sumber-cirebon.jpg",
            "caption": "Kawasan bangkitan aktivitas komersial di sepanjang jalur jalan."
          }
        ]
      },
      "geometry": {
        "type": "MultiLineString",
        "coordinates": [
          [
            [
              108.48134225800007,
              -6.759215838999964
            ],
            [
              108.48131509500004,
              -6.75992546799997
            ],
            [
              108.48135602200006,
              -6.760424711999978
            ],
            [
              108.48142254600006,
              -6.760715702999985
            ],
            [
              108.48146205600004,
              -6.76081653099989
            ],
            [
              108.4815047480001,
              -6.761460194999945
            ],
            [
              108.48160001100008,
              -6.762531423999938
            ],
            [
              108.48179792300003,
              -6.762567739999923
            ],
            [
              108.48215930100008,
              -6.762583220999961
            ],
            [
              108.4823205790001,
              -6.762590128999911
            ],
            [
              108.48278811400007,
              -6.762615803
            ],
            [
              108.483170553,
              -6.762674067000017
            ],
            [
              108.48325411400008,
              -6.762686799999916
            ],
            [
              108.48348684200006,
              -6.762648120999913
            ],
            [
              108.48389054400006,
              -6.762610417
            ],
            [
              108.4844824610001,
              -6.762639849999939
            ],
            [
              108.48505315700007,
              -6.762673474999968
            ]
          ]
        ]
      }
    },
    {
      "type": "Feature",
      "id": 5,
      "properties": {
        "id": 5,
        "nama_ruas": "Jl. Sultan Agung",
        "fungsi_jalan": "Kolektor Primer",
        "lebar_ruas": "10 meter",
        "kecepatan_rencana": "50 km/jam",
        "kondisi": "Baik (Aspal Hotmix)",
        "kewenangan": "Kabupaten",
        "panjang_km": 1.19,
        "foto_gallery": [
          {
            "url": "/images/foto_kawasan-znt-sumber.jpg",
            "caption": "Kondisi fisik perkerasan jalan dan akses koridor Jl. Sultan Agung."
          },
          {
            "url": "/images/foto_pasar-sumber-cirebon.jpg",
            "caption": "Kawasan bangkitan aktivitas komersial di sepanjang jalur jalan."
          }
        ]
      },
      "geometry": {
        "type": "MultiLineString",
        "coordinates": [
          [
            [
              108.45685881400006,
              -6.765672741999971
            ],
            [
              108.45676390500003,
              -6.765776454999937
            ],
            [
              108.45661275500004,
              -6.765892254999926
            ],
            [
              108.45624169800007,
              -6.766134420999979
            ],
            [
              108.45601515600006,
              -6.766340126999946
            ],
            [
              108.45576384700006,
              -6.766655632999939
            ],
            [
              108.45564784500006,
              -6.766876919999952
            ],
            [
              108.45556972800007,
              -6.76718012
            ],
            [
              108.45529747800002,
              -6.768313701
            ],
            [
              108.45515266500011,
              -6.768577727
            ],
            [
              108.45495479700008,
              -6.768799279999936
            ],
            [
              108.45463422200002,
              -6.769025477
            ],
            [
              108.45427746800009,
              -6.769208267999936
            ],
            [
              108.45400212300004,
              -6.76929336599996
            ],
            [
              108.45391505600013,
              -6.769321838999918
            ],
            [
              108.45354828000006,
              -6.769441793999896
            ],
            [
              108.45330897500007,
              -6.769589763999971
            ],
            [
              108.45305128500006,
              -6.769893802
            ],
            [
              108.45280997600008,
              -6.770325441999912
            ],
            [
              108.45253519600008,
              -6.770731609999945
            ],
            [
              108.45199347900002,
              -6.771568541999915
            ],
            [
              108.45190072400008,
              -6.771797115
            ],
            [
              108.4515509450001,
              -6.772572586999946
            ],
            [
              108.45135152200002,
              -6.772802081999927
            ],
            [
              108.45093779900007,
              -6.773298136999937
            ],
            [
              108.45067651900004,
              -6.77382523899994
            ]
          ]
        ]
      }
    },
    {
      "type": "Feature",
      "id": 6,
      "properties": {
        "id": 6,
        "nama_ruas": "Jl. Ki Ageng Tirtayasa",
        "fungsi_jalan": "Lokal Primer",
        "lebar_ruas": "7 meter",
        "kecepatan_rencana": "30 km/jam",
        "kondisi": "Baik (Aspal Hotmix)",
        "kewenangan": "Kabupaten",
        "panjang_km": 0.54,
        "foto_gallery": [
          {
            "url": "/images/foto_kawasan-znt-sumber.jpg",
            "caption": "Kondisi fisik perkerasan jalan dan akses koridor Jl. Ki Ageng Tirtayasa."
          },
          {
            "url": "/images/foto_pasar-sumber-cirebon.jpg",
            "caption": "Kawasan bangkitan aktivitas komersial di sepanjang jalur jalan."
          }
        ]
      },
      "geometry": {
        "type": "MultiLineString",
        "coordinates": [
          [
            [
              108.47551348900008,
              -6.75515658399992
            ],
            [
              108.47558812000004,
              -6.755144118999954
            ],
            [
              108.47574997000002,
              -6.755108301999922
            ],
            [
              108.47612410600007,
              -6.755092202999922
            ],
            [
              108.47626480600007,
              -6.755044897999916
            ],
            [
              108.47646082600004,
              -6.754697419999943
            ],
            [
              108.47659071900004,
              -6.754117172999983
            ],
            [
              108.47670218400002,
              -6.753645434999942
            ],
            [
              108.47713866400008,
              -6.752996129999953
            ],
            [
              108.47714547700011,
              -6.752815424999923
            ],
            [
              108.47713950400006,
              -6.752694372999944
            ],
            [
              108.47700832100013,
              -6.752484385999978
            ],
            [
              108.47690497300002,
              -6.752373945999988
            ],
            [
              108.476871407,
              -6.752171179
            ],
            [
              108.4769070150001,
              -6.751822778999948
            ],
            [
              108.47689243200004,
              -6.75178117599997
            ],
            [
              108.47690053600009,
              -6.751666956999934
            ],
            [
              108.47682351400003,
              -6.751298280999983
            ]
          ]
        ]
      }
    },
    {
      "type": "Feature",
      "id": 7,
      "properties": {
        "id": 7,
        "nama_ruas": "Jl. Dewi Sartika",
        "fungsi_jalan": "Lokal Primer",
        "lebar_ruas": "7 meter",
        "kecepatan_rencana": "30 km/jam",
        "kondisi": "Baik (Aspal Hotmix)",
        "kewenangan": "Kabupaten",
        "panjang_km": 0.3,
        "foto_gallery": [
          {
            "url": "/images/foto_kawasan-znt-sumber.jpg",
            "caption": "Kondisi fisik perkerasan jalan dan akses koridor Jl. Dewi Sartika."
          },
          {
            "url": "/images/foto_pasar-sumber-cirebon.jpg",
            "caption": "Kawasan bangkitan aktivitas komersial di sepanjang jalur jalan."
          }
        ]
      },
      "geometry": {
        "type": "MultiLineString",
        "coordinates": [
          [
            [
              108.48835037700003,
              -6.75329856900002
            ],
            [
              108.48840341700007,
              -6.753282903999967
            ],
            [
              108.48861774700005,
              -6.753257671999922
            ],
            [
              108.48890783700007,
              -6.75325860499991
            ],
            [
              108.48908098200009,
              -6.753260504999979
            ],
            [
              108.4905365960001,
              -6.753368654999957
            ],
            [
              108.49104271700004,
              -6.753349540999974
            ],
            [
              108.4910454920001,
              -6.753349357999959
            ]
          ]
        ]
      }
    },
    {
      "type": "Feature",
      "id": 8,
      "properties": {
        "id": 8,
        "nama_ruas": "Jl. R.A. Kartini Sumber",
        "fungsi_jalan": "Lokal Sekunder",
        "lebar_ruas": "6 meter",
        "kecepatan_rencana": "30 km/jam",
        "kondisi": "Baik (Aspal Hotmix)",
        "kewenangan": "Kabupaten",
        "panjang_km": 0.49,
        "foto_gallery": [
          {
            "url": "/images/foto_kawasan-znt-sumber.jpg",
            "caption": "Kondisi fisik perkerasan jalan dan akses koridor Jl. R.A. Kartini Sumber."
          },
          {
            "url": "/images/foto_pasar-sumber-cirebon.jpg",
            "caption": "Kawasan bangkitan aktivitas komersial di sepanjang jalur jalan."
          }
        ]
      },
      "geometry": {
        "type": "MultiLineString",
        "coordinates": [
          [
            [
              108.5028127260001,
              -6.78755886799993
            ],
            [
              108.50284332400005,
              -6.786964194999932
            ],
            [
              108.50284218300006,
              -6.786406882999916
            ],
            [
              108.50278792000009,
              -6.785532880999899
            ],
            [
              108.50264877700003,
              -6.785269213999932
            ],
            [
              108.50251436900002,
              -6.784993967999984
            ],
            [
              108.50238048200005,
              -6.78482096599997
            ],
            [
              108.50222448100001,
              -6.784590045999959
            ],
            [
              108.50193456100001,
              -6.783920499999983
            ],
            [
              108.50164155000002,
              -6.783529847999901
            ],
            [
              108.50160795600007,
              -6.783495819999928
            ]
          ]
        ]
      }
    },
    {
      "type": "Feature",
      "id": 9,
      "properties": {
        "id": 9,
        "nama_ruas": "Jl. Pemuda Sumber",
        "fungsi_jalan": "Lokal Sekunder",
        "lebar_ruas": "6 meter",
        "kecepatan_rencana": "30 km/jam",
        "kondisi": "Baik (Aspal Hotmix)",
        "kewenangan": "Kabupaten",
        "panjang_km": 0.03,
        "foto_gallery": [
          {
            "url": "/images/foto_kawasan-znt-sumber.jpg",
            "caption": "Kondisi fisik perkerasan jalan dan akses koridor Jl. Pemuda Sumber."
          },
          {
            "url": "/images/foto_pasar-sumber-cirebon.jpg",
            "caption": "Kawasan bangkitan aktivitas komersial di sepanjang jalur jalan."
          }
        ]
      },
      "geometry": {
        "type": "MultiLineString",
        "coordinates": [
          [
            [
              108.5060533800001,
              -6.757233503
            ],
            [
              108.50606217500011,
              -6.757323905999922
            ],
            [
              108.50604677000008,
              -6.757500034999929
            ]
          ]
        ]
      }
    },
    {
      "type": "Feature",
      "id": 10,
      "properties": {
        "id": 10,
        "nama_ruas": "Jl. Raya Tukmudal",
        "fungsi_jalan": "Lokal Primer",
        "lebar_ruas": "7 meter",
        "kecepatan_rencana": "35 km/jam",
        "kondisi": "Baik (Aspal Hotmix)",
        "kewenangan": "Kabupaten",
        "panjang_km": 0.61,
        "foto_gallery": [
          {
            "url": "/images/foto_kawasan-znt-sumber.jpg",
            "caption": "Kondisi fisik perkerasan jalan dan akses koridor Jl. Raya Tukmudal."
          },
          {
            "url": "/images/foto_pasar-sumber-cirebon.jpg",
            "caption": "Kawasan bangkitan aktivitas komersial di sepanjang jalur jalan."
          }
        ]
      },
      "geometry": {
        "type": "MultiLineString",
        "coordinates": [
          [
            [
              108.47794651700003,
              -6.765373217999969
            ],
            [
              108.47761753700009,
              -6.765126831000011
            ],
            [
              108.47676384700006,
              -6.763648453
            ],
            [
              108.47665068000002,
              -6.763452484999942
            ],
            [
              108.47643313100005,
              -6.763360592999977
            ],
            [
              108.47623647600004,
              -6.763301705999901
            ],
            [
              108.47621530300006,
              -6.76324243699997
            ],
            [
              108.47621530000006,
              -6.763241333999968
            ],
            [
              108.47614750000005,
              -6.763281966999955
            ],
            [
              108.47597339500003,
              -6.763386331999886
            ],
            [
              108.47593269800004,
              -6.763408028
            ],
            [
              108.47566323100004,
              -6.763493234999938
            ],
            [
              108.47544199200011,
              -6.763507929999911
            ],
            [
              108.47544078000001,
              -6.763508014
            ],
            [
              108.47536169700004,
              -6.763439306999917
            ],
            [
              108.47526422800006,
              -6.763227125999947
            ],
            [
              108.475131462,
              -6.762950938999921
            ],
            [
              108.47490228700005,
              -6.762598209999958
            ],
            [
              108.47486524400009,
              -6.762510010999943
            ],
            [
              108.47482768400009,
              -6.762302297999987
            ],
            [
              108.474689132,
              -6.761892190999983
            ]
          ]
        ]
      }
    },
    {
      "type": "Feature",
      "id": 11,
      "properties": {
        "id": 11,
        "nama_ruas": "Jl. Perbutulan Raya",
        "fungsi_jalan": "Lokal Sekunder",
        "lebar_ruas": "6 meter",
        "kecepatan_rencana": "30 km/jam",
        "kondisi": "Baik (Aspal Hotmix)",
        "kewenangan": "Kabupaten",
        "panjang_km": 0.7,
        "foto_gallery": [
          {
            "url": "/images/foto_kawasan-znt-sumber.jpg",
            "caption": "Kondisi fisik perkerasan jalan dan akses koridor Jl. Perbutulan Raya."
          },
          {
            "url": "/images/foto_pasar-sumber-cirebon.jpg",
            "caption": "Kawasan bangkitan aktivitas komersial di sepanjang jalur jalan."
          }
        ]
      },
      "geometry": {
        "type": "MultiLineString",
        "coordinates": [
          [
            [
              108.510369788,
              -6.755410622999889
            ],
            [
              108.51038227800007,
              -6.755377906999936
            ],
            [
              108.51043392900007,
              -6.755360095999972
            ],
            [
              108.51053165500008,
              -6.755235639999977
            ],
            [
              108.51064796300003,
              -6.754696964999905
            ],
            [
              108.51069519000002,
              -6.754478250000016
            ],
            [
              108.51090635900009,
              -6.753784527999905
            ],
            [
              108.511066338,
              -6.753248298999946
            ],
            [
              108.51168940100004,
              -6.75109202999997
            ],
            [
              108.51175173800004,
              -6.7510033
            ],
            [
              108.51172818400005,
              -6.750996789999906
            ],
            [
              108.51108960600006,
              -6.750850867999912
            ],
            [
              108.51076745000005,
              -6.750790603999988
            ],
            [
              108.51023656500008,
              -6.750676854
            ],
            [
              108.51019135000008,
              -6.750670224999975
            ]
          ]
        ]
      }
    },
    {
      "type": "Feature",
      "id": 12,
      "properties": {
        "id": 12,
        "nama_ruas": "Jl. Pejambon Asri",
        "fungsi_jalan": "Lingkungan",
        "lebar_ruas": "5 meter",
        "kecepatan_rencana": "20 km/jam",
        "kondisi": "Baik (Aspal Hotmix)",
        "kewenangan": "Kabupaten",
        "panjang_km": 3.25,
        "foto_gallery": [
          {
            "url": "/images/foto_kawasan-znt-sumber.jpg",
            "caption": "Kondisi fisik perkerasan jalan dan akses koridor Jl. Pejambon Asri."
          },
          {
            "url": "/images/foto_pasar-sumber-cirebon.jpg",
            "caption": "Kawasan bangkitan aktivitas komersial di sepanjang jalur jalan."
          }
        ]
      },
      "geometry": {
        "type": "MultiLineString",
        "coordinates": [
          [
            [
              108.52550917007378,
              -6.74964642543787
            ],
            [
              108.52570216800004,
              -6.74954457599992
            ],
            [
              108.52606064700002,
              -6.74937138799989
            ],
            [
              108.52606194453465,
              -6.749370761155447
            ]
          ],
          [
            [
              108.510369788,
              -6.755410622999889
            ],
            [
              108.51084142800005,
              -6.755223450999946
            ],
            [
              108.51095874200007,
              -6.755166660999954
            ],
            [
              108.51103008100002,
              -6.755147702999984
            ],
            [
              108.51131282700005,
              -6.755072552999895
            ],
            [
              108.51187609600004,
              -6.754894008999955
            ],
            [
              108.51322071500009,
              -6.75446778999995
            ],
            [
              108.5137328500001,
              -6.754290580999943
            ],
            [
              108.51391366000004,
              -6.754228022999918
            ],
            [
              108.51438582800003,
              -6.754064644999989
            ],
            [
              108.51470477200004,
              -6.753954285999917
            ],
            [
              108.51515109700003,
              -6.753855459
            ],
            [
              108.5155491310001,
              -6.75374487899991
            ],
            [
              108.51568886300002,
              -6.753674464999946
            ],
            [
              108.51593722000005,
              -6.753549311999983
            ],
            [
              108.51621237900008,
              -6.753438962999912
            ],
            [
              108.51643893900008,
              -6.753379230999943
            ],
            [
              108.51670445200003,
              -6.753258059999954
            ],
            [
              108.51699695100007,
              -6.753144355999961
            ],
            [
              108.51707004600009,
              -6.753115943999919
            ],
            [
              108.5177497870001,
              -6.753034570999937
            ],
            [
              108.518100755,
              -6.75297689099996
            ],
            [
              108.518424881,
              -6.752891047999963
            ],
            [
              108.51904198900009,
              -6.75272760699994
            ],
            [
              108.52013043900008,
              -6.7522548059999
            ],
            [
              108.52023156600009,
              -6.752158599999934
            ],
            [
              108.52028592500007,
              -6.752159284
            ],
            [
              108.52048193200002,
              -6.752109101000013
            ],
            [
              108.52080947300004,
              -6.751980993999982
            ],
            [
              108.5211601510001,
              -6.751815055999931
            ],
            [
              108.52147196900006,
              -6.751667509999979
            ],
            [
              108.521586196,
              -6.751613267999932
            ],
            [
              108.52227187100007,
              -6.751287663
            ],
            [
              108.52257753700005,
              -6.751142506999972
            ],
            [
              108.52289231200007,
              -6.75099303099995
            ],
            [
              108.5232232560001,
              -6.750855062
            ],
            [
              108.52337688600002,
              -6.750773227999971
            ],
            [
              108.52370895400004,
              -6.750606288999926
            ],
            [
              108.52418998100006,
              -6.750342587999956
            ],
            [
              108.52483836000006,
              -6.750000422999978
            ],
            [
              108.5248452070001,
              -6.749996813999946
            ],
            [
              108.52485011067355,
              -6.749994226218845
            ]
          ]
        ]
      }
    },
    {
      "type": "Feature",
      "id": 13,
      "properties": {
        "id": 13,
        "nama_ruas": "Jl. Sindangjawa Permai",
        "fungsi_jalan": "Lingkungan",
        "lebar_ruas": "5 meter",
        "kecepatan_rencana": "20 km/jam",
        "kondisi": "Baik (Aspal Hotmix)",
        "kewenangan": "Kabupaten",
        "panjang_km": 0.51,
        "foto_gallery": [
          {
            "url": "/images/foto_kawasan-znt-sumber.jpg",
            "caption": "Kondisi fisik perkerasan jalan dan akses koridor Jl. Sindangjawa Permai."
          },
          {
            "url": "/images/foto_pasar-sumber-cirebon.jpg",
            "caption": "Kawasan bangkitan aktivitas komersial di sepanjang jalur jalan."
          }
        ]
      },
      "geometry": {
        "type": "MultiLineString",
        "coordinates": [
          [
            [
              108.4806609930001,
              -6.764345745999954
            ],
            [
              108.48048216900006,
              -6.764735790999985
            ],
            [
              108.48034195000008,
              -6.765104895999972
            ],
            [
              108.4802959830001,
              -6.765225886999946
            ],
            [
              108.48021056200005,
              -6.765829699999902
            ],
            [
              108.48015497100008,
              -6.766064839
            ],
            [
              108.4801423580001,
              -6.766091216999957
            ],
            [
              108.48000238900006,
              -6.766383974999933
            ],
            [
              108.47984895700006,
              -6.7664781
            ],
            [
              108.47966702700002,
              -6.766532583999972
            ],
            [
              108.47950178300003,
              -6.766504090999923
            ],
            [
              108.47933437000003,
              -6.766412622
            ],
            [
              108.47841752700002,
              -6.765725970999934
            ],
            [
              108.47794651700003,
              -6.765373217999969
            ]
          ]
        ]
      }
    },
    {
      "type": "Feature",
      "id": 14,
      "properties": {
        "id": 14,
        "nama_ruas": "Jl. Pangeran Cakrabuana",
        "fungsi_jalan": "Kolektor Primer",
        "lebar_ruas": "10 meter",
        "kecepatan_rencana": "50 km/jam",
        "kondisi": "Baik (Aspal Hotmix)",
        "kewenangan": "Kabupaten",
        "panjang_km": 0.06,
        "foto_gallery": [
          {
            "url": "/images/foto_kawasan-znt-sumber.jpg",
            "caption": "Kondisi fisik perkerasan jalan dan akses koridor Jl. Pangeran Cakrabuana."
          },
          {
            "url": "/images/foto_pasar-sumber-cirebon.jpg",
            "caption": "Kawasan bangkitan aktivitas komersial di sepanjang jalur jalan."
          }
        ]
      },
      "geometry": {
        "type": "MultiLineString",
        "coordinates": [
          [
            [
              108.50000103700008,
              -6.778335949999946
            ],
            [
              108.50013234700002,
              -6.778359717999958
            ],
            [
              108.50037303000003,
              -6.778409263999972
            ],
            [
              108.50039481600007,
              -6.778409700999919
            ],
            [
              108.5004919010001,
              -6.778409484999901
            ]
          ]
        ]
      }
    },
    {
      "type": "Feature",
      "id": 15,
      "properties": {
        "id": 15,
        "nama_ruas": "Jl. Fatahillah",
        "fungsi_jalan": "Arteri Primer",
        "lebar_ruas": "14 meter",
        "kecepatan_rencana": "60 km/jam",
        "kondisi": "Baik (Aspal Hotmix)",
        "kewenangan": "Provinsi",
        "panjang_km": 0.49,
        "foto_gallery": [
          {
            "url": "/images/foto_kawasan-znt-sumber.jpg",
            "caption": "Kondisi fisik perkerasan jalan dan akses koridor Jl. Fatahillah."
          },
          {
            "url": "/images/foto_pasar-sumber-cirebon.jpg",
            "caption": "Kawasan bangkitan aktivitas komersial di sepanjang jalur jalan."
          }
        ]
      },
      "geometry": {
        "type": "MultiLineString",
        "coordinates": [
          [
            [
              108.50804955900006,
              -6.776330238
            ],
            [
              108.50777491500007,
              -6.775821804999936
            ],
            [
              108.5074167610001,
              -6.774629876999903
            ],
            [
              108.5071547490001,
              -6.773838015999932
            ],
            [
              108.5069938500001,
              -6.773259546999942
            ],
            [
              108.50689139900007,
              -6.772891232999932
            ],
            [
              108.50683896900009,
              -6.772650137999968
            ],
            [
              108.50676157700008,
              -6.772396721999961
            ],
            [
              108.506759603,
              -6.77239026799996
            ],
            [
              108.50670993000006,
              -6.772240908999947
            ],
            [
              108.50669259200005,
              -6.772115404999955
            ]
          ]
        ]
      }
    },
    {
      "type": "Feature",
      "id": 16,
      "properties": {
        "id": 16,
        "nama_ruas": "Jl. Sunan Drajat",
        "fungsi_jalan": "Kolektor Sekunder",
        "lebar_ruas": "8 meter",
        "kecepatan_rencana": "40 km/jam",
        "kondisi": "Baik (Aspal Hotmix)",
        "kewenangan": "Kabupaten",
        "panjang_km": 0.46,
        "foto_gallery": [
          {
            "url": "/images/foto_kawasan-znt-sumber.jpg",
            "caption": "Kondisi fisik perkerasan jalan dan akses koridor Jl. Sunan Drajat."
          },
          {
            "url": "/images/foto_pasar-sumber-cirebon.jpg",
            "caption": "Kawasan bangkitan aktivitas komersial di sepanjang jalur jalan."
          }
        ]
      },
      "geometry": {
        "type": "MultiLineString",
        "coordinates": [
          [
            [
              108.45685881400006,
              -6.765672741999971
            ],
            [
              108.45719230400003,
              -6.765308320999928
            ],
            [
              108.45723802800009,
              -6.765257326999972
            ],
            [
              108.45725686100005,
              -6.765250024
            ],
            [
              108.45773339500003,
              -6.76509926099995
            ],
            [
              108.4578617550001,
              -6.765050587999919
            ],
            [
              108.4581087910001,
              -6.764575077999922
            ],
            [
              108.45830590400007,
              -6.76397696
            ],
            [
              108.45841325200007,
              -6.763600193999906
            ],
            [
              108.45834866000006,
              -6.76350626499995
            ],
            [
              108.4574904600001,
              -6.763088791999959
            ],
            [
              108.45727627300005,
              -6.763000208999912
            ],
            [
              108.45720738600004,
              -6.762956513999939
            ]
          ]
        ]
      }
    },
    {
      "type": "Feature",
      "id": 17,
      "properties": {
        "id": 17,
        "nama_ruas": "Jl. Sunan Kalijaga",
        "fungsi_jalan": "Kolektor Sekunder",
        "lebar_ruas": "9 meter",
        "kecepatan_rencana": "40 km/jam",
        "kondisi": "Baik (Aspal Hotmix)",
        "kewenangan": "Kabupaten",
        "panjang_km": 0.32,
        "foto_gallery": [
          {
            "url": "/images/foto_kawasan-znt-sumber.jpg",
            "caption": "Kondisi fisik perkerasan jalan dan akses koridor Jl. Sunan Kalijaga."
          },
          {
            "url": "/images/foto_pasar-sumber-cirebon.jpg",
            "caption": "Kawasan bangkitan aktivitas komersial di sepanjang jalur jalan."
          }
        ]
      },
      "geometry": {
        "type": "MultiLineString",
        "coordinates": [
          [
            [
              108.4777690130001,
              -6.758925873999953
            ],
            [
              108.47775709500009,
              -6.759013602999929
            ],
            [
              108.47749778600004,
              -6.760018526999943
            ],
            [
              108.47746202300002,
              -6.760121043999987
            ],
            [
              108.47735708200013,
              -6.76042187199992
            ],
            [
              108.47727708600007,
              -6.760561971999966
            ],
            [
              108.47669214100009,
              -6.760787740999906
            ],
            [
              108.47626897600006,
              -6.760951057999918
            ],
            [
              108.47622038100003,
              -6.760982716999962
            ]
          ]
        ]
      }
    },
    {
      "type": "Feature",
      "id": 18,
      "properties": {
        "id": 18,
        "nama_ruas": "Jl. Sultan Agung",
        "fungsi_jalan": "Kolektor Primer",
        "lebar_ruas": "10 meter",
        "kecepatan_rencana": "50 km/jam",
        "kondisi": "Baik (Aspal Hotmix)",
        "kewenangan": "Kabupaten",
        "panjang_km": 0.21,
        "foto_gallery": [
          {
            "url": "/images/foto_kawasan-znt-sumber.jpg",
            "caption": "Kondisi fisik perkerasan jalan dan akses koridor Jl. Sultan Agung."
          },
          {
            "url": "/images/foto_pasar-sumber-cirebon.jpg",
            "caption": "Kawasan bangkitan aktivitas komersial di sepanjang jalur jalan."
          }
        ]
      },
      "geometry": {
        "type": "MultiLineString",
        "coordinates": [
          [
            [
              108.47358931800004,
              -6.75512509499989
            ],
            [
              108.47400388700005,
              -6.755118759999988
            ],
            [
              108.474212644,
              -6.755141070999969
            ],
            [
              108.47454995800003,
              -6.755177108999931
            ],
            [
              108.47468558200006,
              -6.755191603999975
            ],
            [
              108.475170076,
              -6.755213943999959
            ],
            [
              108.47551348900008,
              -6.75515658399992
            ]
          ]
        ]
      }
    },
    {
      "type": "Feature",
      "id": 19,
      "properties": {
        "id": 19,
        "nama_ruas": "Jl. Ki Ageng Tirtayasa",
        "fungsi_jalan": "Lokal Primer",
        "lebar_ruas": "7 meter",
        "kecepatan_rencana": "30 km/jam",
        "kondisi": "Baik (Aspal Hotmix)",
        "kewenangan": "Kabupaten",
        "panjang_km": 0.09,
        "foto_gallery": [
          {
            "url": "/images/foto_kawasan-znt-sumber.jpg",
            "caption": "Kondisi fisik perkerasan jalan dan akses koridor Jl. Ki Ageng Tirtayasa."
          },
          {
            "url": "/images/foto_pasar-sumber-cirebon.jpg",
            "caption": "Kawasan bangkitan aktivitas komersial di sepanjang jalur jalan."
          }
        ]
      },
      "geometry": {
        "type": "MultiLineString",
        "coordinates": [
          [
            [
              108.47415665500009,
              -6.753176363999945
            ],
            [
              108.47410359700004,
              -6.753186544999988
            ],
            [
              108.4735095010001,
              -6.753216106999947
            ],
            [
              108.47331366100005,
              -6.753194331999921
            ]
          ]
        ]
      }
    },
    {
      "type": "Feature",
      "id": 20,
      "properties": {
        "id": 20,
        "nama_ruas": "Jl. Dewi Sartika",
        "fungsi_jalan": "Lokal Primer",
        "lebar_ruas": "7 meter",
        "kecepatan_rencana": "30 km/jam",
        "kondisi": "Baik (Aspal Hotmix)",
        "kewenangan": "Kabupaten",
        "panjang_km": 0.31,
        "foto_gallery": [
          {
            "url": "/images/foto_kawasan-znt-sumber.jpg",
            "caption": "Kondisi fisik perkerasan jalan dan akses koridor Jl. Dewi Sartika."
          },
          {
            "url": "/images/foto_pasar-sumber-cirebon.jpg",
            "caption": "Kawasan bangkitan aktivitas komersial di sepanjang jalur jalan."
          }
        ]
      },
      "geometry": {
        "type": "MultiLineString",
        "coordinates": [
          [
            [
              108.50753856900006,
              -6.75713614599993
            ],
            [
              108.50739588200007,
              -6.75748121499997
            ],
            [
              108.50729304200009,
              -6.75763125599995
            ],
            [
              108.50716857400009,
              -6.757667158
            ],
            [
              108.50691654200001,
              -6.757739839999964
            ],
            [
              108.50673204800003,
              -6.757794042999919
            ],
            [
              108.50669377100006,
              -6.757818402999892
            ],
            [
              108.50653068400007,
              -6.758421491999965
            ],
            [
              108.5062959990001,
              -6.759074499
            ],
            [
              108.50628157800006,
              -6.759118755000014
            ],
            [
              108.50609148000005,
              -6.759075682999914
            ]
          ]
        ]
      }
    },
    {
      "type": "Feature",
      "id": 21,
      "properties": {
        "id": 21,
        "nama_ruas": "Jl. R.A. Kartini Sumber",
        "fungsi_jalan": "Lokal Sekunder",
        "lebar_ruas": "6 meter",
        "kecepatan_rencana": "30 km/jam",
        "kondisi": "Baik (Aspal Hotmix)",
        "kewenangan": "Kabupaten",
        "panjang_km": 0.16,
        "foto_gallery": [
          {
            "url": "/images/foto_kawasan-znt-sumber.jpg",
            "caption": "Kondisi fisik perkerasan jalan dan akses koridor Jl. R.A. Kartini Sumber."
          },
          {
            "url": "/images/foto_pasar-sumber-cirebon.jpg",
            "caption": "Kawasan bangkitan aktivitas komersial di sepanjang jalur jalan."
          }
        ]
      },
      "geometry": {
        "type": "MultiLineString",
        "coordinates": [
          [
            [
              108.50427940100005,
              -6.761643571999929
            ],
            [
              108.50397251600005,
              -6.761710901
            ],
            [
              108.50332951000006,
              -6.761781619999983
            ],
            [
              108.50293914900008,
              -6.761896589999903
            ],
            [
              108.50288329700008,
              -6.76189966599998
            ]
          ]
        ]
      }
    },
    {
      "type": "Feature",
      "id": 22,
      "properties": {
        "id": 22,
        "nama_ruas": "Jl. Pemuda Sumber",
        "fungsi_jalan": "Lokal Sekunder",
        "lebar_ruas": "6 meter",
        "kecepatan_rencana": "30 km/jam",
        "kondisi": "Baik (Aspal Hotmix)",
        "kewenangan": "Kabupaten",
        "panjang_km": 1.5,
        "foto_gallery": [
          {
            "url": "/images/foto_kawasan-znt-sumber.jpg",
            "caption": "Kondisi fisik perkerasan jalan dan akses koridor Jl. Pemuda Sumber."
          },
          {
            "url": "/images/foto_pasar-sumber-cirebon.jpg",
            "caption": "Kawasan bangkitan aktivitas komersial di sepanjang jalur jalan."
          }
        ]
      },
      "geometry": {
        "type": "MultiLineString",
        "coordinates": [
          [
            [
              108.47713866400008,
              -6.752996129999953
            ],
            [
              108.477181741,
              -6.752984133999938
            ],
            [
              108.47781964800002,
              -6.752822096999942
            ],
            [
              108.47795628000004,
              -6.752798909999978
            ],
            [
              108.47883463000007,
              -6.752621151999925
            ],
            [
              108.47942612100007,
              -6.752501447999968
            ],
            [
              108.4803668160001,
              -6.752326648999983
            ],
            [
              108.48038106000004,
              -6.752323938999936
            ],
            [
              108.48096873900008,
              -6.752212337999939
            ],
            [
              108.48199785600005,
              -6.752011991999971
            ],
            [
              108.48241583900008,
              -6.752041246
            ],
            [
              108.48330359300009,
              -6.752146375999899
            ],
            [
              108.4838833960001,
              -6.752203016999967
            ],
            [
              108.48422123400007,
              -6.752236022999945
            ],
            [
              108.48428241900007,
              -6.75232374099992
            ],
            [
              108.48429206000007,
              -6.75247343399996
            ],
            [
              108.48430131000003,
              -6.753120414999934
            ],
            [
              108.48428391300011,
              -6.753521545999906
            ],
            [
              108.48430391300008,
              -6.754376345999933
            ],
            [
              108.48437045600008,
              -6.754718516
            ],
            [
              108.48439718300007,
              -6.754855951999915
            ],
            [
              108.48461214700009,
              -6.75510327999995
            ],
            [
              108.48481894600006,
              -6.755221546999966
            ],
            [
              108.48503151600006,
              -6.755269089
            ],
            [
              108.48542098300004,
              -6.755327458999936
            ],
            [
              108.48631800500002,
              -6.755461877999956
            ],
            [
              108.48675125000007,
              -6.755659758999986
            ],
            [
              108.48711375000003,
              -6.755805561999971
            ],
            [
              108.4877586100001,
              -6.755970272999921
            ]
          ]
        ]
      }
    },
    {
      "type": "Feature",
      "id": 23,
      "properties": {
        "id": 23,
        "nama_ruas": "Jl. Raya Tukmudal",
        "fungsi_jalan": "Lokal Primer",
        "lebar_ruas": "7 meter",
        "kecepatan_rencana": "35 km/jam",
        "kondisi": "Baik (Aspal Hotmix)",
        "kewenangan": "Kabupaten",
        "panjang_km": 0.38,
        "foto_gallery": [
          {
            "url": "/images/foto_kawasan-znt-sumber.jpg",
            "caption": "Kondisi fisik perkerasan jalan dan akses koridor Jl. Raya Tukmudal."
          },
          {
            "url": "/images/foto_pasar-sumber-cirebon.jpg",
            "caption": "Kawasan bangkitan aktivitas komersial di sepanjang jalur jalan."
          }
        ]
      },
      "geometry": {
        "type": "MultiLineString",
        "coordinates": [
          [
            [
              108.49632118300008,
              -6.76257700699998
            ],
            [
              108.49627782900004,
              -6.76258452899998
            ],
            [
              108.49573671700003,
              -6.762714360999976
            ],
            [
              108.49543516200004,
              -6.76283510499993
            ],
            [
              108.49473458000007,
              -6.763199805999907
            ],
            [
              108.49422277600009,
              -6.763303713999978
            ],
            [
              108.49337748200004,
              -6.763448008999926
            ],
            [
              108.49306937500005,
              -6.76351735599998
            ]
          ]
        ]
      }
    },
    {
      "type": "Feature",
      "id": 24,
      "properties": {
        "id": 24,
        "nama_ruas": "Jl. Perbutulan Raya",
        "fungsi_jalan": "Lokal Sekunder",
        "lebar_ruas": "6 meter",
        "kecepatan_rencana": "30 km/jam",
        "kondisi": "Baik (Aspal Hotmix)",
        "kewenangan": "Kabupaten",
        "panjang_km": 1.27,
        "foto_gallery": [
          {
            "url": "/images/foto_kawasan-znt-sumber.jpg",
            "caption": "Kondisi fisik perkerasan jalan dan akses koridor Jl. Perbutulan Raya."
          },
          {
            "url": "/images/foto_pasar-sumber-cirebon.jpg",
            "caption": "Kawasan bangkitan aktivitas komersial di sepanjang jalur jalan."
          }
        ]
      },
      "geometry": {
        "type": "MultiLineString",
        "coordinates": [
          [
            [
              108.5004919010001,
              -6.778409484999901
            ],
            [
              108.50058227800012,
              -6.778409283999974
            ],
            [
              108.50061620100008,
              -6.778409078999957
            ],
            [
              108.50083202300009,
              -6.778382689
            ],
            [
              108.50163748500003,
              -6.778341792999985
            ],
            [
              108.50173804000009,
              -6.778336688999918
            ],
            [
              108.50210806400007,
              -6.778384875
            ],
            [
              108.50239011500004,
              -6.778363361999904
            ],
            [
              108.50310174000003,
              -6.778283714999887
            ],
            [
              108.50330203700008,
              -6.778259358999914
            ],
            [
              108.50347439700005,
              -6.778152353999943
            ],
            [
              108.50363638400005,
              -6.777722633999915
            ],
            [
              108.50374211500008,
              -6.77741629499997
            ],
            [
              108.50379026400007,
              -6.776879724999983
            ],
            [
              108.50381279300007,
              -6.776628693
            ],
            [
              108.50379036400008,
              -6.77625053299997
            ],
            [
              108.50364944400006,
              -6.775608487999961
            ],
            [
              108.50356249100005,
              -6.775335249
            ],
            [
              108.50346150100005,
              -6.77510526399989
            ],
            [
              108.50316743300006,
              -6.773932571999939
            ],
            [
              108.50300107100006,
              -6.771958635999951
            ],
            [
              108.50298708200005,
              -6.77076745699998
            ],
            [
              108.50298394000006,
              -6.770325446
            ],
            [
              108.50292384300006,
              -6.770026867999988
            ],
            [
              108.50288257900012,
              -6.769912582999947
            ]
          ]
        ]
      }
    },
    {
      "type": "Feature",
      "id": 25,
      "properties": {
        "id": 25,
        "nama_ruas": "Jl. Pejambon Asri",
        "fungsi_jalan": "Lingkungan",
        "lebar_ruas": "5 meter",
        "kecepatan_rencana": "20 km/jam",
        "kondisi": "Baik (Aspal Hotmix)",
        "kewenangan": "Kabupaten",
        "panjang_km": 0.58,
        "foto_gallery": [
          {
            "url": "/images/foto_kawasan-znt-sumber.jpg",
            "caption": "Kondisi fisik perkerasan jalan dan akses koridor Jl. Pejambon Asri."
          },
          {
            "url": "/images/foto_pasar-sumber-cirebon.jpg",
            "caption": "Kawasan bangkitan aktivitas komersial di sepanjang jalur jalan."
          }
        ]
      },
      "geometry": {
        "type": "MultiLineString",
        "coordinates": [
          [
            [
              108.45067651900004,
              -6.77382523899994
            ],
            [
              108.45074099500005,
              -6.77383943099996
            ],
            [
              108.45094087300006,
              -6.773865974999936
            ],
            [
              108.45129997500003,
              -6.773996007999948
            ],
            [
              108.45163851800005,
              -6.774043693999985
            ],
            [
              108.4520706920001,
              -6.77411960699996
            ],
            [
              108.45256268700005,
              -6.774250888999987
            ],
            [
              108.45281800600013,
              -6.774264942999906
            ],
            [
              108.45309064800003,
              -6.774215032999951
            ],
            [
              108.45349905300007,
              -6.774058578999885
            ],
            [
              108.45389433600009,
              -6.773875395999916
            ],
            [
              108.454480441,
              -6.773409657999927
            ],
            [
              108.45474196500007,
              -6.773329972999907
            ],
            [
              108.45509781300011,
              -6.773315569999959
            ],
            [
              108.45554871100002,
              -6.77322088099994
            ]
          ]
        ]
      }
    },
    {
      "type": "Feature",
      "id": 26,
      "properties": {
        "id": 26,
        "nama_ruas": "Jl. Sindangjawa Permai",
        "fungsi_jalan": "Lingkungan",
        "lebar_ruas": "5 meter",
        "kecepatan_rencana": "20 km/jam",
        "kondisi": "Baik (Aspal Hotmix)",
        "kewenangan": "Kabupaten",
        "panjang_km": 2.3,
        "foto_gallery": [
          {
            "url": "/images/foto_kawasan-znt-sumber.jpg",
            "caption": "Kondisi fisik perkerasan jalan dan akses koridor Jl. Sindangjawa Permai."
          },
          {
            "url": "/images/foto_pasar-sumber-cirebon.jpg",
            "caption": "Kawasan bangkitan aktivitas komersial di sepanjang jalur jalan."
          }
        ]
      },
      "geometry": {
        "type": "MultiLineString",
        "coordinates": [
          [
            [
              108.46914246700007,
              -6.785385612999971
            ],
            [
              108.46901753700004,
              -6.785093197000023
            ],
            [
              108.46886177600003,
              -6.784766449999989
            ],
            [
              108.46870350100008,
              -6.784503881999935
            ],
            [
              108.46851621200004,
              -6.784333280999942
            ],
            [
              108.46810064300011,
              -6.78409912099993
            ],
            [
              108.46809219300003,
              -6.784091539999924
            ],
            [
              108.46766853700007,
              -6.783711283999903
            ],
            [
              108.46749385900009,
              -6.783563504999933
            ],
            [
              108.46711546800005,
              -6.783374399999918
            ],
            [
              108.46605590800004,
              -6.78311458
            ],
            [
              108.4657290540001,
              -6.78307541199996
            ],
            [
              108.46530669200004,
              -6.783126018999972
            ],
            [
              108.46507247800012,
              -6.78312908799996
            ],
            [
              108.46466890900004,
              -6.782902002
            ],
            [
              108.4645291780001,
              -6.782819536999927
            ],
            [
              108.46436881200007,
              -6.78276519199996
            ],
            [
              108.46434473800012,
              -6.782757033999907
            ],
            [
              108.46422481000006,
              -6.782716392999919
            ],
            [
              108.46386683400002,
              -6.78259856299994
            ],
            [
              108.46302556100004,
              -6.782280845999942
            ],
            [
              108.46283550800004,
              -6.782188042
            ],
            [
              108.46275293100004,
              -6.782147718999941
            ],
            [
              108.46206541,
              -6.781938982999989
            ],
            [
              108.46151180800003,
              -6.781786354999973
            ],
            [
              108.46112108400003,
              -6.78159512199996
            ],
            [
              108.46087801100008,
              -6.781473896999966
            ],
            [
              108.46064996100004,
              -6.781448111999964
            ],
            [
              108.46042023500004,
              -6.781445580999932
            ],
            [
              108.45986456100007,
              -6.781305738
            ],
            [
              108.45963322500002,
              -6.781258689000012
            ],
            [
              108.45905546500009,
              -6.781220498999961
            ],
            [
              108.458831021,
              -6.781176223999939
            ],
            [
              108.45832024500001,
              -6.780924433999889
            ],
            [
              108.45763011900002,
              -6.780672100999972
            ],
            [
              108.45719590700007,
              -6.780662748999909
            ],
            [
              108.45698238800007,
              -6.780731615000011
            ],
            [
              108.45655203400008,
              -6.780972489999957
            ],
            [
              108.45628846700004,
              -6.781120160999919
            ],
            [
              108.45592043000005,
              -6.781233637999982
            ],
            [
              108.45563592300005,
              -6.781283350999921
            ],
            [
              108.45443981400011,
              -6.781157376999978
            ],
            [
              108.45374155600007,
              -6.781173204999956
            ],
            [
              108.45339673100004,
              -6.781172661
            ],
            [
              108.45315765100007,
              -6.781161030999925
            ],
            [
              108.45221265100004,
              -6.781140641999926
            ],
            [
              108.45147117000006,
              -6.781185846999936
            ],
            [
              108.45121602300009,
              -6.781264187999934
            ],
            [
              108.450889766,
              -6.781523406999977
            ],
            [
              108.45054952000001,
              -6.781843491
            ],
            [
              108.45048039500007,
              -6.781898237
            ],
            [
              108.45036237500007,
              -6.782052975999918
            ]
          ]
        ]
      }
    },
    {
      "type": "Feature",
      "id": 27,
      "properties": {
        "id": 27,
        "nama_ruas": "Jl. Pangeran Cakrabuana",
        "fungsi_jalan": "Kolektor Primer",
        "lebar_ruas": "10 meter",
        "kecepatan_rencana": "50 km/jam",
        "kondisi": "Baik (Aspal Hotmix)",
        "kewenangan": "Kabupaten",
        "panjang_km": 0.35,
        "foto_gallery": [
          {
            "url": "/images/foto_kawasan-znt-sumber.jpg",
            "caption": "Kondisi fisik perkerasan jalan dan akses koridor Jl. Pangeran Cakrabuana."
          },
          {
            "url": "/images/foto_pasar-sumber-cirebon.jpg",
            "caption": "Kawasan bangkitan aktivitas komersial di sepanjang jalur jalan."
          }
        ]
      },
      "geometry": {
        "type": "MultiLineString",
        "coordinates": [
          [
            [
              108.44497393500009,
              -6.773715342999907
            ],
            [
              108.44483615500006,
              -6.774963466999971
            ],
            [
              108.44486671300011,
              -6.775766813
            ],
            [
              108.44501777500008,
              -6.775782039999932
            ],
            [
              108.44587953100006,
              -6.775769547999964
            ],
            [
              108.44593694400001,
              -6.775799808999981
            ]
          ]
        ]
      }
    },
    {
      "type": "Feature",
      "id": 28,
      "properties": {
        "id": 28,
        "nama_ruas": "Jl. Fatahillah",
        "fungsi_jalan": "Arteri Primer",
        "lebar_ruas": "14 meter",
        "kecepatan_rencana": "60 km/jam",
        "kondisi": "Baik (Aspal Hotmix)",
        "kewenangan": "Provinsi",
        "panjang_km": 0.45,
        "foto_gallery": [
          {
            "url": "/images/foto_kawasan-znt-sumber.jpg",
            "caption": "Kondisi fisik perkerasan jalan dan akses koridor Jl. Fatahillah."
          },
          {
            "url": "/images/foto_pasar-sumber-cirebon.jpg",
            "caption": "Kawasan bangkitan aktivitas komersial di sepanjang jalur jalan."
          }
        ]
      },
      "geometry": {
        "type": "MultiLineString",
        "coordinates": [
          [
            [
              108.51064789200011,
              -6.769521554999923
            ],
            [
              108.51046739000009,
              -6.769429285999927
            ],
            [
              108.50987139200008,
              -6.769124752999954
            ],
            [
              108.50936721,
              -6.768867143999955
            ],
            [
              108.50929671200004,
              -6.76883112
            ],
            [
              108.50892235600007,
              -6.768630769999938
            ],
            [
              108.50876886900006,
              -6.768584459999925
            ],
            [
              108.50875227500002,
              -6.768581699999963
            ],
            [
              108.50873219400005,
              -6.768578352999953
            ],
            [
              108.50855535900007,
              -6.768539704999952
            ],
            [
              108.50843129100011,
              -6.768509352999928
            ],
            [
              108.50829310600005,
              -6.768467540999932
            ],
            [
              108.50806282600009,
              -6.76846322399993
            ],
            [
              108.50786278200006,
              -6.768470765999933
            ],
            [
              108.5075937540001,
              -6.768407957999976
            ],
            [
              108.50721363600009,
              -6.768277211999905
            ],
            [
              108.506961543,
              -6.768203590999942
            ],
            [
              108.5068766900001,
              -6.768156620999964
            ]
          ]
        ]
      }
    },
    {
      "type": "Feature",
      "id": 29,
      "properties": {
        "id": 29,
        "nama_ruas": "Jl. Sunan Drajat",
        "fungsi_jalan": "Kolektor Sekunder",
        "lebar_ruas": "8 meter",
        "kecepatan_rencana": "40 km/jam",
        "kondisi": "Baik (Aspal Hotmix)",
        "kewenangan": "Kabupaten",
        "panjang_km": 4.43,
        "foto_gallery": [
          {
            "url": "/images/foto_kawasan-znt-sumber.jpg",
            "caption": "Kondisi fisik perkerasan jalan dan akses koridor Jl. Sunan Drajat."
          },
          {
            "url": "/images/foto_pasar-sumber-cirebon.jpg",
            "caption": "Kawasan bangkitan aktivitas komersial di sepanjang jalur jalan."
          }
        ]
      },
      "geometry": {
        "type": "MultiLineString",
        "coordinates": [
          [
            [
              108.45370878101743,
              -6.790960495267882
            ],
            [
              108.4537087300001,
              -6.790960416
            ],
            [
              108.45364663400002,
              -6.790635966999979
            ],
            [
              108.453581946,
              -6.79031441399993
            ],
            [
              108.45330304200012,
              -6.789638403999952
            ],
            [
              108.45282140000005,
              -6.788675812999976
            ],
            [
              108.45245627600004,
              -6.788141830999937
            ],
            [
              108.45203228500013,
              -6.787492920999981
            ],
            [
              108.45180229100002,
              -6.787109750999985
            ],
            [
              108.45139151700005,
              -6.786475133999968
            ],
            [
              108.45114261400006,
              -6.786120494999935
            ],
            [
              108.45017966700006,
              -6.784970253999976
            ],
            [
              108.44990785100003,
              -6.784644023999896
            ],
            [
              108.44967871400009,
              -6.784296003999966
            ],
            [
              108.44936887400011,
              -6.783734298999942
            ],
            [
              108.44906320000004,
              -6.783301603999934
            ],
            [
              108.44903309900005,
              -6.78324406799997
            ],
            [
              108.4489233830001,
              -6.783066314999918
            ],
            [
              108.44873328200002,
              -6.782772253999923
            ],
            [
              108.44852001600013,
              -6.782344771999902
            ],
            [
              108.44836771000006,
              -6.782115345999927
            ],
            [
              108.44812414100006,
              -6.781713288999967
            ],
            [
              108.44754781700007,
              -6.780617135999954
            ],
            [
              108.4474589850001,
              -6.780175288999899
            ],
            [
              108.44744490500008,
              -6.779774150000016
            ],
            [
              108.44753691500006,
              -6.779270653000012
            ],
            [
              108.44759224600001,
              -6.778954539999969
            ],
            [
              108.44758233700009,
              -6.778724308999927
            ],
            [
              108.44755481300002,
              -6.778647762999988
            ],
            [
              108.44750912100007,
              -6.778520720999957
            ],
            [
              108.44712645800011,
              -6.777887373999956
            ],
            [
              108.44691515100004,
              -6.777503859999932
            ],
            [
              108.44676067000005,
              -6.777177804999955
            ],
            [
              108.44656842900004,
              -6.776772032999954
            ],
            [
              108.44638278600004,
              -6.776457870999895
            ],
            [
              108.44633628000011,
              -6.7763892319999
            ],
            [
              108.44593694400001,
              -6.775799808999981
            ],
            [
              108.44571413400006,
              -6.775343104999941
            ],
            [
              108.44565835400006,
              -6.775092244999968
            ],
            [
              108.44569666900011,
              -6.774915261999979
            ],
            [
              108.44571495100003,
              -6.77451488099998
            ],
            [
              108.44575578700004,
              -6.774260868999924
            ],
            [
              108.44582078300009,
              -6.773724560999959
            ],
            [
              108.44586265400008,
              -6.773584639999928
            ],
            [
              108.44589798100007,
              -6.773315768999975
            ],
            [
              108.44593656700008,
              -6.77301680299993
            ],
            [
              108.44597792600003,
              -6.772728713999896
            ],
            [
              108.44618665600007,
              -6.77098309899997
            ],
            [
              108.44619699700004,
              -6.770890602999955
            ],
            [
              108.44626259000005,
              -6.770303941999909
            ],
            [
              108.446433761,
              -6.768773052999986
            ],
            [
              108.44645230600011,
              -6.76851463
            ],
            [
              108.44648367900004,
              -6.768077445999985
            ],
            [
              108.44656412000003,
              -6.766956660999977
            ],
            [
              108.44658054400007,
              -6.765899504999904
            ],
            [
              108.4465937240001,
              -6.765051517999908
            ],
            [
              108.44662831000002,
              -6.764494714999934
            ]
          ],
          [
            [
              108.45478560181635,
              -6.791488668247013
            ],
            [
              108.45476885100007,
              -6.791474452999989
            ],
            [
              108.45457195395207,
              -6.791372750728762
            ]
          ],
          [
            [
              108.46121705685316,
              -6.798486444851235
            ],
            [
              108.46120967500008,
              -6.798468932999977
            ],
            [
              108.46110597300012,
              -6.79832929499997
            ],
            [
              108.46041765500009,
              -6.797502587999958
            ],
            [
              108.46015237400007,
              -6.797256726999954
            ],
            [
              108.4597973090001,
              -6.796844856999982
            ],
            [
              108.45950365900005,
              -6.796387020999937
            ],
            [
              108.45948427100005,
              -6.796356796999923
            ],
            [
              108.45887912300007,
              -6.795386525999934
            ],
            [
              108.45874121300002,
              -6.795165408999935
            ],
            [
              108.45851939800006,
              -6.794903634999947
            ],
            [
              108.45828639200005,
              -6.794686084999977
            ],
            [
              108.45782544200001,
              -6.794224089999943
            ],
            [
              108.45727733800005,
              -6.7936342369999
            ],
            [
              108.45672989300006,
              -6.793161927999989
            ],
            [
              108.45635864700007,
              -6.792788498999911
            ],
            [
              108.455786716,
              -6.792258591999943
            ],
            [
              108.45519733,
              -6.791833191
            ],
            [
              108.45504265800007,
              -6.791715597999957
            ],
            [
              108.45492072400002,
              -6.791603337
            ],
            [
              108.45488253864026,
              -6.79157093175413
            ]
          ]
        ]
      }
    },
    {
      "type": "Feature",
      "id": 30,
      "properties": {
        "id": 30,
        "nama_ruas": "Jl. Sunan Kalijaga",
        "fungsi_jalan": "Kolektor Sekunder",
        "lebar_ruas": "9 meter",
        "kecepatan_rencana": "40 km/jam",
        "kondisi": "Baik (Aspal Hotmix)",
        "kewenangan": "Kabupaten",
        "panjang_km": 0.46,
        "foto_gallery": [
          {
            "url": "/images/foto_kawasan-znt-sumber.jpg",
            "caption": "Kondisi fisik perkerasan jalan dan akses koridor Jl. Sunan Kalijaga."
          },
          {
            "url": "/images/foto_pasar-sumber-cirebon.jpg",
            "caption": "Kawasan bangkitan aktivitas komersial di sepanjang jalur jalan."
          }
        ]
      },
      "geometry": {
        "type": "MultiLineString",
        "coordinates": [
          [
            [
              108.49655971500009,
              -6.772489772999933
            ],
            [
              108.49662704900007,
              -6.772460629999919
            ],
            [
              108.49682947800002,
              -6.772306189999931
            ],
            [
              108.49692111700006,
              -6.772117143999921
            ],
            [
              108.49729686200007,
              -6.771341963999909
            ],
            [
              108.49743706300004,
              -6.771095913999979
            ],
            [
              108.49748917900008,
              -6.771035675999968
            ],
            [
              108.49765392800003,
              -6.770826200999956
            ],
            [
              108.49774497300011,
              -6.77075909599991
            ],
            [
              108.4990877530001,
              -6.77100635599994
            ],
            [
              108.49949566300009,
              -6.771129623000014
            ],
            [
              108.49953335500001,
              -6.771145325999981
            ],
            [
              108.49966156700006,
              -6.771231503
            ]
          ]
        ]
      }
    },
    {
      "type": "Feature",
      "id": 31,
      "properties": {
        "id": 31,
        "nama_ruas": "Jl. Sultan Agung",
        "fungsi_jalan": "Kolektor Primer",
        "lebar_ruas": "10 meter",
        "kecepatan_rencana": "50 km/jam",
        "kondisi": "Baik (Aspal Hotmix)",
        "kewenangan": "Kabupaten",
        "panjang_km": 0.21,
        "foto_gallery": [
          {
            "url": "/images/foto_kawasan-znt-sumber.jpg",
            "caption": "Kondisi fisik perkerasan jalan dan akses koridor Jl. Sultan Agung."
          },
          {
            "url": "/images/foto_pasar-sumber-cirebon.jpg",
            "caption": "Kawasan bangkitan aktivitas komersial di sepanjang jalur jalan."
          }
        ]
      },
      "geometry": {
        "type": "MultiLineString",
        "coordinates": [
          [
            [
              108.50676157700008,
              -6.772396721999961
            ],
            [
              108.50697818300006,
              -6.772384637999938
            ],
            [
              108.50750485500002,
              -6.772431914999942
            ],
            [
              108.5081262210001,
              -6.772662698999941
            ],
            [
              108.50829453500008,
              -6.772725217999962
            ],
            [
              108.50855842300007,
              -6.772822831999957
            ],
            [
              108.50860239900005,
              -6.772822848999958
            ]
          ]
        ]
      }
    },
    {
      "type": "Feature",
      "id": 32,
      "properties": {
        "id": 32,
        "nama_ruas": "Jl. Ki Ageng Tirtayasa",
        "fungsi_jalan": "Lokal Primer",
        "lebar_ruas": "7 meter",
        "kecepatan_rencana": "30 km/jam",
        "kondisi": "Baik (Aspal Hotmix)",
        "kewenangan": "Kabupaten",
        "panjang_km": 0.29,
        "foto_gallery": [
          {
            "url": "/images/foto_kawasan-znt-sumber.jpg",
            "caption": "Kondisi fisik perkerasan jalan dan akses koridor Jl. Ki Ageng Tirtayasa."
          },
          {
            "url": "/images/foto_pasar-sumber-cirebon.jpg",
            "caption": "Kawasan bangkitan aktivitas komersial di sepanjang jalur jalan."
          }
        ]
      },
      "geometry": {
        "type": "MultiLineString",
        "coordinates": [
          [
            [
              108.48034195000008,
              -6.765104895999972
            ],
            [
              108.47976116000008,
              -6.764955334999943
            ],
            [
              108.47960931700004,
              -6.764839192999926
            ],
            [
              108.47912562100008,
              -6.764469230999957
            ],
            [
              108.47903498500004,
              -6.764399913
            ],
            [
              108.47881931600004,
              -6.764248709999919
            ],
            [
              108.47861609600002,
              -6.764179377999955
            ],
            [
              108.47822610000009,
              -6.76404632999996
            ],
            [
              108.47801175800002,
              -6.763973948999922
            ]
          ]
        ]
      }
    },
    {
      "type": "Feature",
      "id": 33,
      "properties": {
        "id": 33,
        "nama_ruas": "Jl. Dewi Sartika",
        "fungsi_jalan": "Lokal Primer",
        "lebar_ruas": "7 meter",
        "kecepatan_rencana": "30 km/jam",
        "kondisi": "Baik (Aspal Hotmix)",
        "kewenangan": "Kabupaten",
        "panjang_km": 0.06,
        "foto_gallery": [
          {
            "url": "/images/foto_kawasan-znt-sumber.jpg",
            "caption": "Kondisi fisik perkerasan jalan dan akses koridor Jl. Dewi Sartika."
          },
          {
            "url": "/images/foto_pasar-sumber-cirebon.jpg",
            "caption": "Kawasan bangkitan aktivitas komersial di sepanjang jalur jalan."
          }
        ]
      },
      "geometry": {
        "type": "MultiLineString",
        "coordinates": [
          [
            [
              108.50609148000005,
              -6.759075682999914
            ],
            [
              108.50562120700005,
              -6.75896914099998
            ],
            [
              108.50556409600003,
              -6.758956800999936
            ]
          ]
        ]
      }
    },
    {
      "type": "Feature",
      "id": 34,
      "properties": {
        "id": 34,
        "nama_ruas": "Jl. R.A. Kartini Sumber",
        "fungsi_jalan": "Lokal Sekunder",
        "lebar_ruas": "6 meter",
        "kecepatan_rencana": "30 km/jam",
        "kondisi": "Baik (Aspal Hotmix)",
        "kewenangan": "Kabupaten",
        "panjang_km": 1.18,
        "foto_gallery": [
          {
            "url": "/images/foto_kawasan-znt-sumber.jpg",
            "caption": "Kondisi fisik perkerasan jalan dan akses koridor Jl. R.A. Kartini Sumber."
          },
          {
            "url": "/images/foto_pasar-sumber-cirebon.jpg",
            "caption": "Kawasan bangkitan aktivitas komersial di sepanjang jalur jalan."
          }
        ]
      },
      "geometry": {
        "type": "MultiLineString",
        "coordinates": [
          [
            [
              108.49240161500003,
              -6.772401572
            ],
            [
              108.49272640900008,
              -6.772417862999934
            ],
            [
              108.49297829400005,
              -6.77244012099991
            ],
            [
              108.49316902600003,
              -6.772456975999972
            ],
            [
              108.49338507000006,
              -6.772467507999956
            ],
            [
              108.49377901400005,
              -6.772486711999946
            ],
            [
              108.49471128800009,
              -6.772533664000012
            ],
            [
              108.49497241500003,
              -6.772546812999945
            ],
            [
              108.49511827100011,
              -6.772547203999977
            ],
            [
              108.49641892100007,
              -6.77255072
            ],
            [
              108.49655971500009,
              -6.772489772999933
            ],
            [
              108.49673229300006,
              -6.772504832999935
            ],
            [
              108.49695678600008,
              -6.772588223
            ],
            [
              108.49710467000006,
              -6.772705705999947
            ],
            [
              108.49707021700006,
              -6.772957658999921
            ],
            [
              108.4967905980001,
              -6.774059699999977
            ],
            [
              108.49675931300008,
              -6.774431905999954
            ],
            [
              108.49677891600003,
              -6.774694323999906
            ],
            [
              108.49683319300007,
              -6.77495486899997
            ],
            [
              108.49683320100007,
              -6.775165362999889
            ],
            [
              108.49670929000003,
              -6.775521501999958
            ],
            [
              108.49644772300006,
              -6.776495544999904
            ],
            [
              108.49630206000009,
              -6.777163150999986
            ],
            [
              108.49626532000006,
              -6.777416638
            ],
            [
              108.49628916500009,
              -6.77761034599995
            ],
            [
              108.4964160650001,
              -6.777801467999954
            ],
            [
              108.49662864400003,
              -6.777944174999949
            ],
            [
              108.49670018900008,
              -6.777976989
            ],
            [
              108.49679533400004,
              -6.778007547999952
            ],
            [
              108.49689191700004,
              -6.778036039
            ]
          ]
        ]
      }
    },
    {
      "type": "Feature",
      "id": 35,
      "properties": {
        "id": 35,
        "nama_ruas": "Jl. Pemuda Sumber",
        "fungsi_jalan": "Lokal Sekunder",
        "lebar_ruas": "6 meter",
        "kecepatan_rencana": "30 km/jam",
        "kondisi": "Baik (Aspal Hotmix)",
        "kewenangan": "Kabupaten",
        "panjang_km": 0.26,
        "foto_gallery": [
          {
            "url": "/images/foto_kawasan-znt-sumber.jpg",
            "caption": "Kondisi fisik perkerasan jalan dan akses koridor Jl. Pemuda Sumber."
          },
          {
            "url": "/images/foto_pasar-sumber-cirebon.jpg",
            "caption": "Kawasan bangkitan aktivitas komersial di sepanjang jalur jalan."
          }
        ]
      },
      "geometry": {
        "type": "MultiLineString",
        "coordinates": [
          [
            [
              108.45429810600011,
              -6.788889306999966
            ],
            [
              108.45440599500006,
              -6.788985163
            ],
            [
              108.45449191800007,
              -6.788733003999912
            ],
            [
              108.454474056,
              -6.788311083999908
            ],
            [
              108.45452682800003,
              -6.788060132999927
            ],
            [
              108.45463535500004,
              -6.787859035999897
            ],
            [
              108.45529871600003,
              -6.787199686999966
            ],
            [
              108.45538662900012,
              -6.787172366999926
            ]
          ]
        ]
      }
    },
    {
      "type": "Feature",
      "id": 36,
      "properties": {
        "id": 36,
        "nama_ruas": "Jl. Raya Tukmudal",
        "fungsi_jalan": "Lokal Primer",
        "lebar_ruas": "7 meter",
        "kecepatan_rencana": "35 km/jam",
        "kondisi": "Baik (Aspal Hotmix)",
        "kewenangan": "Kabupaten",
        "panjang_km": 0.06,
        "foto_gallery": [
          {
            "url": "/images/foto_kawasan-znt-sumber.jpg",
            "caption": "Kondisi fisik perkerasan jalan dan akses koridor Jl. Raya Tukmudal."
          },
          {
            "url": "/images/foto_pasar-sumber-cirebon.jpg",
            "caption": "Kawasan bangkitan aktivitas komersial di sepanjang jalur jalan."
          }
        ]
      },
      "geometry": {
        "type": "MultiLineString",
        "coordinates": [
          [
            [
              108.50537744700003,
              -6.759863071999959
            ],
            [
              108.50538964800006,
              -6.759865601999902
            ],
            [
              108.50579821600003,
              -6.759909106999949
            ],
            [
              108.50590022100003,
              -6.759906150999971
            ]
          ]
        ]
      }
    },
    {
      "type": "Feature",
      "id": 37,
      "properties": {
        "id": 37,
        "nama_ruas": "Jl. Perbutulan Raya",
        "fungsi_jalan": "Lokal Sekunder",
        "lebar_ruas": "6 meter",
        "kecepatan_rencana": "30 km/jam",
        "kondisi": "Baik (Aspal Hotmix)",
        "kewenangan": "Kabupaten",
        "panjang_km": 0.6,
        "foto_gallery": [
          {
            "url": "/images/foto_kawasan-znt-sumber.jpg",
            "caption": "Kondisi fisik perkerasan jalan dan akses koridor Jl. Perbutulan Raya."
          },
          {
            "url": "/images/foto_pasar-sumber-cirebon.jpg",
            "caption": "Kawasan bangkitan aktivitas komersial di sepanjang jalur jalan."
          }
        ]
      },
      "geometry": {
        "type": "MultiLineString",
        "coordinates": [
          [
            [
              108.45758353000008,
              -6.783771155999972
            ],
            [
              108.45771201700005,
              -6.783599324999965
            ],
            [
              108.4577051430001,
              -6.783510370999977
            ],
            [
              108.45759466300011,
              -6.783343025999987
            ],
            [
              108.45739456800007,
              -6.783162295999954
            ],
            [
              108.45690998500004,
              -6.78284987499995
            ],
            [
              108.4566670350001,
              -6.782772650999956
            ],
            [
              108.45629653300008,
              -6.782706334999975
            ],
            [
              108.45592835700008,
              -6.782656776999961
            ],
            [
              108.45570375500006,
              -6.782572102999971
            ],
            [
              108.45554170100006,
              -6.78245233099992
            ],
            [
              108.4553919450001,
              -6.782235760999942
            ],
            [
              108.45531503400005,
              -6.782079065999945
            ],
            [
              108.45517968500005,
              -6.781973442
            ],
            [
              108.45451553300006,
              -6.781747448999951
            ],
            [
              108.45438665700006,
              -6.781714301999962
            ],
            [
              108.45415068300008,
              -6.781653616
            ],
            [
              108.45379617100005,
              -6.781505594999924
            ],
            [
              108.45344016100009,
              -6.781240261999908
            ],
            [
              108.45339673100004,
              -6.781172661
            ]
          ]
        ]
      }
    },
    {
      "type": "Feature",
      "id": 38,
      "properties": {
        "id": 38,
        "nama_ruas": "Jl. Pejambon Asri",
        "fungsi_jalan": "Lingkungan",
        "lebar_ruas": "5 meter",
        "kecepatan_rencana": "20 km/jam",
        "kondisi": "Baik (Aspal Hotmix)",
        "kewenangan": "Kabupaten",
        "panjang_km": 0.48,
        "foto_gallery": [
          {
            "url": "/images/foto_kawasan-znt-sumber.jpg",
            "caption": "Kondisi fisik perkerasan jalan dan akses koridor Jl. Pejambon Asri."
          },
          {
            "url": "/images/foto_pasar-sumber-cirebon.jpg",
            "caption": "Kawasan bangkitan aktivitas komersial di sepanjang jalur jalan."
          }
        ]
      },
      "geometry": {
        "type": "MultiLineString",
        "coordinates": [
          [
            [
              108.49632118300008,
              -6.76257700699998
            ],
            [
              108.49623161000004,
              -6.761846018999982
            ],
            [
              108.49615914900008,
              -6.761196239999954
            ],
            [
              108.49616100800006,
              -6.760958162999973
            ],
            [
              108.49655387600005,
              -6.759990756999954
            ],
            [
              108.49659802700006,
              -6.759901990999893
            ],
            [
              108.49687988900011,
              -6.759335281999899
            ],
            [
              108.49689522600005,
              -6.75930452499993
            ],
            [
              108.49706750500009,
              -6.758958927000023
            ],
            [
              108.49715810600013,
              -6.75865425599995
            ],
            [
              108.49715843000007,
              -6.758494680999981
            ]
          ]
        ]
      }
    },
    {
      "type": "Feature",
      "id": 39,
      "properties": {
        "id": 39,
        "nama_ruas": "Jl. Sindangjawa Permai",
        "fungsi_jalan": "Lingkungan",
        "lebar_ruas": "5 meter",
        "kecepatan_rencana": "20 km/jam",
        "kondisi": "Baik (Aspal Hotmix)",
        "kewenangan": "Kabupaten",
        "panjang_km": 0.49,
        "foto_gallery": [
          {
            "url": "/images/foto_kawasan-znt-sumber.jpg",
            "caption": "Kondisi fisik perkerasan jalan dan akses koridor Jl. Sindangjawa Permai."
          },
          {
            "url": "/images/foto_pasar-sumber-cirebon.jpg",
            "caption": "Kawasan bangkitan aktivitas komersial di sepanjang jalur jalan."
          }
        ]
      },
      "geometry": {
        "type": "MultiLineString",
        "coordinates": [
          [
            [
              108.48199785600005,
              -6.752011991999971
            ],
            [
              108.48204927900004,
              -6.751914136999957
            ],
            [
              108.48219641000004,
              -6.751568778999982
            ],
            [
              108.4822227720001,
              -6.751334454999956
            ],
            [
              108.4822035370001,
              -6.750963284999976
            ],
            [
              108.48202851900001,
              -6.750000435999979
            ],
            [
              108.48193421500011,
              -6.749481611999951
            ],
            [
              108.48181573600009,
              -6.749419201999938
            ],
            [
              108.48147655800008,
              -6.749345229999946
            ],
            [
              108.48101561600005,
              -6.749277741999958
            ],
            [
              108.48065250600011,
              -6.74926536299991
            ],
            [
              108.48056094300009,
              -6.749211288999966
            ],
            [
              108.48049861100009,
              -6.748955837999969
            ],
            [
              108.4804805200001,
              -6.748875527999896
            ]
          ]
        ]
      }
    },
    {
      "type": "Feature",
      "id": 40,
      "properties": {
        "id": 40,
        "nama_ruas": "Jl. Pangeran Cakrabuana",
        "fungsi_jalan": "Kolektor Primer",
        "lebar_ruas": "10 meter",
        "kecepatan_rencana": "50 km/jam",
        "kondisi": "Baik (Aspal Hotmix)",
        "kewenangan": "Kabupaten",
        "panjang_km": 1.02,
        "foto_gallery": [
          {
            "url": "/images/foto_kawasan-znt-sumber.jpg",
            "caption": "Kondisi fisik perkerasan jalan dan akses koridor Jl. Pangeran Cakrabuana."
          },
          {
            "url": "/images/foto_pasar-sumber-cirebon.jpg",
            "caption": "Kawasan bangkitan aktivitas komersial di sepanjang jalur jalan."
          }
        ]
      },
      "geometry": {
        "type": "MultiLineString",
        "coordinates": [
          [
            [
              108.47497297400012,
              -6.758552850999909
            ],
            [
              108.47501706100005,
              -6.758466626999969
            ],
            [
              108.47522115500006,
              -6.757537766999942
            ],
            [
              108.4752827900001,
              -6.75716573499998
            ],
            [
              108.475340857,
              -6.756953339
            ],
            [
              108.47546952400009,
              -6.756432345999961
            ],
            [
              108.47551003600006,
              -6.756006818999925
            ],
            [
              108.475540558,
              -6.755686165999951
            ],
            [
              108.47551348900008,
              -6.75515658399992
            ],
            [
              108.47545814000003,
              -6.75475105699994
            ],
            [
              108.47538390200002,
              -6.754344473999961
            ],
            [
              108.47531747100003,
              -6.753881204
            ],
            [
              108.47519961400005,
              -6.753059349999944
            ],
            [
              108.47517460100002,
              -6.752684238
            ],
            [
              108.47514476400004,
              -6.75223690999993
            ],
            [
              108.47511146300003,
              -6.751737562
            ],
            [
              108.47508881500002,
              -6.751397987999972
            ],
            [
              108.47519794400009,
              -6.751343705999922
            ],
            [
              108.47539271900004,
              -6.751330191999958
            ],
            [
              108.47566260600007,
              -6.751373487999988
            ],
            [
              108.47617453500007,
              -6.751543965999971
            ],
            [
              108.47689243200004,
              -6.75178117599997
            ]
          ]
        ]
      }
    },
    {
      "type": "Feature",
      "id": 41,
      "properties": {
        "id": 41,
        "nama_ruas": "Jl. Fatahillah",
        "fungsi_jalan": "Arteri Primer",
        "lebar_ruas": "14 meter",
        "kecepatan_rencana": "60 km/jam",
        "kondisi": "Baik (Aspal Hotmix)",
        "kewenangan": "Provinsi",
        "panjang_km": 0.76,
        "foto_gallery": [
          {
            "url": "/images/foto_kawasan-znt-sumber.jpg",
            "caption": "Kondisi fisik perkerasan jalan dan akses koridor Jl. Fatahillah."
          },
          {
            "url": "/images/foto_pasar-sumber-cirebon.jpg",
            "caption": "Kawasan bangkitan aktivitas komersial di sepanjang jalur jalan."
          }
        ]
      },
      "geometry": {
        "type": "MultiLineString",
        "coordinates": [
          [
            [
              108.45931167300006,
              -6.747423363999914
            ],
            [
              108.45936189000004,
              -6.747432328999945
            ],
            [
              108.4596319980001,
              -6.747477062
            ],
            [
              108.46124954100009,
              -6.747744932999964
            ],
            [
              108.46207237200005,
              -6.747854349999958
            ],
            [
              108.46345946400007,
              -6.748038801999943
            ],
            [
              108.4635264920001,
              -6.748045159999936
            ],
            [
              108.4636736340001,
              -6.748070955999939
            ],
            [
              108.46367384400013,
              -6.748071002999943
            ],
            [
              108.4638205780001,
              -6.748103643999979
            ],
            [
              108.46428418900008,
              -6.748200044999962
            ],
            [
              108.46533589400006,
              -6.74839550799997
            ],
            [
              108.46596513600008,
              -6.748417007999972
            ],
            [
              108.4660995450001,
              -6.748414065
            ]
          ]
        ]
      }
    },
    {
      "type": "Feature",
      "id": 42,
      "properties": {
        "id": 42,
        "nama_ruas": "Jl. Sunan Drajat",
        "fungsi_jalan": "Kolektor Sekunder",
        "lebar_ruas": "8 meter",
        "kecepatan_rencana": "40 km/jam",
        "kondisi": "Baik (Aspal Hotmix)",
        "kewenangan": "Kabupaten",
        "panjang_km": 5.52,
        "foto_gallery": [
          {
            "url": "/images/foto_kawasan-znt-sumber.jpg",
            "caption": "Kondisi fisik perkerasan jalan dan akses koridor Jl. Sunan Drajat."
          },
          {
            "url": "/images/foto_pasar-sumber-cirebon.jpg",
            "caption": "Kawasan bangkitan aktivitas komersial di sepanjang jalur jalan."
          }
        ]
      },
      "geometry": {
        "type": "MultiLineString",
        "coordinates": [
          [
            [
              108.48976660037043,
              -6.792059871978527
            ],
            [
              108.4901222340001,
              -6.791185191999947
            ],
            [
              108.49021101200006,
              -6.790951370999963
            ],
            [
              108.49044377600005,
              -6.790338330999955
            ],
            [
              108.49084836100005,
              -6.789249032999976
            ],
            [
              108.49118463200007,
              -6.788228616999923
            ],
            [
              108.49136192600008,
              -6.787650398999954
            ],
            [
              108.49182864600006,
              -6.786070291999955
            ],
            [
              108.49183798600004,
              -6.78603360299994
            ],
            [
              108.49187770100012,
              -6.785929297999925
            ],
            [
              108.4920126570001,
              -6.785425193999959
            ],
            [
              108.49214124700008,
              -6.785094063
            ],
            [
              108.49238793300006,
              -6.78434372
            ],
            [
              108.4925462290001,
              -6.783840106999904
            ],
            [
              108.49269660900002,
              -6.78336166699993
            ],
            [
              108.49280678500008,
              -6.783043770999917
            ],
            [
              108.49300849500007,
              -6.782456268999979
            ],
            [
              108.49308351000006,
              -6.782246487999942
            ],
            [
              108.49325146200002,
              -6.781628779
            ],
            [
              108.49334754400006,
              -6.781315526999919
            ],
            [
              108.49355038200005,
              -6.780773624999934
            ],
            [
              108.49354325100009,
              -6.780691010999938
            ],
            [
              108.49348753600009,
              -6.780508154999907
            ],
            [
              108.49302092500004,
              -6.779684092999936
            ],
            [
              108.49285636000009,
              -6.779405654
            ],
            [
              108.49274195600013,
              -6.779134215999914
            ],
            [
              108.49238422400002,
              -6.77850882899995
            ],
            [
              108.49212920000006,
              -6.778135018999929
            ],
            [
              108.4920244660001,
              -6.777981498999928
            ],
            [
              108.49191946100002,
              -6.777707452
            ],
            [
              108.49167432800009,
              -6.776875552
            ],
            [
              108.49157344600009,
              -6.776396970999919
            ],
            [
              108.49159243200006,
              -6.77605599099995
            ],
            [
              108.49161260700004,
              -6.775876834999959
            ],
            [
              108.49170158100011,
              -6.775549637999976
            ],
            [
              108.49178369100007,
              -6.775179042999955
            ],
            [
              108.49174628700008,
              -6.774850514999951
            ],
            [
              108.49168940700008,
              -6.774643026000014
            ],
            [
              108.4918204480001,
              -6.774034263
            ],
            [
              108.49185615500002,
              -6.773854952
            ],
            [
              108.49188555100007,
              -6.773707312999953
            ],
            [
              108.49224091800006,
              -6.772851572999937
            ],
            [
              108.49240161500003,
              -6.772401572
            ],
            [
              108.49262841600006,
              -6.771766452999948
            ],
            [
              108.49263298200009,
              -6.771752386999939
            ],
            [
              108.49280607000011,
              -6.771218797999932
            ],
            [
              108.49325298100005,
              -6.769016422999961
            ],
            [
              108.49332795700003,
              -6.768426239999979
            ],
            [
              108.49326168600005,
              -6.767277221999944
            ],
            [
              108.49324318500004,
              -6.766766204999939
            ],
            [
              108.49324424400004,
              -6.766303603999944
            ],
            [
              108.4932696490001,
              -6.766054749999959
            ],
            [
              108.49332968000009,
              -6.76589875400002
            ],
            [
              108.49397701,
              -6.765423252999934
            ],
            [
              108.49425857800011,
              -6.765260318999953
            ],
            [
              108.49445395500003,
              -6.765198324999975
            ],
            [
              108.49472720900008,
              -6.765246873
            ],
            [
              108.49507053300006,
              -6.765331678999907
            ],
            [
              108.49536338700005,
              -6.765336522999952
            ],
            [
              108.49560041200003,
              -6.765229581999986
            ],
            [
              108.49568082100002,
              -6.765150708999943
            ],
            [
              108.49615040000006,
              -6.764690094999935
            ],
            [
              108.49638701500001,
              -6.764416840999974
            ],
            [
              108.49647611200001,
              -6.764276701999925
            ],
            [
              108.49650165400008,
              -6.7640498989999
            ],
            [
              108.49632118300008,
              -6.76257700699998
            ]
          ]
        ]
      }
    },
    {
      "type": "Feature",
      "id": 43,
      "properties": {
        "id": 43,
        "nama_ruas": "Jl. Sunan Kalijaga",
        "fungsi_jalan": "Kolektor Sekunder",
        "lebar_ruas": "9 meter",
        "kecepatan_rencana": "40 km/jam",
        "kondisi": "Baik (Aspal Hotmix)",
        "kewenangan": "Kabupaten",
        "panjang_km": 0.22,
        "foto_gallery": [
          {
            "url": "/images/foto_kawasan-znt-sumber.jpg",
            "caption": "Kondisi fisik perkerasan jalan dan akses koridor Jl. Sunan Kalijaga."
          },
          {
            "url": "/images/foto_pasar-sumber-cirebon.jpg",
            "caption": "Kawasan bangkitan aktivitas komersial di sepanjang jalur jalan."
          }
        ]
      },
      "geometry": {
        "type": "MultiLineString",
        "coordinates": [
          [
            [
              108.47621530000006,
              -6.763241333999968
            ],
            [
              108.47621548900008,
              -6.762738256
            ],
            [
              108.47622604000006,
              -6.762424764999906
            ],
            [
              108.47622899000004,
              -6.762337170999942
            ],
            [
              108.47623860400003,
              -6.762164162000015
            ],
            [
              108.47632567000005,
              -6.762032594999965
            ],
            [
              108.47686809600008,
              -6.761694189999943
            ],
            [
              108.47694598500003,
              -6.761653580999958
            ]
          ]
        ]
      }
    },
    {
      "type": "Feature",
      "id": 44,
      "properties": {
        "id": 44,
        "nama_ruas": "Jl. Sultan Agung",
        "fungsi_jalan": "Kolektor Primer",
        "lebar_ruas": "10 meter",
        "kecepatan_rencana": "50 km/jam",
        "kondisi": "Baik (Aspal Hotmix)",
        "kewenangan": "Kabupaten",
        "panjang_km": 0.89,
        "foto_gallery": [
          {
            "url": "/images/foto_kawasan-znt-sumber.jpg",
            "caption": "Kondisi fisik perkerasan jalan dan akses koridor Jl. Sultan Agung."
          },
          {
            "url": "/images/foto_pasar-sumber-cirebon.jpg",
            "caption": "Kawasan bangkitan aktivitas komersial di sepanjang jalur jalan."
          }
        ]
      },
      "geometry": {
        "type": "MultiLineString",
        "coordinates": [
          [
            [
              108.47208395937596,
              -6.793613415711118
            ],
            [
              108.47216641300008,
              -6.793189818999988
            ],
            [
              108.47226135400003,
              -6.792357415999948
            ],
            [
              108.47232089700007,
              -6.791984028999963
            ],
            [
              108.47243915100009,
              -6.791453579999949
            ],
            [
              108.47273303900006,
              -6.790467718999913
            ],
            [
              108.4727217530001,
              -6.790326287999935
            ]
          ]
        ]
      }
    },
    {
      "type": "Feature",
      "id": 45,
      "properties": {
        "id": 45,
        "nama_ruas": "Jl. Ki Ageng Tirtayasa",
        "fungsi_jalan": "Lokal Primer",
        "lebar_ruas": "7 meter",
        "kecepatan_rencana": "30 km/jam",
        "kondisi": "Baik (Aspal Hotmix)",
        "kewenangan": "Kabupaten",
        "panjang_km": 0.49,
        "foto_gallery": [
          {
            "url": "/images/foto_kawasan-znt-sumber.jpg",
            "caption": "Kondisi fisik perkerasan jalan dan akses koridor Jl. Ki Ageng Tirtayasa."
          },
          {
            "url": "/images/foto_pasar-sumber-cirebon.jpg",
            "caption": "Kawasan bangkitan aktivitas komersial di sepanjang jalur jalan."
          }
        ]
      },
      "geometry": {
        "type": "MultiLineString",
        "coordinates": [
          [
            [
              108.49755086400003,
              -6.755097065999969
            ],
            [
              108.4967252210001,
              -6.755155171999981
            ],
            [
              108.49646193100008,
              -6.755195273999924
            ],
            [
              108.49614400100006,
              -6.755236558999965
            ],
            [
              108.49563498000005,
              -6.755365347999962
            ],
            [
              108.49510345800003,
              -6.755548201
            ],
            [
              108.4950268680001,
              -6.755626697
            ],
            [
              108.49496229400008,
              -6.75598421699992
            ],
            [
              108.49493159200003,
              -6.756107132999965
            ],
            [
              108.49487078800006,
              -6.756350536999943
            ],
            [
              108.4947800770001,
              -6.756578033999936
            ],
            [
              108.49470642300005,
              -6.756720141999971
            ],
            [
              108.49449460400011,
              -6.756752495999894
            ],
            [
              108.49409900500007,
              -6.756770898
            ]
          ]
        ]
      }
    },
    {
      "type": "Feature",
      "id": 46,
      "properties": {
        "id": 46,
        "nama_ruas": "Jl. Dewi Sartika",
        "fungsi_jalan": "Lokal Primer",
        "lebar_ruas": "7 meter",
        "kecepatan_rencana": "30 km/jam",
        "kondisi": "Baik (Aspal Hotmix)",
        "kewenangan": "Kabupaten",
        "panjang_km": 0.38,
        "foto_gallery": [
          {
            "url": "/images/foto_kawasan-znt-sumber.jpg",
            "caption": "Kondisi fisik perkerasan jalan dan akses koridor Jl. Dewi Sartika."
          },
          {
            "url": "/images/foto_pasar-sumber-cirebon.jpg",
            "caption": "Kawasan bangkitan aktivitas komersial di sepanjang jalur jalan."
          }
        ]
      },
      "geometry": {
        "type": "MultiLineString",
        "coordinates": [
          [
            [
              108.49689191700004,
              -6.778036039
            ],
            [
              108.49696418200007,
              -6.778057356999987
            ],
            [
              108.49697531000001,
              -6.778059465999984
            ],
            [
              108.49715690500003,
              -6.778069087999981
            ],
            [
              108.49735389600008,
              -6.778016004999941
            ],
            [
              108.49760311500009,
              -6.77787585999998
            ],
            [
              108.49785707300005,
              -6.777758026999912
            ],
            [
              108.49817258600005,
              -6.777723836999925
            ],
            [
              108.4983663580001,
              -6.77774611
            ],
            [
              108.49857062600003,
              -6.777861497999947
            ],
            [
              108.49870609100005,
              -6.777994488999937
            ],
            [
              108.49875152500007,
              -6.77812382499998
            ],
            [
              108.49875932,
              -6.77817605799995
            ],
            [
              108.49888204600003,
              -6.778230056999977
            ],
            [
              108.49904115200006,
              -6.778245779999946
            ],
            [
              108.49929344200007,
              -6.778207848
            ],
            [
              108.50000103700008,
              -6.778335949999946
            ]
          ]
        ]
      }
    },
    {
      "type": "Feature",
      "id": 47,
      "properties": {
        "id": 47,
        "nama_ruas": "Jl. R.A. Kartini Sumber",
        "fungsi_jalan": "Lokal Sekunder",
        "lebar_ruas": "6 meter",
        "kecepatan_rencana": "30 km/jam",
        "kondisi": "Baik (Aspal Hotmix)",
        "kewenangan": "Kabupaten",
        "panjang_km": 0.08,
        "foto_gallery": [
          {
            "url": "/images/foto_kawasan-znt-sumber.jpg",
            "caption": "Kondisi fisik perkerasan jalan dan akses koridor Jl. R.A. Kartini Sumber."
          },
          {
            "url": "/images/foto_pasar-sumber-cirebon.jpg",
            "caption": "Kawasan bangkitan aktivitas komersial di sepanjang jalur jalan."
          }
        ]
      },
      "geometry": {
        "type": "MultiLineString",
        "coordinates": [
          [
            [
              108.47676384700006,
              -6.763648453
            ],
            [
              108.47685303200007,
              -6.763620917999933
            ],
            [
              108.4773073120001,
              -6.763486411
            ],
            [
              108.47739938600007,
              -6.763334317999934
            ]
          ]
        ]
      }
    },
    {
      "type": "Feature",
      "id": 48,
      "properties": {
        "id": 48,
        "nama_ruas": "Jl. Pemuda Sumber",
        "fungsi_jalan": "Lokal Sekunder",
        "lebar_ruas": "6 meter",
        "kecepatan_rencana": "30 km/jam",
        "kondisi": "Baik (Aspal Hotmix)",
        "kewenangan": "Kabupaten",
        "panjang_km": 0.2,
        "foto_gallery": [
          {
            "url": "/images/foto_kawasan-znt-sumber.jpg",
            "caption": "Kondisi fisik perkerasan jalan dan akses koridor Jl. Pemuda Sumber."
          },
          {
            "url": "/images/foto_pasar-sumber-cirebon.jpg",
            "caption": "Kawasan bangkitan aktivitas komersial di sepanjang jalur jalan."
          }
        ]
      },
      "geometry": {
        "type": "MultiLineString",
        "coordinates": [
          [
            [
              108.46585668900008,
              -6.753950666999973
            ],
            [
              108.46598278300003,
              -6.753680300999985
            ],
            [
              108.46626343100007,
              -6.752984741999988
            ],
            [
              108.46658935400004,
              -6.752290493999922
            ]
          ]
        ]
      }
    },
    {
      "type": "Feature",
      "id": 49,
      "properties": {
        "id": 49,
        "nama_ruas": "Jl. Raya Tukmudal",
        "fungsi_jalan": "Lokal Primer",
        "lebar_ruas": "7 meter",
        "kecepatan_rencana": "35 km/jam",
        "kondisi": "Baik (Aspal Hotmix)",
        "kewenangan": "Kabupaten",
        "panjang_km": 0.12,
        "foto_gallery": [
          {
            "url": "/images/foto_kawasan-znt-sumber.jpg",
            "caption": "Kondisi fisik perkerasan jalan dan akses koridor Jl. Raya Tukmudal."
          },
          {
            "url": "/images/foto_pasar-sumber-cirebon.jpg",
            "caption": "Kawasan bangkitan aktivitas komersial di sepanjang jalur jalan."
          }
        ]
      },
      "geometry": {
        "type": "MultiLineString",
        "coordinates": [
          [
            [
              108.47912562100008,
              -6.764469230999957
            ],
            [
              108.47921887200006,
              -6.764293943999931
            ],
            [
              108.47943860800004,
              -6.763905241999922
            ],
            [
              108.47966553800008,
              -6.763553277999932
            ]
          ]
        ]
      }
    },
    {
      "type": "Feature",
      "id": 50,
      "properties": {
        "id": 50,
        "nama_ruas": "Jl. Perbutulan Raya",
        "fungsi_jalan": "Lokal Sekunder",
        "lebar_ruas": "6 meter",
        "kecepatan_rencana": "30 km/jam",
        "kondisi": "Baik (Aspal Hotmix)",
        "kewenangan": "Kabupaten",
        "panjang_km": 0.19,
        "foto_gallery": [
          {
            "url": "/images/foto_kawasan-znt-sumber.jpg",
            "caption": "Kondisi fisik perkerasan jalan dan akses koridor Jl. Perbutulan Raya."
          },
          {
            "url": "/images/foto_pasar-sumber-cirebon.jpg",
            "caption": "Kawasan bangkitan aktivitas komersial di sepanjang jalur jalan."
          }
        ]
      },
      "geometry": {
        "type": "MultiLineString",
        "coordinates": [
          [
            [
              108.50241514000007,
              -6.759006643999975
            ],
            [
              108.50250518800006,
              -6.758907809999968
            ],
            [
              108.50277995200005,
              -6.758813656
            ],
            [
              108.50291805000002,
              -6.758739676999912
            ],
            [
              108.50300299800004,
              -6.75861799599997
            ],
            [
              108.5030295270001,
              -6.758485406000013
            ],
            [
              108.50313182700003,
              -6.757605807999976
            ]
          ]
        ]
      }
    },
    {
      "type": "Feature",
      "id": 51,
      "properties": {
        "id": 51,
        "nama_ruas": "Jl. Pejambon Asri",
        "fungsi_jalan": "Lingkungan",
        "lebar_ruas": "5 meter",
        "kecepatan_rencana": "20 km/jam",
        "kondisi": "Baik (Aspal Hotmix)",
        "kewenangan": "Kabupaten",
        "panjang_km": 0.29,
        "foto_gallery": [
          {
            "url": "/images/foto_kawasan-znt-sumber.jpg",
            "caption": "Kondisi fisik perkerasan jalan dan akses koridor Jl. Pejambon Asri."
          },
          {
            "url": "/images/foto_pasar-sumber-cirebon.jpg",
            "caption": "Kawasan bangkitan aktivitas komersial di sepanjang jalur jalan."
          }
        ]
      },
      "geometry": {
        "type": "MultiLineString",
        "coordinates": [
          [
            [
              108.50875227500002,
              -6.768581699999963
            ],
            [
              108.50875519000009,
              -6.768557936999951
            ],
            [
              108.5087606060001,
              -6.768452078999896
            ],
            [
              108.508941931,
              -6.768369681
            ],
            [
              108.50932086900009,
              -6.768307626999935
            ],
            [
              108.50948368100006,
              -6.768280959999949
            ],
            [
              108.51011293700007,
              -6.768168076999935
            ],
            [
              108.51015111300003,
              -6.768167124999945
            ],
            [
              108.51020681300011,
              -6.768165737999919
            ],
            [
              108.51068659200011,
              -6.768153761999905
            ],
            [
              108.51117564100008,
              -6.768201039999909
            ],
            [
              108.51122792400005,
              -6.768197926999918
            ]
          ]
        ]
      }
    },
    {
      "type": "Feature",
      "id": 52,
      "properties": {
        "id": 52,
        "nama_ruas": "Jl. Sindangjawa Permai",
        "fungsi_jalan": "Lingkungan",
        "lebar_ruas": "5 meter",
        "kecepatan_rencana": "20 km/jam",
        "kondisi": "Baik (Aspal Hotmix)",
        "kewenangan": "Kabupaten",
        "panjang_km": 0.44,
        "foto_gallery": [
          {
            "url": "/images/foto_kawasan-znt-sumber.jpg",
            "caption": "Kondisi fisik perkerasan jalan dan akses koridor Jl. Sindangjawa Permai."
          },
          {
            "url": "/images/foto_pasar-sumber-cirebon.jpg",
            "caption": "Kawasan bangkitan aktivitas komersial di sepanjang jalur jalan."
          }
        ]
      },
      "geometry": {
        "type": "MultiLineString",
        "coordinates": [
          [
            [
              108.50000054100003,
              -6.762763750999977
            ],
            [
              108.49985687600005,
              -6.762756360999987
            ],
            [
              108.49947983600003,
              -6.762707254999921
            ],
            [
              108.49929594200009,
              -6.762691894999893
            ],
            [
              108.49912646300001,
              -6.762677737999965
            ],
            [
              108.4988280790001,
              -6.763043131
            ],
            [
              108.4986531160001,
              -6.763049235999972
            ],
            [
              108.4984565330001,
              -6.76306292899995
            ],
            [
              108.49825869400007,
              -6.763090659999936
            ],
            [
              108.49809975700006,
              -6.763093452999989
            ],
            [
              108.49808818700008,
              -6.763093656
            ],
            [
              108.49794233500009,
              -6.763096217999951
            ],
            [
              108.49782683500004,
              -6.763045889999962
            ],
            [
              108.497344491,
              -6.762995978999918
            ],
            [
              108.49691596300008,
              -6.76296118399997
            ],
            [
              108.49640374400006,
              -6.762596193999968
            ],
            [
              108.49632118300008,
              -6.76257700699998
            ]
          ]
        ]
      }
    },
    {
      "type": "Feature",
      "id": 53,
      "properties": {
        "id": 53,
        "nama_ruas": "Jl. Pangeran Cakrabuana",
        "fungsi_jalan": "Kolektor Primer",
        "lebar_ruas": "10 meter",
        "kecepatan_rencana": "50 km/jam",
        "kondisi": "Baik (Aspal Hotmix)",
        "kewenangan": "Kabupaten",
        "panjang_km": 0.14,
        "foto_gallery": [
          {
            "url": "/images/foto_kawasan-znt-sumber.jpg",
            "caption": "Kondisi fisik perkerasan jalan dan akses koridor Jl. Pangeran Cakrabuana."
          },
          {
            "url": "/images/foto_pasar-sumber-cirebon.jpg",
            "caption": "Kawasan bangkitan aktivitas komersial di sepanjang jalur jalan."
          }
        ]
      },
      "geometry": {
        "type": "MultiLineString",
        "coordinates": [
          [
            [
              108.48510756800005,
              -6.764379715999922
            ],
            [
              108.48515885300012,
              -6.764361127999983
            ],
            [
              108.48536848100005,
              -6.764319438
            ],
            [
              108.4861300410001,
              -6.76427055999995
            ],
            [
              108.48638653700009,
              -6.764251333999958
            ]
          ]
        ]
      }
    },
    {
      "type": "Feature",
      "id": 54,
      "properties": {
        "id": 54,
        "nama_ruas": "Jl. Fatahillah",
        "fungsi_jalan": "Arteri Primer",
        "lebar_ruas": "14 meter",
        "kecepatan_rencana": "60 km/jam",
        "kondisi": "Baik (Aspal Hotmix)",
        "kewenangan": "Provinsi",
        "panjang_km": 0.08,
        "foto_gallery": [
          {
            "url": "/images/foto_kawasan-znt-sumber.jpg",
            "caption": "Kondisi fisik perkerasan jalan dan akses koridor Jl. Fatahillah."
          },
          {
            "url": "/images/foto_pasar-sumber-cirebon.jpg",
            "caption": "Kawasan bangkitan aktivitas komersial di sepanjang jalur jalan."
          }
        ]
      },
      "geometry": {
        "type": "MultiLineString",
        "coordinates": [
          [
            [
              108.47801893200008,
              -6.765209734999942
            ],
            [
              108.47809711500007,
              -6.765239737999938
            ],
            [
              108.47840366900003,
              -6.765356455999914
            ],
            [
              108.4786867590001,
              -6.76548785599995
            ]
          ]
        ]
      }
    },
    {
      "type": "Feature",
      "id": 55,
      "properties": {
        "id": 55,
        "nama_ruas": "Jl. Sunan Drajat",
        "fungsi_jalan": "Kolektor Sekunder",
        "lebar_ruas": "8 meter",
        "kecepatan_rencana": "40 km/jam",
        "kondisi": "Baik (Aspal Hotmix)",
        "kewenangan": "Kabupaten",
        "panjang_km": 4.94,
        "foto_gallery": [
          {
            "url": "/images/foto_kawasan-znt-sumber.jpg",
            "caption": "Kondisi fisik perkerasan jalan dan akses koridor Jl. Sunan Drajat."
          },
          {
            "url": "/images/foto_pasar-sumber-cirebon.jpg",
            "caption": "Kawasan bangkitan aktivitas komersial di sepanjang jalur jalan."
          }
        ]
      },
      "geometry": {
        "type": "MultiLineString",
        "coordinates": [
          [
            [
              108.47111447100008,
              -6.751794832999945
            ],
            [
              108.47110867300005,
              -6.751680614999909
            ],
            [
              108.47107574900008,
              -6.751387964999942
            ],
            [
              108.47092817400004,
              -6.750000375999974
            ],
            [
              108.47091586600008,
              -6.749884616999989
            ],
            [
              108.47084351300005,
              -6.74920429199992
            ],
            [
              108.47083849700007,
              -6.749157108999924
            ],
            [
              108.47077322200009,
              -6.74799987899992
            ],
            [
              108.47072370100008,
              -6.747121843999924
            ],
            [
              108.47078866100013,
              -6.746743068999937
            ],
            [
              108.47074056700005,
              -6.746443381999921
            ],
            [
              108.47060720800003,
              -6.746216085999944
            ],
            [
              108.47047018600006,
              -6.746008472
            ],
            [
              108.47028774400006,
              -6.745506670999955
            ],
            [
              108.47026651700008,
              -6.745221032999947
            ],
            [
              108.47028267400009,
              -6.744846306999939
            ],
            [
              108.47038229000007,
              -6.744482135999917
            ],
            [
              108.470393286,
              -6.744424056
            ],
            [
              108.47039702300005,
              -6.744416365999982
            ],
            [
              108.47043590400007,
              -6.744336495999946
            ],
            [
              108.47049285100007,
              -6.744024330999963
            ],
            [
              108.47031384000009,
              -6.743610474
            ],
            [
              108.47015156300007,
              -6.743457965999909
            ],
            [
              108.47001162400005,
              -6.743352405999968
            ],
            [
              108.46986962200002,
              -6.742888473999951
            ],
            [
              108.46963322700009,
              -6.741096201999895
            ],
            [
              108.4696150170001,
              -6.740906890999952
            ],
            [
              108.46959739800006,
              -6.740863274999985
            ],
            [
              108.46947519000007,
              -6.740121436999978
            ],
            [
              108.46936184500002,
              -6.738898067
            ],
            [
              108.46935812000007,
              -6.738563472999946
            ],
            [
              108.46936750000005,
              -6.738517222999938
            ],
            [
              108.46947112100008,
              -6.738006096999925
            ],
            [
              108.46962321700006,
              -6.737255857000022
            ],
            [
              108.46976362900004,
              -6.736811275
            ],
            [
              108.47030535000002,
              -6.734935334999957
            ],
            [
              108.47042293200006,
              -6.734588716999966
            ],
            [
              108.47051851800006,
              -6.734402895999956
            ],
            [
              108.47064706200004,
              -6.734152998999974
            ],
            [
              108.47068903400005,
              -6.734074798999899
            ],
            [
              108.47107043000008,
              -6.733364161999898
            ],
            [
              108.47110541000004,
              -6.733283168999947
            ],
            [
              108.471328209,
              -6.732767271999894
            ],
            [
              108.47168131600009,
              -6.731197659999964
            ],
            [
              108.47174154300009,
              -6.730549344999968
            ],
            [
              108.47177036500008,
              -6.730128023999924
            ],
            [
              108.47183488500009,
              -6.729184748999948
            ],
            [
              108.47183980100006,
              -6.72909591899997
            ],
            [
              108.47187174100011,
              -6.728519168999945
            ],
            [
              108.47187116900007,
              -6.728413138999965
            ],
            [
              108.47186642300004,
              -6.727537711
            ],
            [
              108.47192882500005,
              -6.726507023999904
            ],
            [
              108.47193004100006,
              -6.726486876999925
            ],
            [
              108.47196869400005,
              -6.725629169999923
            ],
            [
              108.4719809790001,
              -6.725522563999984
            ],
            [
              108.47198547100002,
              -6.725410920999895
            ],
            [
              108.47198584500006,
              -6.725401650000016
            ],
            [
              108.47202564400007,
              -6.72441290599992
            ],
            [
              108.47203403800005,
              -6.72399955
            ],
            [
              108.47204059100005,
              -6.723740638999985
            ],
            [
              108.47204248200003,
              -6.72350454
            ],
            [
              108.47204598400006,
              -6.723297645999924
            ],
            [
              108.47206161100011,
              -6.722974736999941
            ],
            [
              108.47213130700001,
              -6.721973087999931
            ],
            [
              108.47213462300002,
              -6.721899875
            ],
            [
              108.47217063300008,
              -6.721104990999958
            ],
            [
              108.47217930600007,
              -6.720913622999934
            ],
            [
              108.4721796310001,
              -6.720696959999948
            ],
            [
              108.47218095000004,
              -6.719803217999985
            ],
            [
              108.47218103700004,
              -6.719742576999941
            ],
            [
              108.4722794040001,
              -6.718496096999925
            ],
            [
              108.4723234560001,
              -6.718270098999966
            ],
            [
              108.47245005000009,
              -6.717582316
            ],
            [
              108.47248524700008,
              -6.717280365999965
            ],
            [
              108.47251221400009,
              -6.717049073999924
            ],
            [
              108.47252564200005,
              -6.716701770999965
            ],
            [
              108.47254265900003,
              -6.716261499999952
            ],
            [
              108.47255405300008,
              -6.715966793
            ],
            [
              108.47268570700005,
              -6.715137066
            ],
            [
              108.47274937700008,
              -6.714844119999917
            ],
            [
              108.47275625800003,
              -6.714588114999962
            ],
            [
              108.47298755200008,
              -6.712991991999971
            ],
            [
              108.47306054900007,
              -6.712562691999977
            ],
            [
              108.47313323700004,
              -6.712044162999973
            ],
            [
              108.47319796300008,
              -6.711796851999939
            ],
            [
              108.47323447800008,
              -6.711647234999905
            ],
            [
              108.47333749300007,
              -6.711225165999977
            ],
            [
              108.47341812600008,
              -6.710710183999911
            ],
            [
              108.4735438330001,
              -6.709907329
            ],
            [
              108.47362348200002,
              -6.708604564999952
            ],
            [
              108.47378616400007,
              -6.708374197999987
            ]
          ]
        ]
      }
    },
    {
      "type": "Feature",
      "id": 56,
      "properties": {
        "id": 56,
        "nama_ruas": "Jl. Sunan Kalijaga",
        "fungsi_jalan": "Kolektor Sekunder",
        "lebar_ruas": "9 meter",
        "kecepatan_rencana": "40 km/jam",
        "kondisi": "Baik (Aspal Hotmix)",
        "kewenangan": "Kabupaten",
        "panjang_km": 0.18,
        "foto_gallery": [
          {
            "url": "/images/foto_kawasan-znt-sumber.jpg",
            "caption": "Kondisi fisik perkerasan jalan dan akses koridor Jl. Sunan Kalijaga."
          },
          {
            "url": "/images/foto_pasar-sumber-cirebon.jpg",
            "caption": "Kawasan bangkitan aktivitas komersial di sepanjang jalur jalan."
          }
        ]
      },
      "geometry": {
        "type": "MultiLineString",
        "coordinates": [
          [
            [
              108.4786867590001,
              -6.76548785599995
            ],
            [
              108.47932362100003,
              -6.765783457999895
            ],
            [
              108.48001428900007,
              -6.766050616999973
            ],
            [
              108.4801423580001,
              -6.766091216999957
            ]
          ]
        ]
      }
    },
    {
      "type": "Feature",
      "id": 57,
      "properties": {
        "id": 57,
        "nama_ruas": "Jl. Sultan Agung",
        "fungsi_jalan": "Kolektor Primer",
        "lebar_ruas": "10 meter",
        "kecepatan_rencana": "50 km/jam",
        "kondisi": "Baik (Aspal Hotmix)",
        "kewenangan": "Kabupaten",
        "panjang_km": 0.04,
        "foto_gallery": [
          {
            "url": "/images/foto_kawasan-znt-sumber.jpg",
            "caption": "Kondisi fisik perkerasan jalan dan akses koridor Jl. Sultan Agung."
          },
          {
            "url": "/images/foto_pasar-sumber-cirebon.jpg",
            "caption": "Kawasan bangkitan aktivitas komersial di sepanjang jalur jalan."
          }
        ]
      },
      "geometry": {
        "type": "MultiLineString",
        "coordinates": [
          [
            [
              108.47841752700002,
              -6.765725970999934
            ],
            [
              108.47848247900006,
              -6.765629579999953
            ],
            [
              108.4786867590001,
              -6.76548785599995
            ]
          ]
        ]
      }
    },
    {
      "type": "Feature",
      "id": 58,
      "properties": {
        "id": 58,
        "nama_ruas": "Jl. Ki Ageng Tirtayasa",
        "fungsi_jalan": "Lokal Primer",
        "lebar_ruas": "7 meter",
        "kecepatan_rencana": "30 km/jam",
        "kondisi": "Baik (Aspal Hotmix)",
        "kewenangan": "Kabupaten",
        "panjang_km": 1.13,
        "foto_gallery": [
          {
            "url": "/images/foto_kawasan-znt-sumber.jpg",
            "caption": "Kondisi fisik perkerasan jalan dan akses koridor Jl. Ki Ageng Tirtayasa."
          },
          {
            "url": "/images/foto_pasar-sumber-cirebon.jpg",
            "caption": "Kawasan bangkitan aktivitas komersial di sepanjang jalur jalan."
          }
        ]
      },
      "geometry": {
        "type": "MultiLineString",
        "coordinates": [
          [
            [
              108.49715843000007,
              -6.758494680999981
            ],
            [
              108.49715406600006,
              -6.758413328999911
            ],
            [
              108.49718522800006,
              -6.758006037999962
            ],
            [
              108.497305898,
              -6.757042499
            ],
            [
              108.49728990200002,
              -6.756575561
            ],
            [
              108.49734427700008,
              -6.756119541000015
            ],
            [
              108.49736720900002,
              -6.755927211
            ],
            [
              108.49741115100002,
              -6.755720710999967
            ],
            [
              108.49746629400005,
              -6.75546156999993
            ],
            [
              108.49755086400003,
              -6.755097065999969
            ],
            [
              108.49758298300011,
              -6.754958656999975
            ],
            [
              108.49775322100008,
              -6.754103850999947
            ],
            [
              108.49775596800004,
              -6.754093443999974
            ],
            [
              108.4979445860001,
              -6.753379130999935
            ],
            [
              108.498059309,
              -6.752369983999927
            ],
            [
              108.49803218200006,
              -6.751331358999966
            ],
            [
              108.49806930300012,
              -6.751085066999927
            ],
            [
              108.49811071900008,
              -6.75081030099993
            ],
            [
              108.49826895400011,
              -6.75009645499993
            ],
            [
              108.4982902710001,
              -6.750000067999949
            ],
            [
              108.49835370800011,
              -6.749713160999924
            ],
            [
              108.49840693000007,
              -6.749396349999913
            ],
            [
              108.49843656500003,
              -6.749149873999947
            ],
            [
              108.49851452500009,
              -6.748501652999959
            ]
          ]
        ]
      }
    },
    {
      "type": "Feature",
      "id": 59,
      "properties": {
        "id": 59,
        "nama_ruas": "Jl. Dewi Sartika",
        "fungsi_jalan": "Lokal Primer",
        "lebar_ruas": "7 meter",
        "kecepatan_rencana": "30 km/jam",
        "kondisi": "Baik (Aspal Hotmix)",
        "kewenangan": "Kabupaten",
        "panjang_km": 0.52,
        "foto_gallery": [
          {
            "url": "/images/foto_kawasan-znt-sumber.jpg",
            "caption": "Kondisi fisik perkerasan jalan dan akses koridor Jl. Dewi Sartika."
          },
          {
            "url": "/images/foto_pasar-sumber-cirebon.jpg",
            "caption": "Kawasan bangkitan aktivitas komersial di sepanjang jalur jalan."
          }
        ]
      },
      "geometry": {
        "type": "MultiLineString",
        "coordinates": [
          [
            [
              108.48909608400001,
              -6.764020666999969
            ],
            [
              108.48923263300011,
              -6.764219023999949
            ],
            [
              108.49014450400007,
              -6.764709996999983
            ],
            [
              108.49176522100005,
              -6.76550300099996
            ],
            [
              108.49181016600004,
              -6.765521679
            ],
            [
              108.49226425400005,
              -6.765710411999979
            ],
            [
              108.4924732110001,
              -6.765788434999951
            ],
            [
              108.4929487940001,
              -6.765965999999899
            ],
            [
              108.49320230500003,
              -6.766043882999949
            ],
            [
              108.4932696490001,
              -6.766054749999959
            ]
          ]
        ]
      }
    },
    {
      "type": "Feature",
      "id": 60,
      "properties": {
        "id": 60,
        "nama_ruas": "Jl. R.A. Kartini Sumber",
        "fungsi_jalan": "Lokal Sekunder",
        "lebar_ruas": "6 meter",
        "kecepatan_rencana": "30 km/jam",
        "kondisi": "Baik (Aspal Hotmix)",
        "kewenangan": "Kabupaten",
        "panjang_km": 0.37,
        "foto_gallery": [
          {
            "url": "/images/foto_kawasan-znt-sumber.jpg",
            "caption": "Kondisi fisik perkerasan jalan dan akses koridor Jl. R.A. Kartini Sumber."
          },
          {
            "url": "/images/foto_pasar-sumber-cirebon.jpg",
            "caption": "Kawasan bangkitan aktivitas komersial di sepanjang jalur jalan."
          }
        ]
      },
      "geometry": {
        "type": "MultiLineString",
        "coordinates": [
          [
            [
              108.50288329700008,
              -6.76189966599998
            ],
            [
              108.5028309180001,
              -6.761902541999952
            ],
            [
              108.50198526300002,
              -6.761821525
            ],
            [
              108.50151422400005,
              -6.761844573999952
            ],
            [
              108.5010178840001,
              -6.761845783999963
            ],
            [
              108.50012974800006,
              -6.761729723999952
            ],
            [
              108.50000050000003,
              -6.761717256999898
            ],
            [
              108.49956944800007,
              -6.761675691999923
            ]
          ]
        ]
      }
    },
    {
      "type": "Feature",
      "id": 61,
      "properties": {
        "id": 61,
        "nama_ruas": "Jl. Pemuda Sumber",
        "fungsi_jalan": "Lokal Sekunder",
        "lebar_ruas": "6 meter",
        "kecepatan_rencana": "30 km/jam",
        "kondisi": "Baik (Aspal Hotmix)",
        "kewenangan": "Kabupaten",
        "panjang_km": 0.09,
        "foto_gallery": [
          {
            "url": "/images/foto_kawasan-znt-sumber.jpg",
            "caption": "Kondisi fisik perkerasan jalan dan akses koridor Jl. Pemuda Sumber."
          },
          {
            "url": "/images/foto_pasar-sumber-cirebon.jpg",
            "caption": "Kawasan bangkitan aktivitas komersial di sepanjang jalur jalan."
          }
        ]
      },
      "geometry": {
        "type": "MultiLineString",
        "coordinates": [
          [
            [
              108.50590022100003,
              -6.759906150999971
            ],
            [
              108.50653249600003,
              -6.759887799999962
            ],
            [
              108.50673041700007,
              -6.759880986999931
            ]
          ]
        ]
      }
    },
    {
      "type": "Feature",
      "id": 62,
      "properties": {
        "id": 62,
        "nama_ruas": "Jl. Raya Tukmudal",
        "fungsi_jalan": "Lokal Primer",
        "lebar_ruas": "7 meter",
        "kecepatan_rencana": "35 km/jam",
        "kondisi": "Baik (Aspal Hotmix)",
        "kewenangan": "Kabupaten",
        "panjang_km": 0.1,
        "foto_gallery": [
          {
            "url": "/images/foto_kawasan-znt-sumber.jpg",
            "caption": "Kondisi fisik perkerasan jalan dan akses koridor Jl. Raya Tukmudal."
          },
          {
            "url": "/images/foto_pasar-sumber-cirebon.jpg",
            "caption": "Kawasan bangkitan aktivitas komersial di sepanjang jalur jalan."
          }
        ]
      },
      "geometry": {
        "type": "MultiLineString",
        "coordinates": [
          [
            [
              108.50537744700003,
              -6.759863071999959
            ],
            [
              108.50537826100002,
              -6.759727240999911
            ],
            [
              108.50545285200006,
              -6.759418002
            ],
            [
              108.50556409600003,
              -6.758956800999936
            ]
          ]
        ]
      }
    },
    {
      "type": "Feature",
      "id": 63,
      "properties": {
        "id": 63,
        "nama_ruas": "Jl. Perbutulan Raya",
        "fungsi_jalan": "Lokal Sekunder",
        "lebar_ruas": "6 meter",
        "kecepatan_rencana": "30 km/jam",
        "kondisi": "Baik (Aspal Hotmix)",
        "kewenangan": "Kabupaten",
        "panjang_km": 0.06,
        "foto_gallery": [
          {
            "url": "/images/foto_kawasan-znt-sumber.jpg",
            "caption": "Kondisi fisik perkerasan jalan dan akses koridor Jl. Perbutulan Raya."
          },
          {
            "url": "/images/foto_pasar-sumber-cirebon.jpg",
            "caption": "Kawasan bangkitan aktivitas komersial di sepanjang jalur jalan."
          }
        ]
      },
      "geometry": {
        "type": "MultiLineString",
        "coordinates": [
          [
            [
              108.50604677000008,
              -6.757500034999929
            ],
            [
              108.5060019480001,
              -6.758012674999978
            ],
            [
              108.50600143200006,
              -6.758016449999936
            ]
          ]
        ]
      }
    },
    {
      "type": "Feature",
      "id": 64,
      "properties": {
        "id": 64,
        "nama_ruas": "Jl. Pejambon Asri",
        "fungsi_jalan": "Lingkungan",
        "lebar_ruas": "5 meter",
        "kecepatan_rencana": "20 km/jam",
        "kondisi": "Baik (Aspal Hotmix)",
        "kewenangan": "Kabupaten",
        "panjang_km": 0.41,
        "foto_gallery": [
          {
            "url": "/images/foto_kawasan-znt-sumber.jpg",
            "caption": "Kondisi fisik perkerasan jalan dan akses koridor Jl. Pejambon Asri."
          },
          {
            "url": "/images/foto_pasar-sumber-cirebon.jpg",
            "caption": "Kawasan bangkitan aktivitas komersial di sepanjang jalur jalan."
          }
        ]
      },
      "geometry": {
        "type": "MultiLineString",
        "coordinates": [
          [
            [
              108.49011641000006,
              -6.777834444999929
            ],
            [
              108.49052870600006,
              -6.776070285999978
            ],
            [
              108.49061406000001,
              -6.77575614800001
            ],
            [
              108.49073581300006,
              -6.775557407999909
            ],
            [
              108.49120185700006,
              -6.77511052299997
            ],
            [
              108.49168940700008,
              -6.774643026000014
            ]
          ]
        ]
      }
    },
    {
      "type": "Feature",
      "id": 65,
      "properties": {
        "id": 65,
        "nama_ruas": "Jl. Sindangjawa Permai",
        "fungsi_jalan": "Lingkungan",
        "lebar_ruas": "5 meter",
        "kecepatan_rencana": "20 km/jam",
        "kondisi": "Baik (Aspal Hotmix)",
        "kewenangan": "Kabupaten",
        "panjang_km": 0.52,
        "foto_gallery": [
          {
            "url": "/images/foto_kawasan-znt-sumber.jpg",
            "caption": "Kondisi fisik perkerasan jalan dan akses koridor Jl. Sindangjawa Permai."
          },
          {
            "url": "/images/foto_pasar-sumber-cirebon.jpg",
            "caption": "Kawasan bangkitan aktivitas komersial di sepanjang jalur jalan."
          }
        ]
      },
      "geometry": {
        "type": "MultiLineString",
        "coordinates": [
          [
            [
              108.50836434000009,
              -6.764025333999911
            ],
            [
              108.508423602,
              -6.764032686999897
            ],
            [
              108.50873319000004,
              -6.764089393999971
            ],
            [
              108.50906209900008,
              -6.764216422999912
            ],
            [
              108.50950425500007,
              -6.764313546999954
            ],
            [
              108.50952013100006,
              -6.764317034999976
            ],
            [
              108.50988832800006,
              -6.764381661
            ],
            [
              108.510125987,
              -6.764450632999928
            ],
            [
              108.51106010800002,
              -6.764743762999935
            ],
            [
              108.511609402,
              -6.764796606999955
            ],
            [
              108.51183730800003,
              -6.764814130999984
            ],
            [
              108.51283294300006,
              -6.765342869999944
            ]
          ]
        ]
      }
    },
    {
      "type": "Feature",
      "id": 66,
      "properties": {
        "id": 66,
        "nama_ruas": "Jl. Pangeran Cakrabuana",
        "fungsi_jalan": "Kolektor Primer",
        "lebar_ruas": "10 meter",
        "kecepatan_rencana": "50 km/jam",
        "kondisi": "Baik (Aspal Hotmix)",
        "kewenangan": "Kabupaten",
        "panjang_km": 0.2,
        "foto_gallery": [
          {
            "url": "/images/foto_kawasan-znt-sumber.jpg",
            "caption": "Kondisi fisik perkerasan jalan dan akses koridor Jl. Pangeran Cakrabuana."
          },
          {
            "url": "/images/foto_pasar-sumber-cirebon.jpg",
            "caption": "Kawasan bangkitan aktivitas komersial di sepanjang jalur jalan."
          }
        ]
      },
      "geometry": {
        "type": "MultiLineString",
        "coordinates": [
          [
            [
              108.45036237500007,
              -6.782052975999918
            ],
            [
              108.45028874400002,
              -6.782149514
            ],
            [
              108.44903309900005,
              -6.78324406799997
            ]
          ]
        ]
      }
    },
    {
      "type": "Feature",
      "id": 67,
      "properties": {
        "id": 67,
        "nama_ruas": "Jl. Fatahillah",
        "fungsi_jalan": "Arteri Primer",
        "lebar_ruas": "14 meter",
        "kecepatan_rencana": "60 km/jam",
        "kondisi": "Baik (Aspal Hotmix)",
        "kewenangan": "Provinsi",
        "panjang_km": 0.1,
        "foto_gallery": [
          {
            "url": "/images/foto_kawasan-znt-sumber.jpg",
            "caption": "Kondisi fisik perkerasan jalan dan akses koridor Jl. Fatahillah."
          },
          {
            "url": "/images/foto_pasar-sumber-cirebon.jpg",
            "caption": "Kawasan bangkitan aktivitas komersial di sepanjang jalur jalan."
          }
        ]
      },
      "geometry": {
        "type": "MultiLineString",
        "coordinates": [
          [
            [
              108.50609148000005,
              -6.759075682999914
            ],
            [
              108.50608062600013,
              -6.759113702999951
            ],
            [
              108.50597943900001,
              -6.759383907999926
            ],
            [
              108.50589940700006,
              -6.759601269999969
            ],
            [
              108.50590022100003,
              -6.759906150999971
            ]
          ]
        ]
      }
    },
    {
      "type": "Feature",
      "id": 68,
      "properties": {
        "id": 68,
        "nama_ruas": "Jl. Sunan Drajat",
        "fungsi_jalan": "Kolektor Sekunder",
        "lebar_ruas": "8 meter",
        "kecepatan_rencana": "40 km/jam",
        "kondisi": "Baik (Aspal Hotmix)",
        "kewenangan": "Kabupaten",
        "panjang_km": 1.42,
        "foto_gallery": [
          {
            "url": "/images/foto_kawasan-znt-sumber.jpg",
            "caption": "Kondisi fisik perkerasan jalan dan akses koridor Jl. Sunan Drajat."
          },
          {
            "url": "/images/foto_pasar-sumber-cirebon.jpg",
            "caption": "Kawasan bangkitan aktivitas komersial di sepanjang jalur jalan."
          }
        ]
      },
      "geometry": {
        "type": "MultiLineString",
        "coordinates": [
          [
            [
              108.44500892800006,
              -6.752146598999918
            ],
            [
              108.44504534400005,
              -6.752365102999967
            ],
            [
              108.44511693100011,
              -6.752641277
            ],
            [
              108.44516486300009,
              -6.752963182999981
            ],
            [
              108.44531015800003,
              -6.754377371999929
            ],
            [
              108.44528313400009,
              -6.754885972999912
            ],
            [
              108.44527062400005,
              -6.75512139999994
            ],
            [
              108.44526740400003,
              -6.755182032999894
            ],
            [
              108.44514962600006,
              -6.755848453999967
            ],
            [
              108.44511287000005,
              -6.756056407999942
            ],
            [
              108.4452186870001,
              -6.757488635999962
            ],
            [
              108.44524740300007,
              -6.758391580999977
            ],
            [
              108.44538096700002,
              -6.759969508999973
            ],
            [
              108.44538879800005,
              -6.760062056
            ],
            [
              108.44556441400002,
              -6.760825061999974
            ],
            [
              108.44565322300008,
              -6.76103075599994
            ],
            [
              108.4458305460001,
              -6.761389787999981
            ],
            [
              108.44588685400005,
              -6.76165398
            ],
            [
              108.44594696900005,
              -6.76218293099997
            ],
            [
              108.44597879700011,
              -6.762546684999958
            ],
            [
              108.44617992800005,
              -6.763001229999908
            ],
            [
              108.44621526100003,
              -6.76307651599992
            ],
            [
              108.44630531200004,
              -6.763229889999909
            ],
            [
              108.44641330800009,
              -6.763359354999963
            ],
            [
              108.44666475700011,
              -6.76374027699995
            ],
            [
              108.44684539300005,
              -6.764076407999962
            ],
            [
              108.44684957000003,
              -6.764093473999953
            ],
            [
              108.44694786600009,
              -6.764494729999935
            ]
          ]
        ]
      }
    },
    {
      "type": "Feature",
      "id": 69,
      "properties": {
        "id": 69,
        "nama_ruas": "Jl. Sunan Kalijaga",
        "fungsi_jalan": "Kolektor Sekunder",
        "lebar_ruas": "9 meter",
        "kecepatan_rencana": "40 km/jam",
        "kondisi": "Baik (Aspal Hotmix)",
        "kewenangan": "Kabupaten",
        "panjang_km": 0.74,
        "foto_gallery": [
          {
            "url": "/images/foto_kawasan-znt-sumber.jpg",
            "caption": "Kondisi fisik perkerasan jalan dan akses koridor Jl. Sunan Kalijaga."
          },
          {
            "url": "/images/foto_pasar-sumber-cirebon.jpg",
            "caption": "Kawasan bangkitan aktivitas komersial di sepanjang jalur jalan."
          }
        ]
      },
      "geometry": {
        "type": "MultiLineString",
        "coordinates": [
          [
            [
              108.49638701500001,
              -6.764416840999974
            ],
            [
              108.49645914300002,
              -6.764460719999963
            ],
            [
              108.49727861800007,
              -6.765008178999963
            ],
            [
              108.49758208100003,
              -6.765259838999913
            ],
            [
              108.49769251600011,
              -6.765352915999888
            ],
            [
              108.49793539200004,
              -6.765493037999935
            ],
            [
              108.49823172400005,
              -6.765733905999969
            ],
            [
              108.49841024400008,
              -6.765832611999965
            ],
            [
              108.49869202900004,
              -6.765857423999975
            ],
            [
              108.49904735800004,
              -6.765558389000013
            ],
            [
              108.49940102100008,
              -6.765338659999951
            ],
            [
              108.4996181660001,
              -6.765062727999947
            ],
            [
              108.49996055700011,
              -6.764538399999907
            ],
            [
              108.50000060000004,
              -6.764441792999907
            ],
            [
              108.50008546200004,
              -6.764237066999932
            ],
            [
              108.50044090200005,
              -6.763379614999952
            ],
            [
              108.50042583200005,
              -6.763152738
            ],
            [
              108.50033870100003,
              -6.763005753999927
            ],
            [
              108.50000054100003,
              -6.762763750999977
            ]
          ]
        ]
      }
    },
    {
      "type": "Feature",
      "id": 70,
      "properties": {
        "id": 70,
        "nama_ruas": "Jl. Sultan Agung",
        "fungsi_jalan": "Kolektor Primer",
        "lebar_ruas": "10 meter",
        "kecepatan_rencana": "50 km/jam",
        "kondisi": "Baik (Aspal Hotmix)",
        "kewenangan": "Kabupaten",
        "panjang_km": 0.8,
        "foto_gallery": [
          {
            "url": "/images/foto_kawasan-znt-sumber.jpg",
            "caption": "Kondisi fisik perkerasan jalan dan akses koridor Jl. Sultan Agung."
          },
          {
            "url": "/images/foto_pasar-sumber-cirebon.jpg",
            "caption": "Kawasan bangkitan aktivitas komersial di sepanjang jalur jalan."
          }
        ]
      },
      "geometry": {
        "type": "MultiLineString",
        "coordinates": [
          [
            [
              108.49376367400002,
              -6.758499173999908
            ],
            [
              108.49376585400003,
              -6.758488899999946
            ],
            [
              108.49380293600008,
              -6.758314177999967
            ],
            [
              108.49404171600011,
              -6.757025128999981
            ],
            [
              108.49409900500007,
              -6.756770898
            ],
            [
              108.49414700600003,
              -6.75655792099996
            ],
            [
              108.49414393300005,
              -6.756103079999985
            ],
            [
              108.49414089300006,
              -6.755652341
            ],
            [
              108.49414706100004,
              -6.755153262999912
            ],
            [
              108.49415351900004,
              -6.754631393999986
            ],
            [
              108.49412696200007,
              -6.754625157
            ],
            [
              108.49393690400007,
              -6.75458049999995
            ],
            [
              108.49348825800007,
              -6.754538949999887
            ],
            [
              108.49325205400007,
              -6.754524520999936
            ],
            [
              108.49228974400002,
              -6.754465738999958
            ],
            [
              108.492171382,
              -6.754439841999947
            ],
            [
              108.49182040300009,
              -6.754363067999989
            ],
            [
              108.49143450100004,
              -6.754280961999946
            ],
            [
              108.49104363600013,
              -6.754204126999984
            ],
            [
              108.49088588700003,
              -6.754225030999937
            ]
          ]
        ]
      }
    },
    {
      "type": "Feature",
      "id": 71,
      "properties": {
        "id": 71,
        "nama_ruas": "Jl. Ki Ageng Tirtayasa",
        "fungsi_jalan": "Lokal Primer",
        "lebar_ruas": "7 meter",
        "kecepatan_rencana": "30 km/jam",
        "kondisi": "Baik (Aspal Hotmix)",
        "kewenangan": "Kabupaten",
        "panjang_km": 0.92,
        "foto_gallery": [
          {
            "url": "/images/foto_kawasan-znt-sumber.jpg",
            "caption": "Kondisi fisik perkerasan jalan dan akses koridor Jl. Ki Ageng Tirtayasa."
          },
          {
            "url": "/images/foto_pasar-sumber-cirebon.jpg",
            "caption": "Kawasan bangkitan aktivitas komersial di sepanjang jalur jalan."
          }
        ]
      },
      "geometry": {
        "type": "MultiLineString",
        "coordinates": [
          [
            [
              108.49689522600005,
              -6.75930452499993
            ],
            [
              108.49579255300003,
              -6.759604123999939
            ],
            [
              108.49528280800004,
              -6.759760336999896
            ],
            [
              108.49465477200003,
              -6.759967353999972
            ],
            [
              108.49388856100006,
              -6.760192962999987
            ],
            [
              108.49335804400003,
              -6.760376259999965
            ],
            [
              108.4926802830001,
              -6.760602755999965
            ],
            [
              108.49224292300005,
              -6.760748917999891
            ],
            [
              108.4915757460001,
              -6.760953088999909
            ],
            [
              108.49089221000011,
              -6.761126510999958
            ],
            [
              108.49017074100001,
              -6.761364219
            ],
            [
              108.48961438100008,
              -6.761521765999888
            ],
            [
              108.48901249800011,
              -6.761784841999983
            ]
          ]
        ]
      }
    },
    {
      "type": "Feature",
      "id": 72,
      "properties": {
        "id": 72,
        "nama_ruas": "Jl. Dewi Sartika",
        "fungsi_jalan": "Lokal Primer",
        "lebar_ruas": "7 meter",
        "kecepatan_rencana": "30 km/jam",
        "kondisi": "Baik (Aspal Hotmix)",
        "kewenangan": "Kabupaten",
        "panjang_km": 0.43,
        "foto_gallery": [
          {
            "url": "/images/foto_kawasan-znt-sumber.jpg",
            "caption": "Kondisi fisik perkerasan jalan dan akses koridor Jl. Dewi Sartika."
          },
          {
            "url": "/images/foto_pasar-sumber-cirebon.jpg",
            "caption": "Kawasan bangkitan aktivitas komersial di sepanjang jalur jalan."
          }
        ]
      },
      "geometry": {
        "type": "MultiLineString",
        "coordinates": [
          [
            [
              108.485819978,
              -6.759538586999934
            ],
            [
              108.48583026200006,
              -6.759539408
            ],
            [
              108.48585099100009,
              -6.759588643
            ],
            [
              108.4858049460001,
              -6.759777569999901
            ],
            [
              108.48567350800006,
              -6.760276620999981
            ],
            [
              108.48560998100005,
              -6.760662691999951
            ],
            [
              108.485513859,
              -6.761054469999948
            ],
            [
              108.48550790200004,
              -6.761078740999913
            ],
            [
              108.48526838200011,
              -6.761888719999963
            ],
            [
              108.48507959900004,
              -6.762527139999939
            ],
            [
              108.48505315700007,
              -6.762673474999968
            ],
            [
              108.48501146000008,
              -6.762904239999965
            ],
            [
              108.48500857200011,
              -6.763237094999972
            ]
          ]
        ]
      }
    },
    {
      "type": "Feature",
      "id": 73,
      "properties": {
        "id": 73,
        "nama_ruas": "Jl. R.A. Kartini Sumber",
        "fungsi_jalan": "Lokal Sekunder",
        "lebar_ruas": "6 meter",
        "kecepatan_rencana": "30 km/jam",
        "kondisi": "Baik (Aspal Hotmix)",
        "kewenangan": "Kabupaten",
        "panjang_km": 0.13,
        "foto_gallery": [
          {
            "url": "/images/foto_kawasan-znt-sumber.jpg",
            "caption": "Kondisi fisik perkerasan jalan dan akses koridor Jl. R.A. Kartini Sumber."
          },
          {
            "url": "/images/foto_pasar-sumber-cirebon.jpg",
            "caption": "Kawasan bangkitan aktivitas komersial di sepanjang jalur jalan."
          }
        ]
      },
      "geometry": {
        "type": "MultiLineString",
        "coordinates": [
          [
            [
              108.50590022100003,
              -6.759906150999971
            ],
            [
              108.50590130500004,
              -6.760309931999895
            ],
            [
              108.5058891450001,
              -6.760549629999922
            ],
            [
              108.50538982600008,
              -6.760586907999897
            ],
            [
              108.50537309200003,
              -6.760586704999969
            ]
          ]
        ]
      }
    },
    {
      "type": "Feature",
      "id": 74,
      "properties": {
        "id": 74,
        "nama_ruas": "Jl. Pemuda Sumber",
        "fungsi_jalan": "Lokal Sekunder",
        "lebar_ruas": "6 meter",
        "kecepatan_rencana": "30 km/jam",
        "kondisi": "Baik (Aspal Hotmix)",
        "kewenangan": "Kabupaten",
        "panjang_km": 0.95,
        "foto_gallery": [
          {
            "url": "/images/foto_kawasan-znt-sumber.jpg",
            "caption": "Kondisi fisik perkerasan jalan dan akses koridor Jl. Pemuda Sumber."
          },
          {
            "url": "/images/foto_pasar-sumber-cirebon.jpg",
            "caption": "Kawasan bangkitan aktivitas komersial di sepanjang jalur jalan."
          }
        ]
      },
      "geometry": {
        "type": "MultiLineString",
        "coordinates": [
          [
            [
              108.48530267000011,
              -6.765984695999936
            ],
            [
              108.48484263100006,
              -6.766052265999932
            ],
            [
              108.48364790100007,
              -6.76610187299995
            ],
            [
              108.48298989100006,
              -6.76612846199993
            ],
            [
              108.48284439900002,
              -6.766119312999972
            ],
            [
              108.48191597300011,
              -6.765344436999985
            ],
            [
              108.48152288700001,
              -6.76505537099996
            ],
            [
              108.48142615600008,
              -6.764975727999943
            ],
            [
              108.4806609930001,
              -6.764345745999954
            ],
            [
              108.48008036100002,
              -6.763867699999924
            ],
            [
              108.47966553800008,
              -6.763553277999932
            ],
            [
              108.47959368500008,
              -6.763498815999956
            ],
            [
              108.47908852500002,
              -6.763254652999915
            ],
            [
              108.47906407700005,
              -6.763242841
            ],
            [
              108.47880398500011,
              -6.763111922999919
            ],
            [
              108.47859483200004,
              -6.763006635999911
            ],
            [
              108.47802529600007,
              -6.762527073999934
            ]
          ]
        ]
      }
    },
    {
      "type": "Feature",
      "id": 75,
      "properties": {
        "id": 75,
        "nama_ruas": "Jl. Raya Tukmudal",
        "fungsi_jalan": "Lokal Primer",
        "lebar_ruas": "7 meter",
        "kecepatan_rencana": "35 km/jam",
        "kondisi": "Baik (Aspal Hotmix)",
        "kewenangan": "Kabupaten",
        "panjang_km": 5.82,
        "foto_gallery": [
          {
            "url": "/images/foto_kawasan-znt-sumber.jpg",
            "caption": "Kondisi fisik perkerasan jalan dan akses koridor Jl. Raya Tukmudal."
          },
          {
            "url": "/images/foto_pasar-sumber-cirebon.jpg",
            "caption": "Kawasan bangkitan aktivitas komersial di sepanjang jalur jalan."
          }
        ]
      },
      "geometry": {
        "type": "MultiLineString",
        "coordinates": [
          [
            [
              108.45705177800004,
              -6.757157120999977
            ],
            [
              108.4571812610001,
              -6.756725441999965
            ],
            [
              108.4574184720001,
              -6.755912677999952
            ],
            [
              108.45751099400012,
              -6.755595679999924
            ],
            [
              108.45786297000011,
              -6.754608334999944
            ],
            [
              108.45793278900001,
              -6.754412814999931
            ],
            [
              108.45826003800009,
              -6.753496410999958
            ],
            [
              108.45843809700008,
              -6.752786678999943
            ],
            [
              108.45847276600001,
              -6.752445690999973
            ],
            [
              108.45850136200008,
              -6.752081896999893
            ],
            [
              108.45852390800007,
              -6.751884566999909
            ],
            [
              108.45853232700006,
              -6.751719606999938
            ],
            [
              108.45858793000005,
              -6.751069198999947
            ],
            [
              108.45870588400004,
              -6.750134756
            ],
            [
              108.45872429700005,
              -6.750000014999944
            ],
            [
              108.459000717,
              -6.747977422999927
            ],
            [
              108.45911696300003,
              -6.747671184
            ],
            [
              108.45930719300004,
              -6.747427778000013
            ],
            [
              108.45931167300006,
              -6.747423363999914
            ],
            [
              108.459465461,
              -6.747171264000016
            ],
            [
              108.45981777600011,
              -6.746592856999943
            ],
            [
              108.45989621900011,
              -6.746467907999907
            ],
            [
              108.46012072700003,
              -6.746110303999984
            ],
            [
              108.46053221200006,
              -6.745454887999934
            ],
            [
              108.46069772400008,
              -6.745110884999981
            ],
            [
              108.46072180200012,
              -6.74507902700001
            ],
            [
              108.46094419200004,
              -6.744570666999959
            ],
            [
              108.46115655500003,
              -6.743951374999966
            ],
            [
              108.46118385500007,
              -6.743871762999952
            ],
            [
              108.46132612000012,
              -6.743537089999972
            ],
            [
              108.4615716340001,
              -6.743094605999953
            ],
            [
              108.4617810190001,
              -6.742704819999943
            ],
            [
              108.46196070900004,
              -6.742370305999977
            ],
            [
              108.46217005700005,
              -6.741803422999968
            ],
            [
              108.46232081100008,
              -6.741395211999944
            ],
            [
              108.46244039600003,
              -6.741355057
            ],
            [
              108.4625162790001,
              -6.741204120999942
            ],
            [
              108.46260060300006,
              -6.741035189999909
            ],
            [
              108.46275198400005,
              -6.74074716899997
            ],
            [
              108.46299252600006,
              -6.740314426999959
            ],
            [
              108.46308088400009,
              -6.740130432999923
            ],
            [
              108.46317436500001,
              -6.739894636999953
            ],
            [
              108.46332637400006,
              -6.73946402699994
            ],
            [
              108.46350357300007,
              -6.739145367999953
            ],
            [
              108.4635779880001,
              -6.738946228
            ],
            [
              108.46366355800008,
              -6.738670543999923
            ],
            [
              108.46389511400005,
              -6.738178115999947
            ],
            [
              108.46390139000003,
              -6.738158753999944
            ],
            [
              108.4643283,
              -6.736842470999925
            ],
            [
              108.46436013400006,
              -6.736744326999975
            ],
            [
              108.46444276500006,
              -6.736489558999946
            ],
            [
              108.46458432000006,
              -6.735982274999984
            ],
            [
              108.46466455100003,
              -6.735757795999973
            ],
            [
              108.46479358500005,
              -6.735121771999928
            ],
            [
              108.46480635100004,
              -6.735038006999925
            ],
            [
              108.46485035800004,
              -6.734749139
            ],
            [
              108.46488723800007,
              -6.73363744999995
            ],
            [
              108.46489114500012,
              -6.733581501999939
            ],
            [
              108.46495406500009,
              -6.732679398999906
            ],
            [
              108.4649863130001,
              -6.7320556509999
            ],
            [
              108.46506859400006,
              -6.730464176999938
            ],
            [
              108.4651195000001,
              -6.729521459999919
            ],
            [
              108.46514108200002,
              -6.729121874999986
            ],
            [
              108.46515409100003,
              -6.728282096999958
            ],
            [
              108.46515460900008,
              -6.728248425999926
            ],
            [
              108.46515286600003,
              -6.728183573999978
            ],
            [
              108.46514436200003,
              -6.727867780999961
            ],
            [
              108.46513594100013,
              -6.727554898999919
            ],
            [
              108.46517981800012,
              -6.726614567999921
            ],
            [
              108.46524074300001,
              -6.725930264999967
            ],
            [
              108.46530190900009,
              -6.725598763999894
            ],
            [
              108.46534224000006,
              -6.725380177999927
            ],
            [
              108.46548715500006,
              -6.724594746999955
            ],
            [
              108.46558877700002,
              -6.724180528999966
            ],
            [
              108.46562455400006,
              -6.724034723999981
            ],
            [
              108.46587288200008,
              -6.72305762099996
            ],
            [
              108.46595522700007,
              -6.722706907999985
            ],
            [
              108.46598548500008,
              -6.72264219499996
            ],
            [
              108.46599498200007,
              -6.722621890999967
            ],
            [
              108.46602123300002,
              -6.722545371999942
            ],
            [
              108.46609823200008,
              -6.722261572
            ],
            [
              108.466336648,
              -6.721124254999953
            ],
            [
              108.46661474800001,
              -6.719862779999939
            ],
            [
              108.46664392700002,
              -6.719730297999902
            ],
            [
              108.46666062800007,
              -6.719654478999935
            ],
            [
              108.46671429600008,
              -6.719495950999963
            ],
            [
              108.46674280000012,
              -6.719411753000013
            ],
            [
              108.46695056900008,
              -6.718993247999936
            ],
            [
              108.46741928600005,
              -6.718222720999954
            ],
            [
              108.46760291400005,
              -6.717970622999967
            ],
            [
              108.46784269900009,
              -6.717641428
            ],
            [
              108.468312891,
              -6.716814114999934
            ],
            [
              108.46855908600013,
              -6.716315057999942
            ],
            [
              108.46919178800007,
              -6.715135093999923
            ],
            [
              108.469581861,
              -6.714581179999922
            ],
            [
              108.46987419100013,
              -6.714166072999948
            ],
            [
              108.47004855800009,
              -6.713781499999925
            ],
            [
              108.47023046000004,
              -6.713231164999954
            ],
            [
              108.47039061800005,
              -6.712889815999954
            ],
            [
              108.47057724600003,
              -6.712492057
            ],
            [
              108.47062907100006,
              -6.712381589
            ],
            [
              108.47064101800008,
              -6.712356128999939
            ],
            [
              108.47077536400009,
              -6.712060727999923
            ],
            [
              108.47088429700004,
              -6.711837640999939
            ],
            [
              108.47102969200009,
              -6.711539875
            ],
            [
              108.47104290500002,
              -6.711505447999986
            ],
            [
              108.47167852000003,
              -6.709849424000012
            ],
            [
              108.47177670600007,
              -6.709473375999984
            ],
            [
              108.47183159900008,
              -6.709183466999978
            ],
            [
              108.47191532400008,
              -6.708042929999934
            ],
            [
              108.471930447,
              -6.707993897999962
            ]
          ]
        ]
      }
    },
    {
      "type": "Feature",
      "id": 76,
      "properties": {
        "id": 76,
        "nama_ruas": "Jl. Perbutulan Raya",
        "fungsi_jalan": "Lokal Sekunder",
        "lebar_ruas": "6 meter",
        "kecepatan_rencana": "30 km/jam",
        "kondisi": "Baik (Aspal Hotmix)",
        "kewenangan": "Kabupaten",
        "panjang_km": 0.32,
        "foto_gallery": [
          {
            "url": "/images/foto_kawasan-znt-sumber.jpg",
            "caption": "Kondisi fisik perkerasan jalan dan akses koridor Jl. Perbutulan Raya."
          },
          {
            "url": "/images/foto_pasar-sumber-cirebon.jpg",
            "caption": "Kawasan bangkitan aktivitas komersial di sepanjang jalur jalan."
          }
        ]
      },
      "geometry": {
        "type": "MultiLineString",
        "coordinates": [
          [
            [
              108.44964749800008,
              -6.764508687999935
            ],
            [
              108.4496070100001,
              -6.764683528000013
            ],
            [
              108.44921470000006,
              -6.765872519999981
            ],
            [
              108.44911404900007,
              -6.766012250999907
            ],
            [
              108.44904480600003,
              -6.766021258999942
            ],
            [
              108.44861594900007,
              -6.765962606999974
            ],
            [
              108.44813791100005,
              -6.765936591999953
            ],
            [
              108.44788996500004,
              -6.765922800999967
            ]
          ]
        ]
      }
    },
    {
      "type": "Feature",
      "id": 77,
      "properties": {
        "id": 77,
        "nama_ruas": "Jl. Pejambon Asri",
        "fungsi_jalan": "Lingkungan",
        "lebar_ruas": "5 meter",
        "kecepatan_rencana": "20 km/jam",
        "kondisi": "Baik (Aspal Hotmix)",
        "kewenangan": "Kabupaten",
        "panjang_km": 0.11,
        "foto_gallery": [
          {
            "url": "/images/foto_kawasan-znt-sumber.jpg",
            "caption": "Kondisi fisik perkerasan jalan dan akses koridor Jl. Pejambon Asri."
          },
          {
            "url": "/images/foto_pasar-sumber-cirebon.jpg",
            "caption": "Kawasan bangkitan aktivitas komersial di sepanjang jalur jalan."
          }
        ]
      },
      "geometry": {
        "type": "MultiLineString",
        "coordinates": [
          [
            [
              108.47739938600007,
              -6.763334317999934
            ],
            [
              108.47740547700003,
              -6.763324254999901
            ],
            [
              108.47771228000002,
              -6.762943253999907
            ],
            [
              108.47795441800007,
              -6.762620966999975
            ],
            [
              108.47802529600007,
              -6.762527073999934
            ]
          ]
        ]
      }
    },
    {
      "type": "Feature",
      "id": 78,
      "properties": {
        "id": 78,
        "nama_ruas": "Jl. Sindangjawa Permai",
        "fungsi_jalan": "Lingkungan",
        "lebar_ruas": "5 meter",
        "kecepatan_rencana": "20 km/jam",
        "kondisi": "Baik (Aspal Hotmix)",
        "kewenangan": "Kabupaten",
        "panjang_km": 0.1,
        "foto_gallery": [
          {
            "url": "/images/foto_kawasan-znt-sumber.jpg",
            "caption": "Kondisi fisik perkerasan jalan dan akses koridor Jl. Sindangjawa Permai."
          },
          {
            "url": "/images/foto_pasar-sumber-cirebon.jpg",
            "caption": "Kawasan bangkitan aktivitas komersial di sepanjang jalur jalan."
          }
        ]
      },
      "geometry": {
        "type": "MultiLineString",
        "coordinates": [
          [
            [
              108.4778431860001,
              -6.766077577999983
            ],
            [
              108.47773058500012,
              -6.766011118999902
            ],
            [
              108.47761609200006,
              -6.765934519999959
            ],
            [
              108.47773007600007,
              -6.76572949999996
            ],
            [
              108.47777397300007,
              -6.765678240999893
            ],
            [
              108.47782640700005,
              -6.765582977999916
            ],
            [
              108.47791023700006,
              -6.765448076999945
            ],
            [
              108.47794651700003,
              -6.765373217999969
            ]
          ]
        ]
      }
    },
    {
      "type": "Feature",
      "id": 79,
      "properties": {
        "id": 79,
        "nama_ruas": "Jl. Pangeran Cakrabuana",
        "fungsi_jalan": "Kolektor Primer",
        "lebar_ruas": "10 meter",
        "kecepatan_rencana": "50 km/jam",
        "kondisi": "Baik (Aspal Hotmix)",
        "kewenangan": "Kabupaten",
        "panjang_km": 0.16,
        "foto_gallery": [
          {
            "url": "/images/foto_kawasan-znt-sumber.jpg",
            "caption": "Kondisi fisik perkerasan jalan dan akses koridor Jl. Pangeran Cakrabuana."
          },
          {
            "url": "/images/foto_pasar-sumber-cirebon.jpg",
            "caption": "Kawasan bangkitan aktivitas komersial di sepanjang jalur jalan."
          }
        ]
      },
      "geometry": {
        "type": "MultiLineString",
        "coordinates": [
          [
            [
              108.47415084800005,
              -6.753722059999976
            ],
            [
              108.47415439300008,
              -6.753389147999965
            ],
            [
              108.47415665500009,
              -6.753176363999945
            ],
            [
              108.47416475800013,
              -6.752414403999961
            ],
            [
              108.47416713600006,
              -6.752253928999917
            ]
          ]
        ]
      }
    },
    {
      "type": "Feature",
      "id": 80,
      "properties": {
        "id": 80,
        "nama_ruas": "Jl. Fatahillah",
        "fungsi_jalan": "Arteri Primer",
        "lebar_ruas": "14 meter",
        "kecepatan_rencana": "60 km/jam",
        "kondisi": "Baik (Aspal Hotmix)",
        "kewenangan": "Provinsi",
        "panjang_km": 0.87,
        "foto_gallery": [
          {
            "url": "/images/foto_kawasan-znt-sumber.jpg",
            "caption": "Kondisi fisik perkerasan jalan dan akses koridor Jl. Fatahillah."
          },
          {
            "url": "/images/foto_pasar-sumber-cirebon.jpg",
            "caption": "Kawasan bangkitan aktivitas komersial di sepanjang jalur jalan."
          }
        ]
      },
      "geometry": {
        "type": "MultiLineString",
        "coordinates": [
          [
            [
              108.5024208940001,
              -6.757803347999889
            ],
            [
              108.50243297900003,
              -6.757749427999958
            ],
            [
              108.50266811100003,
              -6.757053804999956
            ],
            [
              108.50292874000012,
              -6.756194034999961
            ],
            [
              108.50294030300009,
              -6.756148273
            ],
            [
              108.50335916000002,
              -6.754490475999962
            ],
            [
              108.50345309100007,
              -6.754140160999931
            ],
            [
              108.50362166200007,
              -6.753594092999958
            ],
            [
              108.50433498200002,
              -6.751457033999973
            ],
            [
              108.5045097350001,
              -6.751117390999937
            ],
            [
              108.50485916600005,
              -6.750787435
            ],
            [
              108.50506019400008,
              -6.750575888999986
            ]
          ]
        ]
      }
    },
    {
      "type": "Feature",
      "id": 81,
      "properties": {
        "id": 81,
        "nama_ruas": "Jl. Sunan Drajat",
        "fungsi_jalan": "Kolektor Sekunder",
        "lebar_ruas": "8 meter",
        "kecepatan_rencana": "40 km/jam",
        "kondisi": "Baik (Aspal Hotmix)",
        "kewenangan": "Kabupaten",
        "panjang_km": 0.59,
        "foto_gallery": [
          {
            "url": "/images/foto_kawasan-znt-sumber.jpg",
            "caption": "Kondisi fisik perkerasan jalan dan akses koridor Jl. Sunan Drajat."
          },
          {
            "url": "/images/foto_pasar-sumber-cirebon.jpg",
            "caption": "Kawasan bangkitan aktivitas komersial di sepanjang jalur jalan."
          }
        ]
      },
      "geometry": {
        "type": "MultiLineString",
        "coordinates": [
          [
            [
              108.46303309300005,
              -6.792087026999958
            ],
            [
              108.46304637200008,
              -6.792158201999897
            ],
            [
              108.46303677000009,
              -6.792346291999916
            ],
            [
              108.46299348700005,
              -6.792988476999938
            ],
            [
              108.46281891400008,
              -6.794942824
            ],
            [
              108.46259166300011,
              -6.795604730999958
            ],
            [
              108.4622780390001,
              -6.796433846999903
            ],
            [
              108.46213456900004,
              -6.796636244999952
            ],
            [
              108.46201663300005,
              -6.796617597
            ],
            [
              108.46167032200009,
              -6.796611623999958
            ],
            [
              108.46153027700005,
              -6.796705600999918
            ]
          ]
        ]
      }
    },
    {
      "type": "Feature",
      "id": 82,
      "properties": {
        "id": 82,
        "nama_ruas": "Jl. Sunan Kalijaga",
        "fungsi_jalan": "Kolektor Sekunder",
        "lebar_ruas": "9 meter",
        "kecepatan_rencana": "40 km/jam",
        "kondisi": "Baik (Aspal Hotmix)",
        "kewenangan": "Kabupaten",
        "panjang_km": 0.47,
        "foto_gallery": [
          {
            "url": "/images/foto_kawasan-znt-sumber.jpg",
            "caption": "Kondisi fisik perkerasan jalan dan akses koridor Jl. Sunan Kalijaga."
          },
          {
            "url": "/images/foto_pasar-sumber-cirebon.jpg",
            "caption": "Kawasan bangkitan aktivitas komersial di sepanjang jalur jalan."
          }
        ]
      },
      "geometry": {
        "type": "MultiLineString",
        "coordinates": [
          [
            [
              108.48430131000003,
              -6.753120414999934
            ],
            [
              108.48435445000008,
              -6.753134642999957
            ],
            [
              108.48469859200004,
              -6.753245802
            ],
            [
              108.48493497100006,
              -6.753322006999916
            ],
            [
              108.48531212200001,
              -6.753573054999904
            ],
            [
              108.48550708900007,
              -6.75366282799996
            ],
            [
              108.4856932340001,
              -6.753677056999983
            ],
            [
              108.48601542200002,
              -6.753612338999957
            ],
            [
              108.48753581200005,
              -6.753301418999989
            ],
            [
              108.487724244,
              -6.753300031999963
            ],
            [
              108.48810520700009,
              -6.753299833999947
            ],
            [
              108.4883479050001,
              -6.753299298999902
            ],
            [
              108.48835037700003,
              -6.75329856900002
            ]
          ]
        ]
      }
    },
    {
      "type": "Feature",
      "id": 83,
      "properties": {
        "id": 83,
        "nama_ruas": "Jl. Sultan Agung",
        "fungsi_jalan": "Kolektor Primer",
        "lebar_ruas": "10 meter",
        "kecepatan_rencana": "50 km/jam",
        "kondisi": "Baik (Aspal Hotmix)",
        "kewenangan": "Kabupaten",
        "panjang_km": 0.24,
        "foto_gallery": [
          {
            "url": "/images/foto_kawasan-znt-sumber.jpg",
            "caption": "Kondisi fisik perkerasan jalan dan akses koridor Jl. Sultan Agung."
          },
          {
            "url": "/images/foto_pasar-sumber-cirebon.jpg",
            "caption": "Kawasan bangkitan aktivitas komersial di sepanjang jalur jalan."
          }
        ]
      },
      "geometry": {
        "type": "MultiLineString",
        "coordinates": [
          [
            [
              108.50543033100006,
              -6.762656840000012
            ],
            [
              108.50547538900005,
              -6.76264654199996
            ],
            [
              108.50576491200012,
              -6.762620597999945
            ],
            [
              108.50609846,
              -6.762681838999949
            ],
            [
              108.50628342900004,
              -6.762773362999972
            ],
            [
              108.50666449800012,
              -6.762966516999967
            ],
            [
              108.50701222300003,
              -6.763087605999949
            ],
            [
              108.507465,
              -6.763138919999932
            ]
          ]
        ]
      }
    },
    {
      "type": "Feature",
      "id": 84,
      "properties": {
        "id": 84,
        "nama_ruas": "Jl. Ki Ageng Tirtayasa",
        "fungsi_jalan": "Lokal Primer",
        "lebar_ruas": "7 meter",
        "kecepatan_rencana": "30 km/jam",
        "kondisi": "Baik (Aspal Hotmix)",
        "kewenangan": "Kabupaten",
        "panjang_km": 0.68,
        "foto_gallery": [
          {
            "url": "/images/foto_kawasan-znt-sumber.jpg",
            "caption": "Kondisi fisik perkerasan jalan dan akses koridor Jl. Ki Ageng Tirtayasa."
          },
          {
            "url": "/images/foto_pasar-sumber-cirebon.jpg",
            "caption": "Kawasan bangkitan aktivitas komersial di sepanjang jalur jalan."
          }
        ]
      },
      "geometry": {
        "type": "MultiLineString",
        "coordinates": [
          [
            [
              108.47113367400007,
              -6.744506105999946
            ],
            [
              108.47117883300008,
              -6.744530938999958
            ],
            [
              108.47127842200005,
              -6.744821719999948
            ],
            [
              108.47143416000006,
              -6.744868627999921
            ],
            [
              108.47227053200008,
              -6.745026374
            ],
            [
              108.4727398910001,
              -6.745114896999958
            ],
            [
              108.47359670000012,
              -6.745215838999961
            ],
            [
              108.47383906900009,
              -6.745244387999925
            ],
            [
              108.47408847000013,
              -6.745255620999966
            ],
            [
              108.47410440600002,
              -6.745355512999971
            ],
            [
              108.47413842200008,
              -6.745659529
            ],
            [
              108.47425277800004,
              -6.745873286999913
            ],
            [
              108.47426319200011,
              -6.745920290999983
            ],
            [
              108.47436792500007,
              -6.746392913999919
            ],
            [
              108.47437985100008,
              -6.746446739999932
            ],
            [
              108.47441610000006,
              -6.747118726999933
            ],
            [
              108.47445456100004,
              -6.747315111000017
            ],
            [
              108.47444080100006,
              -6.747625656999954
            ],
            [
              108.47443568200008,
              -6.748076039999916
            ],
            [
              108.4744639830001,
              -6.748130980999932
            ]
          ]
        ]
      }
    },
    {
      "type": "Feature",
      "id": 85,
      "properties": {
        "id": 85,
        "nama_ruas": "Jl. Dewi Sartika",
        "fungsi_jalan": "Lokal Primer",
        "lebar_ruas": "7 meter",
        "kecepatan_rencana": "30 km/jam",
        "kondisi": "Baik (Aspal Hotmix)",
        "kewenangan": "Kabupaten",
        "panjang_km": 0.41,
        "foto_gallery": [
          {
            "url": "/images/foto_kawasan-znt-sumber.jpg",
            "caption": "Kondisi fisik perkerasan jalan dan akses koridor Jl. Dewi Sartika."
          },
          {
            "url": "/images/foto_pasar-sumber-cirebon.jpg",
            "caption": "Kawasan bangkitan aktivitas komersial di sepanjang jalur jalan."
          }
        ]
      },
      "geometry": {
        "type": "MultiLineString",
        "coordinates": [
          [
            [
              108.485513859,
              -6.761054469999948
            ],
            [
              108.4858123930001,
              -6.761061497999908
            ],
            [
              108.48692505200006,
              -6.761074305
            ],
            [
              108.48696210400001,
              -6.761077125999957
            ],
            [
              108.48700374200008,
              -6.761086559999939
            ],
            [
              108.48722885600006,
              -6.761182833
            ],
            [
              108.48798805000008,
              -6.761622688999978
            ],
            [
              108.48811901700007,
              -6.761681668999884
            ],
            [
              108.48812814500003,
              -6.761684699999957
            ],
            [
              108.48835019000002,
              -6.761758436000019
            ],
            [
              108.48881432900005,
              -6.761771627999956
            ],
            [
              108.48889128700003,
              -6.761795585999984
            ],
            [
              108.48901249800011,
              -6.761784841999983
            ]
          ]
        ]
      }
    },
    {
      "type": "Feature",
      "id": 86,
      "properties": {
        "id": 86,
        "nama_ruas": "Jl. R.A. Kartini Sumber",
        "fungsi_jalan": "Lokal Sekunder",
        "lebar_ruas": "6 meter",
        "kecepatan_rencana": "30 km/jam",
        "kondisi": "Baik (Aspal Hotmix)",
        "kewenangan": "Kabupaten",
        "panjang_km": 0.62,
        "foto_gallery": [
          {
            "url": "/images/foto_kawasan-znt-sumber.jpg",
            "caption": "Kondisi fisik perkerasan jalan dan akses koridor Jl. R.A. Kartini Sumber."
          },
          {
            "url": "/images/foto_pasar-sumber-cirebon.jpg",
            "caption": "Kawasan bangkitan aktivitas komersial di sepanjang jalur jalan."
          }
        ]
      },
      "geometry": {
        "type": "MultiLineString",
        "coordinates": [
          [
            [
              108.47531747100003,
              -6.753881204
            ],
            [
              108.47501363500002,
              -6.75386414799992
            ],
            [
              108.47453106200007,
              -6.753788929999914
            ],
            [
              108.47415084800005,
              -6.753722059999976
            ],
            [
              108.47397373400004,
              -6.753690920999887
            ],
            [
              108.47332414400003,
              -6.753579887999937
            ],
            [
              108.47272637100005,
              -6.75352708099992
            ],
            [
              108.47204168600005,
              -6.753466591999977
            ],
            [
              108.4712681560001,
              -6.753253964999971
            ],
            [
              108.47121424400008,
              -6.752809025000015
            ],
            [
              108.47112155000005,
              -6.75193408199992
            ],
            [
              108.47111447100008,
              -6.751794832999945
            ]
          ]
        ]
      }
    },
    {
      "type": "Feature",
      "id": 87,
      "properties": {
        "id": 87,
        "nama_ruas": "Jl. Pemuda Sumber",
        "fungsi_jalan": "Lokal Sekunder",
        "lebar_ruas": "6 meter",
        "kecepatan_rencana": "30 km/jam",
        "kondisi": "Baik (Aspal Hotmix)",
        "kewenangan": "Kabupaten",
        "panjang_km": 0.12,
        "foto_gallery": [
          {
            "url": "/images/foto_kawasan-znt-sumber.jpg",
            "caption": "Kondisi fisik perkerasan jalan dan akses koridor Jl. Pemuda Sumber."
          },
          {
            "url": "/images/foto_pasar-sumber-cirebon.jpg",
            "caption": "Kawasan bangkitan aktivitas komersial di sepanjang jalur jalan."
          }
        ]
      },
      "geometry": {
        "type": "MultiLineString",
        "coordinates": [
          [
            [
              108.49929594200009,
              -6.762691894999893
            ],
            [
              108.4993324900001,
              -6.76258380299992
            ],
            [
              108.49956944800007,
              -6.761675691999923
            ]
          ]
        ]
      }
    },
    {
      "type": "Feature",
      "id": 88,
      "properties": {
        "id": 88,
        "nama_ruas": "Jl. Raya Tukmudal",
        "fungsi_jalan": "Lokal Primer",
        "lebar_ruas": "7 meter",
        "kecepatan_rencana": "35 km/jam",
        "kondisi": "Baik (Aspal Hotmix)",
        "kewenangan": "Kabupaten",
        "panjang_km": 0.09,
        "foto_gallery": [
          {
            "url": "/images/foto_kawasan-znt-sumber.jpg",
            "caption": "Kondisi fisik perkerasan jalan dan akses koridor Jl. Raya Tukmudal."
          },
          {
            "url": "/images/foto_pasar-sumber-cirebon.jpg",
            "caption": "Kawasan bangkitan aktivitas komersial di sepanjang jalur jalan."
          }
        ]
      },
      "geometry": {
        "type": "MultiLineString",
        "coordinates": [
          [
            [
              108.473355886,
              -6.752252559999892
            ],
            [
              108.47416713600006,
              -6.752253928999917
            ]
          ]
        ]
      }
    },
    {
      "type": "Feature",
      "id": 89,
      "properties": {
        "id": 89,
        "nama_ruas": "Jl. Perbutulan Raya",
        "fungsi_jalan": "Lokal Sekunder",
        "lebar_ruas": "6 meter",
        "kecepatan_rencana": "30 km/jam",
        "kondisi": "Baik (Aspal Hotmix)",
        "kewenangan": "Kabupaten",
        "panjang_km": 1.79,
        "foto_gallery": [
          {
            "url": "/images/foto_kawasan-znt-sumber.jpg",
            "caption": "Kondisi fisik perkerasan jalan dan akses koridor Jl. Perbutulan Raya."
          },
          {
            "url": "/images/foto_pasar-sumber-cirebon.jpg",
            "caption": "Kawasan bangkitan aktivitas komersial di sepanjang jalur jalan."
          }
        ]
      },
      "geometry": {
        "type": "MultiLineString",
        "coordinates": [
          [
            [
              108.50546362100006,
              -6.790290168999967
            ],
            [
              108.50542427200008,
              -6.790267380999946
            ],
            [
              108.50504089600008,
              -6.789999455999983
            ],
            [
              108.504631,
              -6.789593289999949
            ],
            [
              108.504463682,
              -6.789441996999955
            ],
            [
              108.50435979000012,
              -6.789344967
            ],
            [
              108.50429289,
              -6.789282479
            ],
            [
              108.50425513200008,
              -6.789266856999941
            ],
            [
              108.50404460700007,
              -6.789129385999935
            ],
            [
              108.50393460900003,
              -6.78899621899993
            ],
            [
              108.50385977700005,
              -6.788799038999958
            ],
            [
              108.5038592590001,
              -6.788797761999941
            ],
            [
              108.50373542000007,
              -6.788492618999918
            ],
            [
              108.50343546200011,
              -6.78803166299997
            ],
            [
              108.50304335500009,
              -6.787653278999926
            ],
            [
              108.5028127260001,
              -6.78755886799993
            ],
            [
              108.5025378160001,
              -6.787504472999959
            ],
            [
              108.50219412200008,
              -6.787426587
            ],
            [
              108.50163796600008,
              -6.787368074999954
            ],
            [
              108.50134603000008,
              -6.787261273
            ],
            [
              108.50104875400008,
              -6.787081852999986
            ],
            [
              108.50093918200007,
              -6.787001322999984
            ],
            [
              108.50058605400008,
              -6.786724712999924
            ],
            [
              108.50033024600005,
              -6.786620048999968
            ],
            [
              108.50002190700012,
              -6.786578620999915
            ],
            [
              108.5000012230001,
              -6.786579806999924
            ],
            [
              108.49968973900008,
              -6.786597693999983
            ],
            [
              108.49906567400005,
              -6.786709541999912
            ],
            [
              108.49867797700003,
              -6.786745589999963
            ],
            [
              108.49853417200003,
              -6.786767807999937
            ],
            [
              108.49852149900005,
              -6.786769765999921
            ],
            [
              108.49838057900011,
              -6.786791538999946
            ],
            [
              108.49772354900001,
              -6.787148430999899
            ],
            [
              108.49732860700003,
              -6.787258521999949
            ],
            [
              108.49661531300008,
              -6.787228520999953
            ],
            [
              108.49574113300004,
              -6.787203255
            ],
            [
              108.49558066900009,
              -6.787206546999911
            ],
            [
              108.49548348700004,
              -6.787206043999959
            ],
            [
              108.495321012,
              -6.78718161299998
            ],
            [
              108.49529680700005,
              -6.787177972999945
            ],
            [
              108.49516661900012,
              -6.787158396999924
            ],
            [
              108.49479987200006,
              -6.787162890999941
            ],
            [
              108.49437768000011,
              -6.787196243999947
            ],
            [
              108.49340356700007,
              -6.787190366999905
            ],
            [
              108.49337905300008,
              -6.787094903
            ],
            [
              108.49336486800007,
              -6.786665029999959
            ],
            [
              108.49332780300003,
              -6.786496521999961
            ],
            [
              108.49323087400009,
              -6.786399960999965
            ],
            [
              108.49304131200003,
              -6.786229236999962
            ],
            [
              108.49291103400009,
              -6.786034237
            ],
            [
              108.49280723800003,
              -6.785992723999932
            ],
            [
              108.49262630100007,
              -6.785998683999892
            ],
            [
              108.49198748000006,
              -6.786041063999935
            ],
            [
              108.49183798600004,
              -6.78603360299994
            ]
          ]
        ]
      }
    },
    {
      "type": "Feature",
      "id": 90,
      "properties": {
        "id": 90,
        "nama_ruas": "Jl. Pejambon Asri",
        "fungsi_jalan": "Lingkungan",
        "lebar_ruas": "5 meter",
        "kecepatan_rencana": "20 km/jam",
        "kondisi": "Baik (Aspal Hotmix)",
        "kewenangan": "Kabupaten",
        "panjang_km": 0.6,
        "foto_gallery": [
          {
            "url": "/images/foto_kawasan-znt-sumber.jpg",
            "caption": "Kondisi fisik perkerasan jalan dan akses koridor Jl. Pejambon Asri."
          },
          {
            "url": "/images/foto_pasar-sumber-cirebon.jpg",
            "caption": "Kawasan bangkitan aktivitas komersial di sepanjang jalur jalan."
          }
        ]
      },
      "geometry": {
        "type": "MultiLineString",
        "coordinates": [
          [
            [
              108.47802529600007,
              -6.762527073999934
            ],
            [
              108.47714288300007,
              -6.761784072999919
            ],
            [
              108.47698377500005,
              -6.761671020999891
            ],
            [
              108.47694598500003,
              -6.761653580999958
            ],
            [
              108.476919922,
              -6.761606152999942
            ],
            [
              108.47671680200008,
              -6.761378529999938
            ],
            [
              108.47622038100003,
              -6.760982716999962
            ],
            [
              108.47536022400001,
              -6.760296892999971
            ],
            [
              108.47516984000006,
              -6.760116973
            ],
            [
              108.475028406,
              -6.759946903999968
            ],
            [
              108.47492962600009,
              -6.759767801999981
            ],
            [
              108.474876022,
              -6.759378371
            ],
            [
              108.47487696700009,
              -6.759121368999963
            ],
            [
              108.47494953100005,
              -6.758688823999968
            ],
            [
              108.47497297400012,
              -6.758552850999909
            ]
          ]
        ]
      }
    },
    {
      "type": "Feature",
      "id": 91,
      "properties": {
        "id": 91,
        "nama_ruas": "Jl. Sindangjawa Permai",
        "fungsi_jalan": "Lingkungan",
        "lebar_ruas": "5 meter",
        "kecepatan_rencana": "20 km/jam",
        "kondisi": "Baik (Aspal Hotmix)",
        "kewenangan": "Kabupaten",
        "panjang_km": 0.11,
        "foto_gallery": [
          {
            "url": "/images/foto_kawasan-znt-sumber.jpg",
            "caption": "Kondisi fisik perkerasan jalan dan akses koridor Jl. Sindangjawa Permai."
          },
          {
            "url": "/images/foto_pasar-sumber-cirebon.jpg",
            "caption": "Kawasan bangkitan aktivitas komersial di sepanjang jalur jalan."
          }
        ]
      },
      "geometry": {
        "type": "MultiLineString",
        "coordinates": [
          [
            [
              108.47416713600006,
              -6.752253928999917
            ],
            [
              108.47420065800009,
              -6.752253984999921
            ],
            [
              108.47478789100009,
              -6.752243825999969
            ],
            [
              108.47509403900001,
              -6.752238525999886
            ],
            [
              108.47514476400004,
              -6.75223690999993
            ]
          ]
        ]
      }
    },
    {
      "type": "Feature",
      "id": 92,
      "properties": {
        "id": 92,
        "nama_ruas": "Jl. Pangeran Cakrabuana",
        "fungsi_jalan": "Kolektor Primer",
        "lebar_ruas": "10 meter",
        "kecepatan_rencana": "50 km/jam",
        "kondisi": "Baik (Aspal Hotmix)",
        "kewenangan": "Kabupaten",
        "panjang_km": 0.64,
        "foto_gallery": [
          {
            "url": "/images/foto_kawasan-znt-sumber.jpg",
            "caption": "Kondisi fisik perkerasan jalan dan akses koridor Jl. Pangeran Cakrabuana."
          },
          {
            "url": "/images/foto_pasar-sumber-cirebon.jpg",
            "caption": "Kawasan bangkitan aktivitas komersial di sepanjang jalur jalan."
          }
        ]
      },
      "geometry": {
        "type": "MultiLineString",
        "coordinates": [
          [
            [
              108.46220279800009,
              -6.79197158099991
            ],
            [
              108.46216769300011,
              -6.791971242999971
            ],
            [
              108.46150713100009,
              -6.792026053999976
            ],
            [
              108.46117837900006,
              -6.792108296999942
            ],
            [
              108.46082361200011,
              -6.79228944399992
            ],
            [
              108.46041375000003,
              -6.792501298999952
            ],
            [
              108.4600527690001,
              -6.792715687999927
            ],
            [
              108.45999858100005,
              -6.79275618
            ],
            [
              108.45978929600005,
              -6.792850959999928
            ],
            [
              108.45953327100001,
              -6.792876431
            ],
            [
              108.45953067400006,
              -6.792876688000014
            ],
            [
              108.45903358600006,
              -6.792821021999938
            ],
            [
              108.45902361800003,
              -6.792820101999951
            ],
            [
              108.45868353800005,
              -6.792788701999928
            ],
            [
              108.45832121700009,
              -6.792727994999968
            ],
            [
              108.45822565400009,
              -6.792711985999976
            ],
            [
              108.45800327000008,
              -6.79271716299996
            ],
            [
              108.45793430300006,
              -6.792741417999924
            ],
            [
              108.45781992900001,
              -6.792781638999966
            ],
            [
              108.45761320200005,
              -6.792924834999912
            ],
            [
              108.4572681600001,
              -6.793214711999916
            ],
            [
              108.457237063,
              -6.793366972999902
            ],
            [
              108.45727733800005,
              -6.7936342369999
            ]
          ]
        ]
      }
    },
    {
      "type": "Feature",
      "id": 93,
      "properties": {
        "id": 93,
        "nama_ruas": "Jl. Fatahillah",
        "fungsi_jalan": "Arteri Primer",
        "lebar_ruas": "14 meter",
        "kecepatan_rencana": "60 km/jam",
        "kondisi": "Baik (Aspal Hotmix)",
        "kewenangan": "Provinsi",
        "panjang_km": 0.63,
        "foto_gallery": [
          {
            "url": "/images/foto_kawasan-znt-sumber.jpg",
            "caption": "Kondisi fisik perkerasan jalan dan akses koridor Jl. Fatahillah."
          },
          {
            "url": "/images/foto_pasar-sumber-cirebon.jpg",
            "caption": "Kawasan bangkitan aktivitas komersial di sepanjang jalur jalan."
          }
        ]
      },
      "geometry": {
        "type": "MultiLineString",
        "coordinates": [
          [
            [
              108.5025378160001,
              -6.787504472999959
            ],
            [
              108.50249136000006,
              -6.787604541999979
            ],
            [
              108.50242755700003,
              -6.787849792999932
            ],
            [
              108.50235571300004,
              -6.78870006299994
            ],
            [
              108.50241633000007,
              -6.790036589999946
            ],
            [
              108.50248354900005,
              -6.790440339999957
            ],
            [
              108.5026356590001,
              -6.790658261999958
            ],
            [
              108.50271338500005,
              -6.790821837999903
            ],
            [
              108.50279030100002,
              -6.791170354999963
            ],
            [
              108.5028234750001,
              -6.791497787999965
            ],
            [
              108.50281777400008,
              -6.792190989999945
            ],
            [
              108.50270925400007,
              -6.79272443799994
            ],
            [
              108.50258980300005,
              -6.792809389999952
            ],
            [
              108.50258881400005,
              -6.792810098999922
            ],
            [
              108.50244124300009,
              -6.792890088999968
            ],
            [
              108.50240495100012,
              -6.792919734999934
            ]
          ]
        ]
      }
    },
    {
      "type": "Feature",
      "id": 94,
      "properties": {
        "id": 94,
        "nama_ruas": "Jl. Sunan Drajat",
        "fungsi_jalan": "Kolektor Sekunder",
        "lebar_ruas": "8 meter",
        "kecepatan_rencana": "40 km/jam",
        "kondisi": "Baik (Aspal Hotmix)",
        "kewenangan": "Kabupaten",
        "panjang_km": 0.8,
        "foto_gallery": [
          {
            "url": "/images/foto_kawasan-znt-sumber.jpg",
            "caption": "Kondisi fisik perkerasan jalan dan akses koridor Jl. Sunan Drajat."
          },
          {
            "url": "/images/foto_pasar-sumber-cirebon.jpg",
            "caption": "Kawasan bangkitan aktivitas komersial di sepanjang jalur jalan."
          }
        ]
      },
      "geometry": {
        "type": "MultiLineString",
        "coordinates": [
          [
            [
              108.4706069920001,
              -6.757886299999914
            ],
            [
              108.47067199500006,
              -6.757755756999948
            ],
            [
              108.47069996900007,
              -6.75765784699993
            ],
            [
              108.470583257,
              -6.757252371999954
            ],
            [
              108.47041611500003,
              -6.756671698999959
            ],
            [
              108.47039504000006,
              -6.756611200999927
            ],
            [
              108.470293386,
              -6.756319396999942
            ],
            [
              108.47021130300004,
              -6.756083779999898
            ],
            [
              108.47016884100009,
              -6.75597909599994
            ],
            [
              108.46994379700003,
              -6.755424220999949
            ],
            [
              108.46976236700003,
              -6.754804395999912
            ],
            [
              108.46970685600006,
              -6.754524886999967
            ],
            [
              108.46972899500011,
              -6.754481712999947
            ],
            [
              108.46973344100003,
              -6.754480262999916
            ],
            [
              108.46988404900006,
              -6.75443116799994
            ],
            [
              108.47002875400004,
              -6.754317677999964
            ],
            [
              108.4701239280001,
              -6.753873250999963
            ],
            [
              108.47010582900002,
              -6.753424366999948
            ],
            [
              108.47010809500003,
              -6.752750231999947
            ],
            [
              108.47017211200009,
              -6.752269709999979
            ],
            [
              108.47022026100008,
              -6.75211502199997
            ],
            [
              108.47030780300013,
              -6.751994402999937
            ],
            [
              108.47050979500005,
              -6.751896771999942
            ],
            [
              108.47100460600005,
              -6.751811641
            ],
            [
              108.47111447100008,
              -6.751794832999945
            ]
          ]
        ]
      }
    },
    {
      "type": "Feature",
      "id": 95,
      "properties": {
        "id": 95,
        "nama_ruas": "Jl. Sunan Kalijaga",
        "fungsi_jalan": "Kolektor Sekunder",
        "lebar_ruas": "9 meter",
        "kecepatan_rencana": "40 km/jam",
        "kondisi": "Baik (Aspal Hotmix)",
        "kewenangan": "Kabupaten",
        "panjang_km": 0.13,
        "foto_gallery": [
          {
            "url": "/images/foto_kawasan-znt-sumber.jpg",
            "caption": "Kondisi fisik perkerasan jalan dan akses koridor Jl. Sunan Kalijaga."
          },
          {
            "url": "/images/foto_pasar-sumber-cirebon.jpg",
            "caption": "Kawasan bangkitan aktivitas komersial di sepanjang jalur jalan."
          }
        ]
      },
      "geometry": {
        "type": "MultiLineString",
        "coordinates": [
          [
            [
              108.4786867590001,
              -6.76548785599995
            ],
            [
              108.47914323400002,
              -6.765171145999947
            ],
            [
              108.47931198900004,
              -6.765056069999929
            ],
            [
              108.4795263980001,
              -6.764896051999923
            ],
            [
              108.47960931700004,
              -6.764839192999926
            ]
          ]
        ]
      }
    },
    {
      "type": "Feature",
      "id": 96,
      "properties": {
        "id": 96,
        "nama_ruas": "Jl. Sultan Agung",
        "fungsi_jalan": "Kolektor Primer",
        "lebar_ruas": "10 meter",
        "kecepatan_rencana": "50 km/jam",
        "kondisi": "Baik (Aspal Hotmix)",
        "kewenangan": "Kabupaten",
        "panjang_km": 0.62,
        "foto_gallery": [
          {
            "url": "/images/foto_kawasan-znt-sumber.jpg",
            "caption": "Kondisi fisik perkerasan jalan dan akses koridor Jl. Sultan Agung."
          },
          {
            "url": "/images/foto_pasar-sumber-cirebon.jpg",
            "caption": "Kawasan bangkitan aktivitas komersial di sepanjang jalur jalan."
          }
        ]
      },
      "geometry": {
        "type": "MultiLineString",
        "coordinates": [
          [
            [
              108.48835037700003,
              -6.75329856900002
            ],
            [
              108.4883478620001,
              -6.753307533999962
            ],
            [
              108.48816577900004,
              -6.753956783999946
            ],
            [
              108.4877586100001,
              -6.755970272999921
            ],
            [
              108.48773843100012,
              -6.75607007
            ],
            [
              108.48772783600005,
              -6.756122478
            ],
            [
              108.487684357,
              -6.756499327
            ],
            [
              108.4876427660001,
              -6.757876009999951
            ],
            [
              108.48763717000008,
              -6.758117590999955
            ],
            [
              108.48758966200006,
              -6.758787641999973
            ]
          ]
        ]
      }
    },
    {
      "type": "Feature",
      "id": 97,
      "properties": {
        "id": 97,
        "nama_ruas": "Jl. Ki Ageng Tirtayasa",
        "fungsi_jalan": "Lokal Primer",
        "lebar_ruas": "7 meter",
        "kecepatan_rencana": "30 km/jam",
        "kondisi": "Baik (Aspal Hotmix)",
        "kewenangan": "Kabupaten",
        "panjang_km": 0.92,
        "foto_gallery": [
          {
            "url": "/images/foto_kawasan-znt-sumber.jpg",
            "caption": "Kondisi fisik perkerasan jalan dan akses koridor Jl. Ki Ageng Tirtayasa."
          },
          {
            "url": "/images/foto_pasar-sumber-cirebon.jpg",
            "caption": "Kawasan bangkitan aktivitas komersial di sepanjang jalur jalan."
          }
        ]
      },
      "geometry": {
        "type": "MultiLineString",
        "coordinates": [
          [
            [
              108.45850136200008,
              -6.752081896999893
            ],
            [
              108.45686563200009,
              -6.751945355999965
            ],
            [
              108.45640787300006,
              -6.751907141999911
            ],
            [
              108.45602588300007,
              -6.751858414999965
            ],
            [
              108.45596277700008,
              -6.751842044999943
            ],
            [
              108.45586080900009,
              -6.751822231
            ],
            [
              108.45583265300007,
              -6.751816758999983
            ],
            [
              108.45574722900001,
              -6.751800160999942
            ],
            [
              108.45548547200012,
              -6.75178858099996
            ],
            [
              108.45503943400007,
              -6.751780919999948
            ],
            [
              108.45470795400009,
              -6.75177522900001
            ],
            [
              108.45444698500008,
              -6.751771967999918
            ],
            [
              108.45419748500004,
              -6.751781499999908
            ],
            [
              108.45405816300006,
              -6.751801568999969
            ],
            [
              108.454044675,
              -6.751803511999952
            ],
            [
              108.45388272500011,
              -6.751826840000017
            ],
            [
              108.45362246200007,
              -6.751821864999961
            ],
            [
              108.45314815900008,
              -6.75180753399993
            ],
            [
              108.45306694000003,
              -6.751804970999984
            ],
            [
              108.45207558600006,
              -6.751725428999976
            ],
            [
              108.45127991100004,
              -6.751637246999962
            ],
            [
              108.45074448900007,
              -6.751563050999952
            ],
            [
              108.45053202400007,
              -6.751506042999942
            ],
            [
              108.45046757500008,
              -6.751473252999983
            ],
            [
              108.450298337,
              -6.751418640999905
            ]
          ]
        ]
      }
    },
    {
      "type": "Feature",
      "id": 98,
      "properties": {
        "id": 98,
        "nama_ruas": "Jl. Dewi Sartika",
        "fungsi_jalan": "Lokal Primer",
        "lebar_ruas": "7 meter",
        "kecepatan_rencana": "30 km/jam",
        "kondisi": "Baik (Aspal Hotmix)",
        "kewenangan": "Kabupaten",
        "panjang_km": 0.82,
        "foto_gallery": [
          {
            "url": "/images/foto_kawasan-znt-sumber.jpg",
            "caption": "Kondisi fisik perkerasan jalan dan akses koridor Jl. Dewi Sartika."
          },
          {
            "url": "/images/foto_pasar-sumber-cirebon.jpg",
            "caption": "Kawasan bangkitan aktivitas komersial di sepanjang jalur jalan."
          }
        ]
      },
      "geometry": {
        "type": "MultiLineString",
        "coordinates": [
          [
            [
              108.49715843000007,
              -6.758494680999981
            ],
            [
              108.49749721900012,
              -6.75849215899995
            ],
            [
              108.49888051700009,
              -6.758491028999945
            ],
            [
              108.49949309100006,
              -6.758477398999972
            ],
            [
              108.50000036700003,
              -6.758394969999902
            ],
            [
              108.50048409200008,
              -6.758316368999971
            ],
            [
              108.50082228700008,
              -6.75823585399997
            ],
            [
              108.50111572100012,
              -6.758165989999963
            ],
            [
              108.5024208940001,
              -6.757803347999889
            ],
            [
              108.50313182700003,
              -6.757605807999976
            ],
            [
              108.5032752920001,
              -6.757565946999964
            ],
            [
              108.50424308600006,
              -6.757318497
            ],
            [
              108.50435402200009,
              -6.757294104999943
            ]
          ]
        ]
      }
    },
    {
      "type": "Feature",
      "id": 99,
      "properties": {
        "id": 99,
        "nama_ruas": "Jl. R.A. Kartini Sumber",
        "fungsi_jalan": "Lokal Sekunder",
        "lebar_ruas": "6 meter",
        "kecepatan_rencana": "30 km/jam",
        "kondisi": "Baik (Aspal Hotmix)",
        "kewenangan": "Kabupaten",
        "panjang_km": 0.45,
        "foto_gallery": [
          {
            "url": "/images/foto_kawasan-znt-sumber.jpg",
            "caption": "Kondisi fisik perkerasan jalan dan akses koridor Jl. R.A. Kartini Sumber."
          },
          {
            "url": "/images/foto_pasar-sumber-cirebon.jpg",
            "caption": "Kawasan bangkitan aktivitas komersial di sepanjang jalur jalan."
          }
        ]
      },
      "geometry": {
        "type": "MultiLineString",
        "coordinates": [
          [
            [
              108.48146205600004,
              -6.76081653099989
            ],
            [
              108.4818213660001,
              -6.760848647999971
            ],
            [
              108.48237512000009,
              -6.760834233999933
            ],
            [
              108.48238874600007,
              -6.76083388
            ],
            [
              108.48412475600009,
              -6.761006393999967
            ],
            [
              108.484674549,
              -6.761036113999939
            ],
            [
              108.485409712,
              -6.761052258999943
            ],
            [
              108.485513859,
              -6.761054469999948
            ]
          ]
        ]
      }
    },
    {
      "type": "Feature",
      "id": 100,
      "properties": {
        "id": 100,
        "nama_ruas": "Jl. Pemuda Sumber",
        "fungsi_jalan": "Lokal Sekunder",
        "lebar_ruas": "6 meter",
        "kecepatan_rencana": "30 km/jam",
        "kondisi": "Baik (Aspal Hotmix)",
        "kewenangan": "Kabupaten",
        "panjang_km": 0.25,
        "foto_gallery": [
          {
            "url": "/images/foto_kawasan-znt-sumber.jpg",
            "caption": "Kondisi fisik perkerasan jalan dan akses koridor Jl. Pemuda Sumber."
          },
          {
            "url": "/images/foto_pasar-sumber-cirebon.jpg",
            "caption": "Kawasan bangkitan aktivitas komersial di sepanjang jalur jalan."
          }
        ]
      },
      "geometry": {
        "type": "MultiLineString",
        "coordinates": [
          [
            [
              108.45245627600004,
              -6.788141830999937
            ],
            [
              108.45255886500009,
              -6.787997276999967
            ],
            [
              108.45264686300008,
              -6.787924808999922
            ],
            [
              108.45309407200006,
              -6.788037395999911
            ],
            [
              108.45324359200008,
              -6.788156127999965
            ],
            [
              108.45359616100002,
              -6.788330367
            ],
            [
              108.4539137520001,
              -6.788629904999908
            ],
            [
              108.45420607300004,
              -6.788807541999951
            ],
            [
              108.45429810600011,
              -6.788889306999966
            ]
          ]
        ]
      }
    },
    {
      "type": "Feature",
      "id": 101,
      "properties": {
        "id": 101,
        "nama_ruas": "Jl. Raya Tukmudal",
        "fungsi_jalan": "Lokal Primer",
        "lebar_ruas": "7 meter",
        "kecepatan_rencana": "35 km/jam",
        "kondisi": "Baik (Aspal Hotmix)",
        "kewenangan": "Kabupaten",
        "panjang_km": 0.42,
        "foto_gallery": [
          {
            "url": "/images/foto_kawasan-znt-sumber.jpg",
            "caption": "Kondisi fisik perkerasan jalan dan akses koridor Jl. Raya Tukmudal."
          },
          {
            "url": "/images/foto_pasar-sumber-cirebon.jpg",
            "caption": "Kawasan bangkitan aktivitas komersial di sepanjang jalur jalan."
          }
        ]
      },
      "geometry": {
        "type": "MultiLineString",
        "coordinates": [
          [
            [
              108.47111447100008,
              -6.751794832999945
            ],
            [
              108.47149849300006,
              -6.75176327
            ],
            [
              108.47168768100008,
              -6.751707929999949
            ],
            [
              108.4718694000001,
              -6.751567617999974
            ],
            [
              108.47259454100006,
              -6.750117572
            ],
            [
              108.47270195200007,
              -6.750000398999887
            ],
            [
              108.47321917300005,
              -6.749436178999922
            ],
            [
              108.47354644900004,
              -6.749228107999937
            ],
            [
              108.47358765300008,
              -6.749204146
            ]
          ]
        ]
      }
    },
    {
      "type": "Feature",
      "id": 102,
      "properties": {
        "id": 102,
        "nama_ruas": "Jl. Perbutulan Raya",
        "fungsi_jalan": "Lokal Sekunder",
        "lebar_ruas": "6 meter",
        "kecepatan_rencana": "30 km/jam",
        "kondisi": "Baik (Aspal Hotmix)",
        "kewenangan": "Kabupaten",
        "panjang_km": 0.12,
        "foto_gallery": [
          {
            "url": "/images/foto_kawasan-znt-sumber.jpg",
            "caption": "Kondisi fisik perkerasan jalan dan akses koridor Jl. Perbutulan Raya."
          },
          {
            "url": "/images/foto_pasar-sumber-cirebon.jpg",
            "caption": "Kawasan bangkitan aktivitas komersial di sepanjang jalur jalan."
          }
        ]
      },
      "geometry": {
        "type": "MultiLineString",
        "coordinates": [
          [
            [
              108.47908852500002,
              -6.763254652999915
            ],
            [
              108.47886037800006,
              -6.763755728999985
            ],
            [
              108.47869075600006,
              -6.764093790999979
            ],
            [
              108.47861609600002,
              -6.764179377999955
            ]
          ]
        ]
      }
    },
    {
      "type": "Feature",
      "id": 103,
      "properties": {
        "id": 103,
        "nama_ruas": "Jl. Pejambon Asri",
        "fungsi_jalan": "Lingkungan",
        "lebar_ruas": "5 meter",
        "kecepatan_rencana": "20 km/jam",
        "kondisi": "Baik (Aspal Hotmix)",
        "kewenangan": "Kabupaten",
        "panjang_km": 1.32,
        "foto_gallery": [
          {
            "url": "/images/foto_kawasan-znt-sumber.jpg",
            "caption": "Kondisi fisik perkerasan jalan dan akses koridor Jl. Pejambon Asri."
          },
          {
            "url": "/images/foto_pasar-sumber-cirebon.jpg",
            "caption": "Kawasan bangkitan aktivitas komersial di sepanjang jalur jalan."
          }
        ]
      },
      "geometry": {
        "type": "MultiLineString",
        "coordinates": [
          [
            [
              108.46177512400006,
              -6.756255757999917
            ],
            [
              108.46182524800011,
              -6.756119861999952
            ],
            [
              108.46188912000007,
              -6.755936004000016
            ],
            [
              108.46206257100003,
              -6.755436699
            ],
            [
              108.4622716060001,
              -6.754834977999955
            ],
            [
              108.46259729600004,
              -6.753907668999968
            ],
            [
              108.46264583500006,
              -6.753796446
            ],
            [
              108.46257039700004,
              -6.753558147
            ],
            [
              108.46256935200005,
              -6.753554544999972
            ],
            [
              108.46252363100008,
              -6.753396880999983
            ],
            [
              108.46249872300007,
              -6.752415445999958
            ],
            [
              108.46249652600005,
              -6.752328884
            ],
            [
              108.46251806400007,
              -6.752022845999893
            ],
            [
              108.4626150890001,
              -6.751741140999943
            ],
            [
              108.46274552000006,
              -6.751547624999919
            ],
            [
              108.46301789700003,
              -6.751474994999949
            ],
            [
              108.46347891900007,
              -6.75146510499993
            ],
            [
              108.4635500200001,
              -6.751456871999959
            ],
            [
              108.46384677900005,
              -6.751430965999948
            ],
            [
              108.46397908300007,
              -6.75138280799996
            ],
            [
              108.46442721900011,
              -6.751017697999949
            ],
            [
              108.46507989700011,
              -6.7503323
            ],
            [
              108.46534154500009,
              -6.750000245999964
            ],
            [
              108.46540121800005,
              -6.749924513999915
            ],
            [
              108.4657066440001,
              -6.749266697999932
            ],
            [
              108.46606416400002,
              -6.748481380999969
            ],
            [
              108.4660995450001,
              -6.748414065
            ],
            [
              108.46613544100005,
              -6.748392127999956
            ],
            [
              108.46625699400008,
              -6.748281554999956
            ],
            [
              108.46640130700011,
              -6.748076296999937
            ],
            [
              108.46652761100007,
              -6.747783960999907
            ],
            [
              108.46655953200006,
              -6.747650237999945
            ],
            [
              108.46660174800009,
              -6.747473423999971
            ],
            [
              108.46666592600006,
              -6.746786461999974
            ],
            [
              108.46667746300004,
              -6.746584553999966
            ]
          ]
        ]
      }
    },
    {
      "type": "Feature",
      "id": 104,
      "properties": {
        "id": 104,
        "nama_ruas": "Jl. Sindangjawa Permai",
        "fungsi_jalan": "Lingkungan",
        "lebar_ruas": "5 meter",
        "kecepatan_rencana": "20 km/jam",
        "kondisi": "Baik (Aspal Hotmix)",
        "kewenangan": "Kabupaten",
        "panjang_km": 1.01,
        "foto_gallery": [
          {
            "url": "/images/foto_kawasan-znt-sumber.jpg",
            "caption": "Kondisi fisik perkerasan jalan dan akses koridor Jl. Sindangjawa Permai."
          },
          {
            "url": "/images/foto_pasar-sumber-cirebon.jpg",
            "caption": "Kawasan bangkitan aktivitas komersial di sepanjang jalur jalan."
          }
        ]
      },
      "geometry": {
        "type": "MultiLineString",
        "coordinates": [
          [
            [
              108.49129146000011,
              -6.74471417300002
            ],
            [
              108.49121738900003,
              -6.744849815999963
            ],
            [
              108.49119352100008,
              -6.744907886999972
            ],
            [
              108.49067785600006,
              -6.746162575999957
            ],
            [
              108.49045572700007,
              -6.746760315999943
            ],
            [
              108.49030289900011,
              -6.747302243999929
            ],
            [
              108.48996757900008,
              -6.74819848100001
            ],
            [
              108.48990200800007,
              -6.74837392399996
            ],
            [
              108.48978930300008,
              -6.748736463999936
            ],
            [
              108.48973960700005,
              -6.748859272999972
            ],
            [
              108.48970873900008,
              -6.748898688999947
            ],
            [
              108.48967185000004,
              -6.748959041999967
            ],
            [
              108.48954193900003,
              -6.749456757999937
            ],
            [
              108.48938948200004,
              -6.749929802999908
            ],
            [
              108.48936675200011,
              -6.750000333999971
            ],
            [
              108.48901183700005,
              -6.75110156399996
            ],
            [
              108.48885425100008,
              -6.751590496999913
            ],
            [
              108.48879251200012,
              -6.751783509999896
            ],
            [
              108.48866911600003,
              -6.752169301999931
            ],
            [
              108.48855895600006,
              -6.752554863999947
            ],
            [
              108.48835037700003,
              -6.75329856900002
            ]
          ]
        ]
      }
    },
    {
      "type": "Feature",
      "id": 105,
      "properties": {
        "id": 105,
        "nama_ruas": "Jl. Pangeran Cakrabuana",
        "fungsi_jalan": "Kolektor Primer",
        "lebar_ruas": "10 meter",
        "kecepatan_rencana": "50 km/jam",
        "kondisi": "Baik (Aspal Hotmix)",
        "kewenangan": "Kabupaten",
        "panjang_km": 0.37,
        "foto_gallery": [
          {
            "url": "/images/foto_kawasan-znt-sumber.jpg",
            "caption": "Kondisi fisik perkerasan jalan dan akses koridor Jl. Pangeran Cakrabuana."
          },
          {
            "url": "/images/foto_pasar-sumber-cirebon.jpg",
            "caption": "Kawasan bangkitan aktivitas komersial di sepanjang jalur jalan."
          }
        ]
      },
      "geometry": {
        "type": "MultiLineString",
        "coordinates": [
          [
            [
              108.46181596100006,
              -6.794912333999957
            ],
            [
              108.46177706500004,
              -6.794902189
            ],
            [
              108.460983362,
              -6.794804526999918
            ],
            [
              108.46097249500008,
              -6.794804443
            ],
            [
              108.46029464100003,
              -6.794799242999925
            ],
            [
              108.45989261300008,
              -6.794839238999948
            ],
            [
              108.4594955330001,
              -6.794878744999931
            ],
            [
              108.458911529,
              -6.794936853999943
            ],
            [
              108.4587259900001,
              -6.794979078999972
            ],
            [
              108.45874121300002,
              -6.795165408999935
            ]
          ]
        ]
      }
    },
    {
      "type": "Feature",
      "id": 106,
      "properties": {
        "id": 106,
        "nama_ruas": "Jl. Fatahillah",
        "fungsi_jalan": "Arteri Primer",
        "lebar_ruas": "14 meter",
        "kecepatan_rencana": "60 km/jam",
        "kondisi": "Baik (Aspal Hotmix)",
        "kewenangan": "Provinsi",
        "panjang_km": 0.16,
        "foto_gallery": [
          {
            "url": "/images/foto_kawasan-znt-sumber.jpg",
            "caption": "Kondisi fisik perkerasan jalan dan akses koridor Jl. Fatahillah."
          },
          {
            "url": "/images/foto_pasar-sumber-cirebon.jpg",
            "caption": "Kawasan bangkitan aktivitas komersial di sepanjang jalur jalan."
          }
        ]
      },
      "geometry": {
        "type": "MultiLineString",
        "coordinates": [
          [
            [
              108.46751418100008,
              -6.761203574999939
            ],
            [
              108.46747004000008,
              -6.761206128999973
            ],
            [
              108.46641960400002,
              -6.761334269
            ],
            [
              108.46607304700004,
              -6.761385039999944
            ]
          ]
        ]
      }
    },
    {
      "type": "Feature",
      "id": 107,
      "properties": {
        "id": 107,
        "nama_ruas": "Jl. Sunan Drajat",
        "fungsi_jalan": "Kolektor Sekunder",
        "lebar_ruas": "8 meter",
        "kecepatan_rencana": "40 km/jam",
        "kondisi": "Baik (Aspal Hotmix)",
        "kewenangan": "Kabupaten",
        "panjang_km": 0.08,
        "foto_gallery": [
          {
            "url": "/images/foto_kawasan-znt-sumber.jpg",
            "caption": "Kondisi fisik perkerasan jalan dan akses koridor Jl. Sunan Drajat."
          },
          {
            "url": "/images/foto_pasar-sumber-cirebon.jpg",
            "caption": "Kawasan bangkitan aktivitas komersial di sepanjang jalur jalan."
          }
        ]
      },
      "geometry": {
        "type": "MultiLineString",
        "coordinates": [
          [
            [
              108.50537744700003,
              -6.759863071999959
            ],
            [
              108.50537309200003,
              -6.760586704999969
            ]
          ]
        ]
      }
    },
    {
      "type": "Feature",
      "id": 108,
      "properties": {
        "id": 108,
        "nama_ruas": "Jl. Sunan Kalijaga",
        "fungsi_jalan": "Kolektor Sekunder",
        "lebar_ruas": "9 meter",
        "kecepatan_rencana": "40 km/jam",
        "kondisi": "Baik (Aspal Hotmix)",
        "kewenangan": "Kabupaten",
        "panjang_km": 0.5,
        "foto_gallery": [
          {
            "url": "/images/foto_kawasan-znt-sumber.jpg",
            "caption": "Kondisi fisik perkerasan jalan dan akses koridor Jl. Sunan Kalijaga."
          },
          {
            "url": "/images/foto_pasar-sumber-cirebon.jpg",
            "caption": "Kawasan bangkitan aktivitas komersial di sepanjang jalur jalan."
          }
        ]
      },
      "geometry": {
        "type": "MultiLineString",
        "coordinates": [
          [
            [
              108.50581024900005,
              -6.772992886999905
            ],
            [
              108.50571765600003,
              -6.772945985000021
            ],
            [
              108.50538980600008,
              -6.772904020999924
            ],
            [
              108.5050380200001,
              -6.772921047999912
            ],
            [
              108.50491836600007,
              -6.772890283999942
            ],
            [
              108.50469701800004,
              -6.771990722999941
            ],
            [
              108.50453427500008,
              -6.771386496999952
            ],
            [
              108.50442056700008,
              -6.771009801999959
            ],
            [
              108.50433679700008,
              -6.770520017999935
            ],
            [
              108.504334815,
              -6.770064952999942
            ],
            [
              108.50436278100001,
              -6.769782995999972
            ],
            [
              108.50447904000004,
              -6.769453998999929
            ],
            [
              108.50449616800003,
              -6.769417980999968
            ]
          ]
        ]
      }
    },
    {
      "type": "Feature",
      "id": 109,
      "properties": {
        "id": 109,
        "nama_ruas": "Jl. Sultan Agung",
        "fungsi_jalan": "Kolektor Primer",
        "lebar_ruas": "10 meter",
        "kecepatan_rencana": "50 km/jam",
        "kondisi": "Baik (Aspal Hotmix)",
        "kewenangan": "Kabupaten",
        "panjang_km": 1.46,
        "foto_gallery": [
          {
            "url": "/images/foto_kawasan-znt-sumber.jpg",
            "caption": "Kondisi fisik perkerasan jalan dan akses koridor Jl. Sultan Agung."
          },
          {
            "url": "/images/foto_pasar-sumber-cirebon.jpg",
            "caption": "Kawasan bangkitan aktivitas komersial di sepanjang jalur jalan."
          }
        ]
      },
      "geometry": {
        "type": "MultiLineString",
        "coordinates": [
          [
            [
              108.47699647500004,
              -6.788427592999955
            ],
            [
              108.47690127100006,
              -6.788330505
            ],
            [
              108.47632559000004,
              -6.78847656200001
            ],
            [
              108.47602619400004,
              -6.78855419799995
            ],
            [
              108.47580122500008,
              -6.78861252899998
            ],
            [
              108.47543365900005,
              -6.788608426999907
            ],
            [
              108.47500423700005,
              -6.788494513999986
            ],
            [
              108.47460139200011,
              -6.78839341799997
            ],
            [
              108.47439458900006,
              -6.788366483999962
            ],
            [
              108.47419351500011,
              -6.788484106999924
            ],
            [
              108.47402204900004,
              -6.78860716199998
            ],
            [
              108.47382803900007,
              -6.788646167999921
            ],
            [
              108.47368606100005,
              -6.788667822999937
            ],
            [
              108.47339027800008,
              -6.788825854999956
            ],
            [
              108.473235791,
              -6.788974880999941
            ],
            [
              108.47314330500008,
              -6.789207726999933
            ],
            [
              108.47303234900005,
              -6.789615260999902
            ],
            [
              108.47283656400002,
              -6.790080869999969
            ],
            [
              108.47273892600002,
              -6.790268239999929
            ],
            [
              108.47272156600009,
              -6.790323909999916
            ],
            [
              108.4727217530001,
              -6.790326287999935
            ],
            [
              108.47263240600009,
              -6.790350836999924
            ],
            [
              108.47049185400007,
              -6.790729096999957
            ],
            [
              108.47004082200006,
              -6.790780018
            ],
            [
              108.46959404800005,
              -6.790734068999924
            ],
            [
              108.46955524200003,
              -6.790723852999967
            ],
            [
              108.46903815600005,
              -6.7905877869999
            ],
            [
              108.46901769700006,
              -6.790582401999899
            ],
            [
              108.46862291500007,
              -6.790542463999969
            ],
            [
              108.46858030000001,
              -6.790538155999968
            ],
            [
              108.46803789200007,
              -6.790465733999927
            ],
            [
              108.46756008100006,
              -6.790407628999915
            ],
            [
              108.46727746800003,
              -6.790406937999947
            ],
            [
              108.46696236300008,
              -6.790512754
            ],
            [
              108.46675512300007,
              -6.790598808999924
            ],
            [
              108.46650045700005,
              -6.790623784999948
            ],
            [
              108.46605926000005,
              -6.790440178999944
            ],
            [
              108.46528213700006,
              -6.790334885999936
            ]
          ]
        ]
      }
    },
    {
      "type": "Feature",
      "id": 110,
      "properties": {
        "id": 110,
        "nama_ruas": "Jl. Ki Ageng Tirtayasa",
        "fungsi_jalan": "Lokal Primer",
        "lebar_ruas": "7 meter",
        "kecepatan_rencana": "30 km/jam",
        "kondisi": "Baik (Aspal Hotmix)",
        "kewenangan": "Kabupaten",
        "panjang_km": 0.77,
        "foto_gallery": [
          {
            "url": "/images/foto_kawasan-znt-sumber.jpg",
            "caption": "Kondisi fisik perkerasan jalan dan akses koridor Jl. Ki Ageng Tirtayasa."
          },
          {
            "url": "/images/foto_pasar-sumber-cirebon.jpg",
            "caption": "Kawasan bangkitan aktivitas komersial di sepanjang jalur jalan."
          }
        ]
      },
      "geometry": {
        "type": "MultiLineString",
        "coordinates": [
          [
            [
              108.50449616800003,
              -6.769417980999968
            ],
            [
              108.504533226,
              -6.769194814999977
            ],
            [
              108.50456450300001,
              -6.768870215999943
            ],
            [
              108.50454795900006,
              -6.767932166999955
            ],
            [
              108.50450140900003,
              -6.767458526999935
            ],
            [
              108.50462274200002,
              -6.767239733999951
            ],
            [
              108.50473480500007,
              -6.766963404
            ],
            [
              108.50495470100005,
              -6.765720146999985
            ],
            [
              108.50507620000006,
              -6.765021716000017
            ],
            [
              108.50536017900002,
              -6.763712630999972
            ],
            [
              108.50545363800003,
              -6.762970394999932
            ],
            [
              108.50543033100006,
              -6.762656840000012
            ]
          ]
        ]
      }
    },
    {
      "type": "Feature",
      "id": 111,
      "properties": {
        "id": 111,
        "nama_ruas": "Jl. Dewi Sartika",
        "fungsi_jalan": "Lokal Primer",
        "lebar_ruas": "7 meter",
        "kecepatan_rencana": "30 km/jam",
        "kondisi": "Baik (Aspal Hotmix)",
        "kewenangan": "Kabupaten",
        "panjang_km": 0.15,
        "foto_gallery": [
          {
            "url": "/images/foto_kawasan-znt-sumber.jpg",
            "caption": "Kondisi fisik perkerasan jalan dan akses koridor Jl. Dewi Sartika."
          },
          {
            "url": "/images/foto_pasar-sumber-cirebon.jpg",
            "caption": "Kawasan bangkitan aktivitas komersial di sepanjang jalur jalan."
          }
        ]
      },
      "geometry": {
        "type": "MultiLineString",
        "coordinates": [
          [
            [
              108.44788996500004,
              -6.765922800999967
            ],
            [
              108.44739371100012,
              -6.76589519
            ],
            [
              108.44658054400007,
              -6.765899504999904
            ]
          ]
        ]
      }
    },
    {
      "type": "Feature",
      "id": 112,
      "properties": {
        "id": 112,
        "nama_ruas": "Jl. R.A. Kartini Sumber",
        "fungsi_jalan": "Lokal Sekunder",
        "lebar_ruas": "6 meter",
        "kecepatan_rencana": "30 km/jam",
        "kondisi": "Baik (Aspal Hotmix)",
        "kewenangan": "Kabupaten",
        "panjang_km": 0.26,
        "foto_gallery": [
          {
            "url": "/images/foto_kawasan-znt-sumber.jpg",
            "caption": "Kondisi fisik perkerasan jalan dan akses koridor Jl. R.A. Kartini Sumber."
          },
          {
            "url": "/images/foto_pasar-sumber-cirebon.jpg",
            "caption": "Kawasan bangkitan aktivitas komersial di sepanjang jalur jalan."
          }
        ]
      },
      "geometry": {
        "type": "MultiLineString",
        "coordinates": [
          [
            [
              108.47794651700003,
              -6.765373217999969
            ],
            [
              108.47801604400011,
              -6.765229755999911
            ],
            [
              108.47801893200008,
              -6.765209734999942
            ],
            [
              108.47804552900006,
              -6.765025272999956
            ],
            [
              108.47804326700005,
              -6.764689500999975
            ],
            [
              108.47797959200003,
              -6.764114820999943
            ],
            [
              108.47801175800002,
              -6.763973948999922
            ],
            [
              108.47787342500003,
              -6.763728514999954
            ],
            [
              108.47739938600007,
              -6.763334317999934
            ]
          ]
        ]
      }
    },
    {
      "type": "Feature",
      "id": 113,
      "properties": {
        "id": 113,
        "nama_ruas": "Jl. Pemuda Sumber",
        "fungsi_jalan": "Lokal Sekunder",
        "lebar_ruas": "6 meter",
        "kecepatan_rencana": "30 km/jam",
        "kondisi": "Baik (Aspal Hotmix)",
        "kewenangan": "Kabupaten",
        "panjang_km": 0.26,
        "foto_gallery": [
          {
            "url": "/images/foto_kawasan-znt-sumber.jpg",
            "caption": "Kondisi fisik perkerasan jalan dan akses koridor Jl. Pemuda Sumber."
          },
          {
            "url": "/images/foto_pasar-sumber-cirebon.jpg",
            "caption": "Kawasan bangkitan aktivitas komersial di sepanjang jalur jalan."
          }
        ]
      },
      "geometry": {
        "type": "MultiLineString",
        "coordinates": [
          [
            [
              108.50489318000011,
              -6.75974727499997
            ],
            [
              108.504807095,
              -6.759725938999981
            ],
            [
              108.50477527800004,
              -6.759744004999966
            ],
            [
              108.50446321000007,
              -6.759921159999969
            ],
            [
              108.50426909000008,
              -6.760083980999941
            ],
            [
              108.50417789300008,
              -6.760207735999966
            ],
            [
              108.50411413300004,
              -6.760523654999904
            ],
            [
              108.50410908300007,
              -6.760767780999942
            ],
            [
              108.50413389300009,
              -6.761052702999979
            ],
            [
              108.50426707900009,
              -6.76149735199991
            ],
            [
              108.50427940100005,
              -6.761643571999929
            ]
          ]
        ]
      }
    },
    {
      "type": "Feature",
      "id": 114,
      "properties": {
        "id": 114,
        "nama_ruas": "Jl. Raya Tukmudal",
        "fungsi_jalan": "Lokal Primer",
        "lebar_ruas": "7 meter",
        "kecepatan_rencana": "35 km/jam",
        "kondisi": "Baik (Aspal Hotmix)",
        "kewenangan": "Kabupaten",
        "panjang_km": 0.65,
        "foto_gallery": [
          {
            "url": "/images/foto_kawasan-znt-sumber.jpg",
            "caption": "Kondisi fisik perkerasan jalan dan akses koridor Jl. Raya Tukmudal."
          },
          {
            "url": "/images/foto_pasar-sumber-cirebon.jpg",
            "caption": "Kawasan bangkitan aktivitas komersial di sepanjang jalur jalan."
          }
        ]
      },
      "geometry": {
        "type": "MultiLineString",
        "coordinates": [
          [
            [
              108.49355038200005,
              -6.780773624999934
            ],
            [
              108.493678618,
              -6.780989507999944
            ],
            [
              108.49379944100005,
              -6.78132934
            ],
            [
              108.49406016600004,
              -6.782152048999944
            ],
            [
              108.49409030300005,
              -6.78239631
            ],
            [
              108.49408287600006,
              -6.783021364999929
            ],
            [
              108.4941274650001,
              -6.783409821999918
            ],
            [
              108.49417259300012,
              -6.783921555999981
            ],
            [
              108.49409116600003,
              -6.784257485999976
            ],
            [
              108.49368361800006,
              -6.785204198999971
            ],
            [
              108.49358328500003,
              -6.785428281999948
            ],
            [
              108.49349548800004,
              -6.785663609999968
            ],
            [
              108.49344399800013,
              -6.78580161799993
            ],
            [
              108.49334614800003,
              -6.78590407799997
            ],
            [
              108.49299218000006,
              -6.786000756999975
            ],
            [
              108.49291103400009,
              -6.786034237
            ]
          ]
        ]
      }
    },
    {
      "type": "Feature",
      "id": 115,
      "properties": {
        "id": 115,
        "nama_ruas": "Jl. Perbutulan Raya",
        "fungsi_jalan": "Lokal Sekunder",
        "lebar_ruas": "6 meter",
        "kecepatan_rencana": "30 km/jam",
        "kondisi": "Baik (Aspal Hotmix)",
        "kewenangan": "Kabupaten",
        "panjang_km": 0.3,
        "foto_gallery": [
          {
            "url": "/images/foto_kawasan-znt-sumber.jpg",
            "caption": "Kondisi fisik perkerasan jalan dan akses koridor Jl. Perbutulan Raya."
          },
          {
            "url": "/images/foto_pasar-sumber-cirebon.jpg",
            "caption": "Kawasan bangkitan aktivitas komersial di sepanjang jalur jalan."
          }
        ]
      },
      "geometry": {
        "type": "MultiLineString",
        "coordinates": [
          [
            [
              108.46817218400008,
              -6.750146322999971
            ],
            [
              108.46813418100005,
              -6.750149455999964
            ],
            [
              108.4678536160001,
              -6.750407831999937
            ],
            [
              108.46730674100006,
              -6.751252834999953
            ],
            [
              108.46691767400003,
              -6.751783539999987
            ],
            [
              108.46672121500002,
              -6.752009609999952
            ],
            [
              108.46658935400004,
              -6.752290493999922
            ]
          ]
        ]
      }
    },
    {
      "type": "Feature",
      "id": 116,
      "properties": {
        "id": 116,
        "nama_ruas": "Jl. Pejambon Asri",
        "fungsi_jalan": "Lingkungan",
        "lebar_ruas": "5 meter",
        "kecepatan_rencana": "20 km/jam",
        "kondisi": "Baik (Aspal Hotmix)",
        "kewenangan": "Kabupaten",
        "panjang_km": 0.75,
        "foto_gallery": [
          {
            "url": "/images/foto_kawasan-znt-sumber.jpg",
            "caption": "Kondisi fisik perkerasan jalan dan akses koridor Jl. Pejambon Asri."
          },
          {
            "url": "/images/foto_pasar-sumber-cirebon.jpg",
            "caption": "Kawasan bangkitan aktivitas komersial di sepanjang jalur jalan."
          }
        ]
      },
      "geometry": {
        "type": "MultiLineString",
        "coordinates": [
          [
            [
              108.46738068600006,
              -6.76338842299997
            ],
            [
              108.467349917,
              -6.763338782999949
            ],
            [
              108.46725817600013,
              -6.763145410999936
            ],
            [
              108.46726239600012,
              -6.762953387999946
            ],
            [
              108.46726583100005,
              -6.762797285
            ],
            [
              108.46734757200007,
              -6.762360868999949
            ],
            [
              108.46743641600004,
              -6.761878083999971
            ],
            [
              108.46747421600007,
              -6.76157070199994
            ],
            [
              108.46751418100008,
              -6.761203574999939
            ],
            [
              108.46757237800001,
              -6.761082889
            ],
            [
              108.46757357400011,
              -6.761080408999963
            ],
            [
              108.46764521100009,
              -6.760931851999928
            ],
            [
              108.46791534800006,
              -6.760820054999915
            ],
            [
              108.46795494500005,
              -6.760799393999982
            ],
            [
              108.46806696600008,
              -6.760659055999916
            ],
            [
              108.46810120500007,
              -6.760502281999912
            ],
            [
              108.46785820400004,
              -6.759691301999958
            ],
            [
              108.46773688800003,
              -6.759194941000011
            ],
            [
              108.46779102000008,
              -6.758877810999973
            ],
            [
              108.46792254300003,
              -6.758660593999942
            ],
            [
              108.46810374700001,
              -6.758541718999965
            ],
            [
              108.46840202900009,
              -6.758397930999969
            ],
            [
              108.46848965300006,
              -6.758355865999953
            ],
            [
              108.46854750100005,
              -6.758290319999947
            ],
            [
              108.468807794,
              -6.757721024
            ],
            [
              108.46890385600005,
              -6.757539075999961
            ],
            [
              108.46890971000009,
              -6.757484393999967
            ]
          ]
        ]
      }
    },
    {
      "type": "Feature",
      "id": 117,
      "properties": {
        "id": 117,
        "nama_ruas": "Jl. Sindangjawa Permai",
        "fungsi_jalan": "Lingkungan",
        "lebar_ruas": "5 meter",
        "kecepatan_rencana": "20 km/jam",
        "kondisi": "Baik (Aspal Hotmix)",
        "kewenangan": "Kabupaten",
        "panjang_km": 0.16,
        "foto_gallery": [
          {
            "url": "/images/foto_kawasan-znt-sumber.jpg",
            "caption": "Kondisi fisik perkerasan jalan dan akses koridor Jl. Sindangjawa Permai."
          },
          {
            "url": "/images/foto_pasar-sumber-cirebon.jpg",
            "caption": "Kawasan bangkitan aktivitas komersial di sepanjang jalur jalan."
          }
        ]
      },
      "geometry": {
        "type": "MultiLineString",
        "coordinates": [
          [
            [
              108.45658300800007,
              -6.794796224999942
            ],
            [
              108.45659934200009,
              -6.794707391999964
            ],
            [
              108.45708482800002,
              -6.794624367999933
            ],
            [
              108.45726593000009,
              -6.794592080000015
            ],
            [
              108.45750849900008,
              -6.79447619399993
            ],
            [
              108.45778385000004,
              -6.79426747599998
            ],
            [
              108.45782544200001,
              -6.794224089999943
            ]
          ]
        ]
      }
    },
    {
      "type": "Feature",
      "id": 118,
      "properties": {
        "id": 118,
        "nama_ruas": "Jl. Pangeran Cakrabuana",
        "fungsi_jalan": "Kolektor Primer",
        "lebar_ruas": "10 meter",
        "kecepatan_rencana": "50 km/jam",
        "kondisi": "Baik (Aspal Hotmix)",
        "kewenangan": "Kabupaten",
        "panjang_km": 0.51,
        "foto_gallery": [
          {
            "url": "/images/foto_kawasan-znt-sumber.jpg",
            "caption": "Kondisi fisik perkerasan jalan dan akses koridor Jl. Pangeran Cakrabuana."
          },
          {
            "url": "/images/foto_pasar-sumber-cirebon.jpg",
            "caption": "Kawasan bangkitan aktivitas komersial di sepanjang jalur jalan."
          }
        ]
      },
      "geometry": {
        "type": "MultiLineString",
        "coordinates": [
          [
            [
              108.48909608400001,
              -6.764020666999969
            ],
            [
              108.48909377800008,
              -6.764598127999964
            ],
            [
              108.48918821600009,
              -6.765193539999935
            ],
            [
              108.489256992,
              -6.7656654379999
            ],
            [
              108.48937724200009,
              -6.766655996999969
            ],
            [
              108.48937163800007,
              -6.767378275999956
            ],
            [
              108.48936938800006,
              -6.767413004999987
            ],
            [
              108.48933910600005,
              -6.767880803999969
            ],
            [
              108.4886217690001,
              -6.768011314999931
            ]
          ]
        ]
      }
    },
    {
      "type": "Feature",
      "id": 119,
      "properties": {
        "id": 119,
        "nama_ruas": "Jl. Fatahillah",
        "fungsi_jalan": "Arteri Primer",
        "lebar_ruas": "14 meter",
        "kecepatan_rencana": "60 km/jam",
        "kondisi": "Baik (Aspal Hotmix)",
        "kewenangan": "Provinsi",
        "panjang_km": 0.94,
        "foto_gallery": [
          {
            "url": "/images/foto_kawasan-znt-sumber.jpg",
            "caption": "Kondisi fisik perkerasan jalan dan akses koridor Jl. Fatahillah."
          },
          {
            "url": "/images/foto_pasar-sumber-cirebon.jpg",
            "caption": "Kawasan bangkitan aktivitas komersial di sepanjang jalur jalan."
          }
        ]
      },
      "geometry": {
        "type": "MultiLineString",
        "coordinates": [
          [
            [
              108.45067651900004,
              -6.77382523899994
            ],
            [
              108.45067895900006,
              -6.773890924999957
            ],
            [
              108.45067462400006,
              -6.774020777999954
            ],
            [
              108.45043867400008,
              -6.774527569999965
            ],
            [
              108.45025659900003,
              -6.77491866
            ],
            [
              108.44992704300002,
              -6.77599063099996
            ],
            [
              108.44960574500008,
              -6.776894739999893
            ],
            [
              108.4494942800001,
              -6.77721829499993
            ],
            [
              108.44937645200012,
              -6.777852454
            ],
            [
              108.44940330300003,
              -6.778591518999953
            ],
            [
              108.44950667700006,
              -6.779228982999939
            ],
            [
              108.44962588200006,
              -6.779685819999901
            ],
            [
              108.4496789450001,
              -6.779786936999919
            ],
            [
              108.44976202900004,
              -6.779945236999961
            ],
            [
              108.4499247800001,
              -6.78011924699997
            ],
            [
              108.45013793000007,
              -6.78027345799994
            ],
            [
              108.45043823500004,
              -6.78042732399997
            ],
            [
              108.45068241800008,
              -6.780570184999888
            ],
            [
              108.45116582200002,
              -6.781205054999926
            ],
            [
              108.45121602300009,
              -6.781264187999934
            ]
          ]
        ]
      }
    },
    {
      "type": "Feature",
      "id": 120,
      "properties": {
        "id": 120,
        "nama_ruas": "Jl. Sunan Drajat",
        "fungsi_jalan": "Kolektor Sekunder",
        "lebar_ruas": "8 meter",
        "kecepatan_rencana": "40 km/jam",
        "kondisi": "Baik (Aspal Hotmix)",
        "kewenangan": "Kabupaten",
        "panjang_km": 0.11,
        "foto_gallery": [
          {
            "url": "/images/foto_kawasan-znt-sumber.jpg",
            "caption": "Kondisi fisik perkerasan jalan dan akses koridor Jl. Sunan Drajat."
          },
          {
            "url": "/images/foto_pasar-sumber-cirebon.jpg",
            "caption": "Kawasan bangkitan aktivitas komersial di sepanjang jalur jalan."
          }
        ]
      },
      "geometry": {
        "type": "MultiLineString",
        "coordinates": [
          [
            [
              108.45554871100002,
              -6.77322088099994
            ],
            [
              108.45557690400004,
              -6.773214964999983
            ],
            [
              108.45598512200007,
              -6.772811119999965
            ],
            [
              108.45603174200002,
              -6.772687533999953
            ],
            [
              108.45609943400002,
              -6.772471282
            ]
          ]
        ]
      }
    },
    {
      "type": "Feature",
      "id": 121,
      "properties": {
        "id": 121,
        "nama_ruas": "Jl. Sunan Kalijaga",
        "fungsi_jalan": "Kolektor Sekunder",
        "lebar_ruas": "9 meter",
        "kecepatan_rencana": "40 km/jam",
        "kondisi": "Baik (Aspal Hotmix)",
        "kewenangan": "Kabupaten",
        "panjang_km": 1.17,
        "foto_gallery": [
          {
            "url": "/images/foto_kawasan-znt-sumber.jpg",
            "caption": "Kondisi fisik perkerasan jalan dan akses koridor Jl. Sunan Kalijaga."
          },
          {
            "url": "/images/foto_pasar-sumber-cirebon.jpg",
            "caption": "Kawasan bangkitan aktivitas komersial di sepanjang jalur jalan."
          }
        ]
      },
      "geometry": {
        "type": "MultiLineString",
        "coordinates": [
          [
            [
              108.47605963600006,
              -6.783213577999934
            ],
            [
              108.47568505200006,
              -6.783384351999942
            ],
            [
              108.47538841100004,
              -6.783346612999928
            ],
            [
              108.47498763500009,
              -6.783356012999906
            ],
            [
              108.47472398500013,
              -6.783332272999896
            ],
            [
              108.47462805800009,
              -6.783275180999969
            ],
            [
              108.4745196640001,
              -6.783051544999939
            ],
            [
              108.4744380290001,
              -6.782877021999976
            ],
            [
              108.47442968600002,
              -6.782859174999921
            ],
            [
              108.47434468500009,
              -6.782464852999979
            ],
            [
              108.47441740800008,
              -6.782111496999963
            ],
            [
              108.47453119800008,
              -6.781773456999971
            ],
            [
              108.47458463600006,
              -6.781522503
            ],
            [
              108.47467961800001,
              -6.781345980999951
            ],
            [
              108.47493577700007,
              -6.781021748999947
            ],
            [
              108.47505314500009,
              -6.78099101799998
            ],
            [
              108.47537008600003,
              -6.780895686999909
            ],
            [
              108.47550883000005,
              -6.780853950999919
            ],
            [
              108.4757273470001,
              -6.780669205
            ],
            [
              108.47580154800002,
              -6.780519668999972
            ],
            [
              108.47581876000002,
              -6.780306446999916
            ],
            [
              108.47576400100012,
              -6.780134125999957
            ],
            [
              108.47565959800009,
              -6.780013754999946
            ],
            [
              108.47511254500003,
              -6.779466681999978
            ],
            [
              108.47481658500006,
              -6.778991596999926
            ],
            [
              108.47481775500007,
              -6.778839791999889
            ],
            [
              108.47506456100007,
              -6.778166864999989
            ],
            [
              108.47516130300008,
              -6.77789009
            ],
            [
              108.475242037,
              -6.77735725499997
            ],
            [
              108.47515231000004,
              -6.777233146999915
            ],
            [
              108.47504132200001,
              -6.777054431999961
            ],
            [
              108.47498185400006,
              -6.776829722999931
            ],
            [
              108.47488198400005,
              -6.776747115999935
            ],
            [
              108.47446003500005,
              -6.776446431999926
            ],
            [
              108.47416169800006,
              -6.776207564999968
            ],
            [
              108.47400354400011,
              -6.776213032999976
            ],
            [
              108.47385245500004,
              -6.776260939999943
            ]
          ]
        ]
      }
    },
    {
      "type": "Feature",
      "id": 122,
      "properties": {
        "id": 122,
        "nama_ruas": "Jl. Sultan Agung",
        "fungsi_jalan": "Kolektor Primer",
        "lebar_ruas": "10 meter",
        "kecepatan_rencana": "50 km/jam",
        "kondisi": "Baik (Aspal Hotmix)",
        "kewenangan": "Kabupaten",
        "panjang_km": 0.2,
        "foto_gallery": [
          {
            "url": "/images/foto_kawasan-znt-sumber.jpg",
            "caption": "Kondisi fisik perkerasan jalan dan akses koridor Jl. Sultan Agung."
          },
          {
            "url": "/images/foto_pasar-sumber-cirebon.jpg",
            "caption": "Kawasan bangkitan aktivitas komersial di sepanjang jalur jalan."
          }
        ]
      },
      "geometry": {
        "type": "MultiLineString",
        "coordinates": [
          [
            [
              108.5077323360001,
              -6.756667566999973
            ],
            [
              108.50766808400003,
              -6.756693990999938
            ],
            [
              108.50723718100008,
              -6.756854551999901
            ],
            [
              108.50627873600008,
              -6.757135576999971
            ],
            [
              108.5060533800001,
              -6.757233503
            ]
          ]
        ]
      }
    },
    {
      "type": "Feature",
      "id": 123,
      "properties": {
        "id": 123,
        "nama_ruas": "Jl. Ki Ageng Tirtayasa",
        "fungsi_jalan": "Lokal Primer",
        "lebar_ruas": "7 meter",
        "kecepatan_rencana": "30 km/jam",
        "kondisi": "Baik (Aspal Hotmix)",
        "kewenangan": "Kabupaten",
        "panjang_km": 0.14,
        "foto_gallery": [
          {
            "url": "/images/foto_kawasan-znt-sumber.jpg",
            "caption": "Kondisi fisik perkerasan jalan dan akses koridor Jl. Ki Ageng Tirtayasa."
          },
          {
            "url": "/images/foto_pasar-sumber-cirebon.jpg",
            "caption": "Kawasan bangkitan aktivitas komersial di sepanjang jalur jalan."
          }
        ]
      },
      "geometry": {
        "type": "MultiLineString",
        "coordinates": [
          [
            [
              108.50600143200006,
              -6.758016449999936
            ],
            [
              108.50599128600003,
              -6.758090967999973
            ],
            [
              108.50629654200006,
              -6.758212253999972
            ],
            [
              108.50631674300004,
              -6.758297789999943
            ],
            [
              108.50618855000009,
              -6.758735677999937
            ],
            [
              108.50609148000005,
              -6.759075682999914
            ]
          ]
        ]
      }
    },
    {
      "type": "Feature",
      "id": 124,
      "properties": {
        "id": 124,
        "nama_ruas": "Jl. Dewi Sartika",
        "fungsi_jalan": "Lokal Primer",
        "lebar_ruas": "7 meter",
        "kecepatan_rencana": "30 km/jam",
        "kondisi": "Baik (Aspal Hotmix)",
        "kewenangan": "Kabupaten",
        "panjang_km": 0.2,
        "foto_gallery": [
          {
            "url": "/images/foto_kawasan-znt-sumber.jpg",
            "caption": "Kondisi fisik perkerasan jalan dan akses koridor Jl. Dewi Sartika."
          },
          {
            "url": "/images/foto_pasar-sumber-cirebon.jpg",
            "caption": "Kawasan bangkitan aktivitas komersial di sepanjang jalur jalan."
          }
        ]
      },
      "geometry": {
        "type": "MultiLineString",
        "coordinates": [
          [
            [
              108.50537309200003,
              -6.760586704999969
            ],
            [
              108.50503982200007,
              -6.760582618999898
            ],
            [
              108.50492066600007,
              -6.760550393999985
            ],
            [
              108.5049026450001,
              -6.760210828999956
            ],
            [
              108.50489323600003,
              -6.759807532999982
            ],
            [
              108.50489318000011,
              -6.75974727499997
            ],
            [
              108.50504395100006,
              -6.759793859999917
            ],
            [
              108.50537744700003,
              -6.759863071999959
            ]
          ]
        ]
      }
    },
    {
      "type": "Feature",
      "id": 125,
      "properties": {
        "id": 125,
        "nama_ruas": "Jl. R.A. Kartini Sumber",
        "fungsi_jalan": "Lokal Sekunder",
        "lebar_ruas": "6 meter",
        "kecepatan_rencana": "30 km/jam",
        "kondisi": "Baik (Aspal Hotmix)",
        "kewenangan": "Kabupaten",
        "panjang_km": 1.16,
        "foto_gallery": [
          {
            "url": "/images/foto_kawasan-znt-sumber.jpg",
            "caption": "Kondisi fisik perkerasan jalan dan akses koridor Jl. R.A. Kartini Sumber."
          },
          {
            "url": "/images/foto_pasar-sumber-cirebon.jpg",
            "caption": "Kawasan bangkitan aktivitas komersial di sepanjang jalur jalan."
          }
        ]
      },
      "geometry": {
        "type": "MultiLineString",
        "coordinates": [
          [
            [
              108.45564280000008,
              -6.762251382999949
            ],
            [
              108.45572330700008,
              -6.762351430999967
            ],
            [
              108.45582176900005,
              -6.762473805999967
            ],
            [
              108.45593415000012,
              -6.762545019999909
            ],
            [
              108.45636674000012,
              -6.762869996999974
            ],
            [
              108.45667617100005,
              -6.762971955999973
            ],
            [
              108.45697223000012,
              -6.763017362
            ],
            [
              108.45720738600004,
              -6.762956513999939
            ],
            [
              108.45772030900011,
              -6.762462710999937
            ],
            [
              108.45789360500007,
              -6.762299119
            ],
            [
              108.45793072800002,
              -6.762264076999934
            ],
            [
              108.45829020300002,
              -6.762048931999985
            ],
            [
              108.45842690300013,
              -6.761923177999972
            ],
            [
              108.45882431000007,
              -6.761455772999934
            ],
            [
              108.45956266000005,
              -6.760239712999947
            ],
            [
              108.45959801500004,
              -6.760181488999926
            ],
            [
              108.45970200800012,
              -6.759792178999955
            ],
            [
              108.45995978700005,
              -6.758712692999989
            ],
            [
              108.4601064930001,
              -6.758439788999969
            ],
            [
              108.46031084900005,
              -6.758130819999984
            ],
            [
              108.46084101900004,
              -6.757488526999953
            ],
            [
              108.46110155900001,
              -6.757406705999934
            ],
            [
              108.46158794900002,
              -6.757257504999934
            ],
            [
              108.46172228200004,
              -6.757118686
            ],
            [
              108.46176295200011,
              -6.756973822
            ],
            [
              108.46181073000007,
              -6.756495830999974
            ],
            [
              108.46180403000005,
              -6.756336475999934
            ],
            [
              108.46177512400006,
              -6.756255757999917
            ]
          ]
        ]
      }
    },
    {
      "type": "Feature",
      "id": 126,
      "properties": {
        "id": 126,
        "nama_ruas": "Jl. Pemuda Sumber",
        "fungsi_jalan": "Lokal Sekunder",
        "lebar_ruas": "6 meter",
        "kecepatan_rencana": "30 km/jam",
        "kondisi": "Baik (Aspal Hotmix)",
        "kewenangan": "Kabupaten",
        "panjang_km": 1.35,
        "foto_gallery": [
          {
            "url": "/images/foto_kawasan-znt-sumber.jpg",
            "caption": "Kondisi fisik perkerasan jalan dan akses koridor Jl. Pemuda Sumber."
          },
          {
            "url": "/images/foto_pasar-sumber-cirebon.jpg",
            "caption": "Kawasan bangkitan aktivitas komersial di sepanjang jalur jalan."
          }
        ]
      },
      "geometry": {
        "type": "MultiLineString",
        "coordinates": [
          [
            [
              108.498059309,
              -6.752369983999927
            ],
            [
              108.49811894100004,
              -6.75232971099997
            ],
            [
              108.49848360300011,
              -6.752108263999943
            ],
            [
              108.49878277800009,
              -6.752095647999965
            ],
            [
              108.49976625500001,
              -6.752078435999962
            ],
            [
              108.50000009000009,
              -6.752001171999964
            ],
            [
              108.50027187100001,
              -6.751911376
            ],
            [
              108.50047126900009,
              -6.751850337999919
            ],
            [
              108.50075600400001,
              -6.751799334999962
            ],
            [
              108.5010672930001,
              -6.751755291999959
            ],
            [
              108.50140629200008,
              -6.751707332999988
            ],
            [
              108.50176537800004,
              -6.751577016999953
            ],
            [
              108.50265736500003,
              -6.751286474999983
            ],
            [
              108.50262849600004,
              -6.751350403999943
            ],
            [
              108.5023232510001,
              -6.752195611999976
            ],
            [
              108.50212981400009,
              -6.752750959
            ],
            [
              108.50148637300005,
              -6.754809316999964
            ],
            [
              108.50152637900007,
              -6.755083822999939
            ],
            [
              108.50162689900013,
              -6.755264196999942
            ],
            [
              108.50172817300007,
              -6.755507205999976
            ],
            [
              108.5017210080001,
              -6.755841073999889
            ],
            [
              108.50164823200004,
              -6.756141644999978
            ],
            [
              108.50162477100004,
              -6.756238525
            ],
            [
              108.50150836400009,
              -6.756505885
            ],
            [
              108.50124085400007,
              -6.756969289999979
            ],
            [
              108.50093159200007,
              -6.757691743999981
            ],
            [
              108.50082839300005,
              -6.758175477999949
            ],
            [
              108.50082228700008,
              -6.75823585399997
            ]
          ]
        ]
      }
    },
    {
      "type": "Feature",
      "id": 127,
      "properties": {
        "id": 127,
        "nama_ruas": "Jl. Raya Tukmudal",
        "fungsi_jalan": "Lokal Primer",
        "lebar_ruas": "7 meter",
        "kecepatan_rencana": "35 km/jam",
        "kondisi": "Baik (Aspal Hotmix)",
        "kewenangan": "Kabupaten",
        "panjang_km": 0.25,
        "foto_gallery": [
          {
            "url": "/images/foto_kawasan-znt-sumber.jpg",
            "caption": "Kondisi fisik perkerasan jalan dan akses koridor Jl. Raya Tukmudal."
          },
          {
            "url": "/images/foto_pasar-sumber-cirebon.jpg",
            "caption": "Kawasan bangkitan aktivitas komersial di sepanjang jalur jalan."
          }
        ]
      },
      "geometry": {
        "type": "MultiLineString",
        "coordinates": [
          [
            [
              108.48909608400001,
              -6.764020666999969
            ],
            [
              108.48900178000011,
              -6.763777404999914
            ],
            [
              108.48894084100004,
              -6.763421199999929
            ],
            [
              108.48887366600007,
              -6.762744301999966
            ],
            [
              108.48887397500002,
              -6.762680887999959
            ],
            [
              108.48887670400006,
              -6.762121304999933
            ],
            [
              108.48901249800011,
              -6.761784841999983
            ]
          ]
        ]
      }
    },
    {
      "type": "Feature",
      "id": 128,
      "properties": {
        "id": 128,
        "nama_ruas": "Jl. Perbutulan Raya",
        "fungsi_jalan": "Lokal Sekunder",
        "lebar_ruas": "6 meter",
        "kecepatan_rencana": "30 km/jam",
        "kondisi": "Baik (Aspal Hotmix)",
        "kewenangan": "Kabupaten",
        "panjang_km": 0.31,
        "foto_gallery": [
          {
            "url": "/images/foto_kawasan-znt-sumber.jpg",
            "caption": "Kondisi fisik perkerasan jalan dan akses koridor Jl. Perbutulan Raya."
          },
          {
            "url": "/images/foto_pasar-sumber-cirebon.jpg",
            "caption": "Kawasan bangkitan aktivitas komersial di sepanjang jalur jalan."
          }
        ]
      },
      "geometry": {
        "type": "MultiLineString",
        "coordinates": [
          [
            [
              108.4647180270001,
              -6.756476727999903
            ],
            [
              108.46477578100009,
              -6.756368498999919
            ],
            [
              108.46496093100004,
              -6.75595200799992
            ],
            [
              108.46499323200004,
              -6.755879352999948
            ],
            [
              108.46528029500008,
              -6.755214474999914
            ],
            [
              108.4657356700001,
              -6.754210169999951
            ],
            [
              108.46585668900008,
              -6.753950666999973
            ]
          ]
        ]
      }
    },
    {
      "type": "Feature",
      "id": 129,
      "properties": {
        "id": 129,
        "nama_ruas": "Jl. Pejambon Asri",
        "fungsi_jalan": "Lingkungan",
        "lebar_ruas": "5 meter",
        "kecepatan_rencana": "20 km/jam",
        "kondisi": "Baik (Aspal Hotmix)",
        "kewenangan": "Kabupaten",
        "panjang_km": 1.5,
        "foto_gallery": [
          {
            "url": "/images/foto_kawasan-znt-sumber.jpg",
            "caption": "Kondisi fisik perkerasan jalan dan akses koridor Jl. Pejambon Asri."
          },
          {
            "url": "/images/foto_pasar-sumber-cirebon.jpg",
            "caption": "Kawasan bangkitan aktivitas komersial di sepanjang jalur jalan."
          }
        ]
      },
      "geometry": {
        "type": "MultiLineString",
        "coordinates": [
          [
            [
              108.46177512400006,
              -6.756255757999917
            ],
            [
              108.46303872200006,
              -6.756318139999927
            ],
            [
              108.4637336310001,
              -6.756352315999912
            ],
            [
              108.46413536400003,
              -6.756380025999896
            ],
            [
              108.4647180270001,
              -6.756476727999903
            ],
            [
              108.46487701900011,
              -6.75650854499996
            ],
            [
              108.46531780900008,
              -6.756596767999977
            ],
            [
              108.46747373300012,
              -6.757096034999986
            ],
            [
              108.46820369400002,
              -6.757307872999927
            ],
            [
              108.468542,
              -6.757382654999986
            ],
            [
              108.4685620210001,
              -6.757381629
            ],
            [
              108.46872440500003,
              -6.757436576
            ],
            [
              108.46872599900007,
              -6.757437114999963
            ],
            [
              108.46890971000009,
              -6.757484393999967
            ],
            [
              108.46949204500004,
              -6.75762755599991
            ],
            [
              108.47037353900006,
              -6.757832126999961
            ],
            [
              108.4706069920001,
              -6.757886299999914
            ],
            [
              108.47142128400006,
              -6.758057144999928
            ],
            [
              108.47194846300007,
              -6.758132751999966
            ],
            [
              108.47371055000012,
              -6.758387989999946
            ],
            [
              108.47381240500002,
              -6.758404705
            ],
            [
              108.47387627100007,
              -6.758418077999949
            ],
            [
              108.47456241300009,
              -6.758491849999924
            ],
            [
              108.47497297400012,
              -6.758552850999909
            ]
          ]
        ]
      }
    },
    {
      "type": "Feature",
      "id": 130,
      "properties": {
        "id": 130,
        "nama_ruas": "Jl. Sindangjawa Permai",
        "fungsi_jalan": "Lingkungan",
        "lebar_ruas": "5 meter",
        "kecepatan_rencana": "20 km/jam",
        "kondisi": "Baik (Aspal Hotmix)",
        "kewenangan": "Kabupaten",
        "panjang_km": 0.7,
        "foto_gallery": [
          {
            "url": "/images/foto_kawasan-znt-sumber.jpg",
            "caption": "Kondisi fisik perkerasan jalan dan akses koridor Jl. Sindangjawa Permai."
          },
          {
            "url": "/images/foto_pasar-sumber-cirebon.jpg",
            "caption": "Kawasan bangkitan aktivitas komersial di sepanjang jalur jalan."
          }
        ]
      },
      "geometry": {
        "type": "MultiLineString",
        "coordinates": [
          [
            [
              108.50435402200009,
              -6.757294104999943
            ],
            [
              108.50446271700011,
              -6.757270204999919
            ],
            [
              108.50464052400008,
              -6.757221519999977
            ],
            [
              108.50478589800012,
              -6.757185677999942
            ],
            [
              108.50559656100005,
              -6.756943691999904
            ],
            [
              108.50601514100003,
              -6.756821911999953
            ],
            [
              108.50687692900003,
              -6.756571193
            ],
            [
              108.50692015000004,
              -6.756550690999983
            ],
            [
              108.50739233500003,
              -6.756385965999943
            ],
            [
              108.50784543400005,
              -6.756246365999939
            ],
            [
              108.50881102200009,
              -6.755948852999925
            ],
            [
              108.50971169400009,
              -6.755637863999951
            ],
            [
              108.510369788,
              -6.755410622999889
            ]
          ]
        ]
      }
    },
    {
      "type": "Feature",
      "id": 131,
      "properties": {
        "id": 131,
        "nama_ruas": "Jl. Pangeran Cakrabuana",
        "fungsi_jalan": "Kolektor Primer",
        "lebar_ruas": "10 meter",
        "kecepatan_rencana": "50 km/jam",
        "kondisi": "Baik (Aspal Hotmix)",
        "kewenangan": "Kabupaten",
        "panjang_km": 0.18,
        "foto_gallery": [
          {
            "url": "/images/foto_kawasan-znt-sumber.jpg",
            "caption": "Kondisi fisik perkerasan jalan dan akses koridor Jl. Pangeran Cakrabuana."
          },
          {
            "url": "/images/foto_pasar-sumber-cirebon.jpg",
            "caption": "Kawasan bangkitan aktivitas komersial di sepanjang jalur jalan."
          }
        ]
      },
      "geometry": {
        "type": "MultiLineString",
        "coordinates": [
          [
            [
              108.45980543300006,
              -6.764529395999961
            ],
            [
              108.45963109000012,
              -6.764456717999987
            ],
            [
              108.45959039200004,
              -6.764440699
            ],
            [
              108.45929324600004,
              -6.764331583999937
            ],
            [
              108.45910419100004,
              -6.764261993999952
            ],
            [
              108.45894738900003,
              -6.764224211999935
            ],
            [
              108.45869999400009,
              -6.76412885899995
            ],
            [
              108.45830590400007,
              -6.76397696
            ]
          ]
        ]
      }
    },
    {
      "type": "Feature",
      "id": 132,
      "properties": {
        "id": 132,
        "nama_ruas": "Jl. Fatahillah",
        "fungsi_jalan": "Arteri Primer",
        "lebar_ruas": "14 meter",
        "kecepatan_rencana": "60 km/jam",
        "kondisi": "Baik (Aspal Hotmix)",
        "kewenangan": "Provinsi",
        "panjang_km": 0.5,
        "foto_gallery": [
          {
            "url": "/images/foto_kawasan-znt-sumber.jpg",
            "caption": "Kondisi fisik perkerasan jalan dan akses koridor Jl. Fatahillah."
          },
          {
            "url": "/images/foto_pasar-sumber-cirebon.jpg",
            "caption": "Kawasan bangkitan aktivitas komersial di sepanjang jalur jalan."
          }
        ]
      },
      "geometry": {
        "type": "MultiLineString",
        "coordinates": [
          [
            [
              108.45538662900012,
              -6.787172366999926
            ],
            [
              108.45551171700006,
              -6.787133486
            ],
            [
              108.45562324300006,
              -6.786917446999972
            ],
            [
              108.4555700610001,
              -6.786559931999967
            ],
            [
              108.45555987300006,
              -6.786375624999906
            ],
            [
              108.45561787400005,
              -6.786190899999987
            ],
            [
              108.45573398100008,
              -6.78604073
            ],
            [
              108.45587665200007,
              -6.785995135999954
            ],
            [
              108.45618014000004,
              -6.785981391999972
            ],
            [
              108.45630401100007,
              -6.785938400999967
            ],
            [
              108.45641753700005,
              -6.785831867999946
            ],
            [
              108.45644773200007,
              -6.785525913999944
            ],
            [
              108.45647540100005,
              -6.785340939
            ],
            [
              108.45652770600012,
              -6.785223330999955
            ],
            [
              108.45669420100003,
              -6.784960476999967
            ],
            [
              108.45758353000008,
              -6.783771155999972
            ]
          ]
        ]
      }
    },
    {
      "type": "Feature",
      "id": 133,
      "properties": {
        "id": 133,
        "nama_ruas": "Jl. Sunan Drajat",
        "fungsi_jalan": "Kolektor Sekunder",
        "lebar_ruas": "8 meter",
        "kecepatan_rencana": "40 km/jam",
        "kondisi": "Baik (Aspal Hotmix)",
        "kewenangan": "Kabupaten",
        "panjang_km": 0.75,
        "foto_gallery": [
          {
            "url": "/images/foto_kawasan-znt-sumber.jpg",
            "caption": "Kondisi fisik perkerasan jalan dan akses koridor Jl. Sunan Drajat."
          },
          {
            "url": "/images/foto_pasar-sumber-cirebon.jpg",
            "caption": "Kawasan bangkitan aktivitas komersial di sepanjang jalur jalan."
          }
        ]
      },
      "geometry": {
        "type": "MultiLineString",
        "coordinates": [
          [
            [
              108.45326896500005,
              -6.761620943999922
            ],
            [
              108.45405742500009,
              -6.761950603999932
            ],
            [
              108.45439228400008,
              -6.762084138999967
            ],
            [
              108.45462906900005,
              -6.762148846999903
            ],
            [
              108.45509535600009,
              -6.762260512
            ],
            [
              108.45557756,
              -6.762260720999922
            ],
            [
              108.45564280000008,
              -6.762251382999949
            ],
            [
              108.45567373300007,
              -6.762196814999964
            ],
            [
              108.45574455100007,
              -6.762082339
            ],
            [
              108.45599714700009,
              -6.761674033999963
            ],
            [
              108.45629628300006,
              -6.761177677000017
            ],
            [
              108.45645336000008,
              -6.760606010999968
            ],
            [
              108.45650526300003,
              -6.760236076999913
            ],
            [
              108.45650120400005,
              -6.759949047999967
            ],
            [
              108.45643644000002,
              -6.759317831999965
            ],
            [
              108.45639089000007,
              -6.759221688999915
            ],
            [
              108.45625379000009,
              -6.758969625999931
            ],
            [
              108.45599142200005,
              -6.758731828999974
            ],
            [
              108.45574981200005,
              -6.75851123999993
            ]
          ]
        ]
      }
    },
    {
      "type": "Feature",
      "id": 134,
      "properties": {
        "id": 134,
        "nama_ruas": "Jl. Sunan Kalijaga",
        "fungsi_jalan": "Kolektor Sekunder",
        "lebar_ruas": "9 meter",
        "kecepatan_rencana": "40 km/jam",
        "kondisi": "Baik (Aspal Hotmix)",
        "kewenangan": "Kabupaten",
        "panjang_km": 1.59,
        "foto_gallery": [
          {
            "url": "/images/foto_kawasan-znt-sumber.jpg",
            "caption": "Kondisi fisik perkerasan jalan dan akses koridor Jl. Sunan Kalijaga."
          },
          {
            "url": "/images/foto_pasar-sumber-cirebon.jpg",
            "caption": "Kawasan bangkitan aktivitas komersial di sepanjang jalur jalan."
          }
        ]
      },
      "geometry": {
        "type": "MultiLineString",
        "coordinates": [
          [
            [
              108.4350982480001,
              -6.775074502999921
            ],
            [
              108.435573682,
              -6.773523910999966
            ],
            [
              108.43567501000004,
              -6.773202233999907
            ],
            [
              108.43581344200004,
              -6.772558379000014
            ],
            [
              108.43608167900003,
              -6.771936834999924
            ],
            [
              108.4361716590001,
              -6.771762330999962
            ],
            [
              108.43635584300006,
              -6.771349905999944
            ],
            [
              108.43663206100008,
              -6.770736825999933
            ],
            [
              108.43664247900006,
              -6.770702014999895
            ],
            [
              108.43665279900003,
              -6.770666869999918
            ],
            [
              108.43657841700009,
              -6.770455368999915
            ],
            [
              108.43636511200003,
              -6.770171604999973
            ],
            [
              108.43619837300008,
              -6.769961803999934
            ],
            [
              108.43613985000005,
              -6.769822050999917
            ],
            [
              108.43615472800012,
              -6.769714685999915
            ],
            [
              108.43621613900005,
              -6.769271518999929
            ],
            [
              108.43624882400009,
              -6.769149309999943
            ],
            [
              108.43625060600006,
              -6.769135374999944
            ],
            [
              108.4362779780001,
              -6.768921870999954
            ],
            [
              108.43624161800003,
              -6.768568948999885
            ],
            [
              108.43619127200012,
              -6.768431724999989
            ],
            [
              108.43615825100005,
              -6.767884736999939
            ],
            [
              108.43615251400011,
              -6.767676760999962
            ],
            [
              108.43622179900007,
              -6.767507444999985
            ],
            [
              108.43626164900009,
              -6.767062301999925
            ],
            [
              108.43630054000002,
              -6.76685865499995
            ],
            [
              108.43632128800004,
              -6.76662571399995
            ],
            [
              108.43616499400008,
              -6.766202924999963
            ],
            [
              108.43598689,
              -6.765721134999978
            ],
            [
              108.43591188100001,
              -6.765453825999977
            ],
            [
              108.43570523800005,
              -6.76497354799994
            ],
            [
              108.43551987100008,
              -6.764730474
            ],
            [
              108.43511375500005,
              -6.76419792099998
            ],
            [
              108.43490453600006,
              -6.763969496
            ],
            [
              108.43430181300002,
              -6.763549214999951
            ],
            [
              108.4338004800001,
              -6.76335502699996
            ],
            [
              108.43320986600008,
              -6.763143449999951
            ],
            [
              108.43289265500005,
              -6.762967430999954
            ],
            [
              108.4328525330001,
              -6.762933229999966
            ]
          ]
        ]
      }
    },
    {
      "type": "Feature",
      "id": 135,
      "properties": {
        "id": 135,
        "nama_ruas": "Jl. Sultan Agung",
        "fungsi_jalan": "Kolektor Primer",
        "lebar_ruas": "10 meter",
        "kecepatan_rencana": "50 km/jam",
        "kondisi": "Baik (Aspal Hotmix)",
        "kewenangan": "Kabupaten",
        "panjang_km": 1.51,
        "foto_gallery": [
          {
            "url": "/images/foto_kawasan-znt-sumber.jpg",
            "caption": "Kondisi fisik perkerasan jalan dan akses koridor Jl. Sultan Agung."
          },
          {
            "url": "/images/foto_pasar-sumber-cirebon.jpg",
            "caption": "Kawasan bangkitan aktivitas komersial di sepanjang jalur jalan."
          }
        ]
      },
      "geometry": {
        "type": "MultiLineString",
        "coordinates": [
          [
            [
              108.47497297400012,
              -6.758552850999909
            ],
            [
              108.47576408000003,
              -6.758659528999942
            ],
            [
              108.4765399180001,
              -6.758760849999888
            ],
            [
              108.47720163800005,
              -6.758860158999934
            ],
            [
              108.47763308600004,
              -6.758910456999921
            ],
            [
              108.47773346900009,
              -6.758921731999965
            ],
            [
              108.4777690130001,
              -6.758925873999953
            ],
            [
              108.47802059800004,
              -6.758955211999893
            ],
            [
              108.47862375500003,
              -6.759005431999963
            ],
            [
              108.47911178400008,
              -6.759074086999959
            ],
            [
              108.47925761800008,
              -6.759116116999973
            ],
            [
              108.47927746600003,
              -6.759117204999974
            ],
            [
              108.4800758000001,
              -6.759161076999963
            ],
            [
              108.48008856100009,
              -6.759161946999946
            ],
            [
              108.48084943600007,
              -6.759213613999957
            ],
            [
              108.48114469100007,
              -6.759209167999945
            ],
            [
              108.48134225800007,
              -6.759215838999964
            ],
            [
              108.48164772500003,
              -6.759226149999929
            ],
            [
              108.48294500400009,
              -6.759347520999935
            ],
            [
              108.48334436700009,
              -6.759359617999959
            ],
            [
              108.48376250400004,
              -6.759374531999949
            ],
            [
              108.485819978,
              -6.759538586999934
            ],
            [
              108.48622703900013,
              -6.759553621999935
            ],
            [
              108.48674535200011,
              -6.759592241999933
            ],
            [
              108.48699283800006,
              -6.759622674999964
            ],
            [
              108.48728916300007,
              -6.759672094999967
            ],
            [
              108.48749174600005,
              -6.759675833999921
            ],
            [
              108.487602913,
              -6.75961953499997
            ],
            [
              108.4876329940001,
              -6.758926040999967
            ],
            [
              108.48761341400008,
              -6.758855636999915
            ],
            [
              108.48758966200006,
              -6.758787641999973
            ]
          ]
        ]
      }
    },
    {
      "type": "Feature",
      "id": 136,
      "properties": {
        "id": 136,
        "nama_ruas": "Jl. Ki Ageng Tirtayasa",
        "fungsi_jalan": "Lokal Primer",
        "lebar_ruas": "7 meter",
        "kecepatan_rencana": "30 km/jam",
        "kondisi": "Baik (Aspal Hotmix)",
        "kewenangan": "Kabupaten",
        "panjang_km": 0.12,
        "foto_gallery": [
          {
            "url": "/images/foto_kawasan-znt-sumber.jpg",
            "caption": "Kondisi fisik perkerasan jalan dan akses koridor Jl. Ki Ageng Tirtayasa."
          },
          {
            "url": "/images/foto_pasar-sumber-cirebon.jpg",
            "caption": "Kawasan bangkitan aktivitas komersial di sepanjang jalur jalan."
          }
        ]
      },
      "geometry": {
        "type": "MultiLineString",
        "coordinates": [
          [
            [
              108.45503943400007,
              -6.751780919999948
            ],
            [
              108.45507910900007,
              -6.75161025799995
            ],
            [
              108.45516659100011,
              -6.751017332999918
            ],
            [
              108.45519302400008,
              -6.750796039
            ],
            [
              108.45520489900008,
              -6.75069662699994
            ]
          ]
        ]
      }
    },
    {
      "type": "Feature",
      "id": 137,
      "properties": {
        "id": 137,
        "nama_ruas": "Jl. Dewi Sartika",
        "fungsi_jalan": "Lokal Primer",
        "lebar_ruas": "7 meter",
        "kecepatan_rencana": "30 km/jam",
        "kondisi": "Baik (Aspal Hotmix)",
        "kewenangan": "Kabupaten",
        "panjang_km": 0.56,
        "foto_gallery": [
          {
            "url": "/images/foto_kawasan-znt-sumber.jpg",
            "caption": "Kondisi fisik perkerasan jalan dan akses koridor Jl. Dewi Sartika."
          },
          {
            "url": "/images/foto_pasar-sumber-cirebon.jpg",
            "caption": "Kawasan bangkitan aktivitas komersial di sepanjang jalur jalan."
          }
        ]
      },
      "geometry": {
        "type": "MultiLineString",
        "coordinates": [
          [
            [
              108.47039504000006,
              -6.756611200999927
            ],
            [
              108.47046190800009,
              -6.756690354999904
            ],
            [
              108.47064099000008,
              -6.756721993999946
            ],
            [
              108.47104232800007,
              -6.756822722999932
            ],
            [
              108.47168467900009,
              -6.756994769999956
            ],
            [
              108.4721946220001,
              -6.756984151999966
            ],
            [
              108.4722257610001,
              -6.756983499999912
            ],
            [
              108.47279973700007,
              -6.756938464
            ],
            [
              108.47331326600002,
              -6.756853664999916
            ],
            [
              108.47344857200002,
              -6.756861398999934
            ],
            [
              108.47454799300004,
              -6.757025673999937
            ],
            [
              108.47514083800007,
              -6.757088504999984
            ],
            [
              108.4752827900001,
              -6.75716573499998
            ]
          ]
        ]
      }
    },
    {
      "type": "Feature",
      "id": 138,
      "properties": {
        "id": 138,
        "nama_ruas": "Jl. R.A. Kartini Sumber",
        "fungsi_jalan": "Lokal Sekunder",
        "lebar_ruas": "6 meter",
        "kecepatan_rencana": "30 km/jam",
        "kondisi": "Baik (Aspal Hotmix)",
        "kewenangan": "Kabupaten",
        "panjang_km": 0.17,
        "foto_gallery": [
          {
            "url": "/images/foto_kawasan-znt-sumber.jpg",
            "caption": "Kondisi fisik perkerasan jalan dan akses koridor Jl. R.A. Kartini Sumber."
          },
          {
            "url": "/images/foto_pasar-sumber-cirebon.jpg",
            "caption": "Kawasan bangkitan aktivitas komersial di sepanjang jalur jalan."
          }
        ]
      },
      "geometry": {
        "type": "MultiLineString",
        "coordinates": [
          [
            [
              108.47739938600007,
              -6.763334317999934
            ],
            [
              108.47695273200006,
              -6.762962883999933
            ],
            [
              108.47656430200007,
              -6.762639929999946
            ],
            [
              108.47627604000012,
              -6.762449939999946
            ],
            [
              108.47622604000006,
              -6.762424764999906
            ]
          ]
        ]
      }
    },
    {
      "type": "Feature",
      "id": 139,
      "properties": {
        "id": 139,
        "nama_ruas": "Jl. Pemuda Sumber",
        "fungsi_jalan": "Lokal Sekunder",
        "lebar_ruas": "6 meter",
        "kecepatan_rencana": "30 km/jam",
        "kondisi": "Baik (Aspal Hotmix)",
        "kewenangan": "Kabupaten",
        "panjang_km": 5.92,
        "foto_gallery": [
          {
            "url": "/images/foto_kawasan-znt-sumber.jpg",
            "caption": "Kondisi fisik perkerasan jalan dan akses koridor Jl. Pemuda Sumber."
          },
          {
            "url": "/images/foto_pasar-sumber-cirebon.jpg",
            "caption": "Kawasan bangkitan aktivitas komersial di sepanjang jalur jalan."
          }
        ]
      },
      "geometry": {
        "type": "MultiLineString",
        "coordinates": [
          [
            [
              108.41476897500009,
              -6.771002224999954
            ],
            [
              108.41513874200004,
              -6.77063636699997
            ],
            [
              108.41532014000003,
              -6.770434070999929
            ],
            [
              108.41559939100004,
              -6.770201026999921
            ],
            [
              108.41600990500008,
              -6.769858446999908
            ],
            [
              108.41665123100003,
              -6.769359197999989
            ],
            [
              108.41690372700005,
              -6.76916264699998
            ],
            [
              108.41759490200005,
              -6.76866300199994
            ],
            [
              108.41815653700006,
              -6.768297399999977
            ],
            [
              108.41857860300007,
              -6.768022646999981
            ],
            [
              108.41912261100006,
              -6.767668508999989
            ],
            [
              108.41963889800006,
              -6.767336778999987
            ],
            [
              108.42004336200003,
              -6.767053244999975
            ],
            [
              108.42064126800004,
              -6.766783986999901
            ],
            [
              108.42095413600008,
              -6.766643095999967
            ],
            [
              108.42104884600009,
              -6.766611868999959
            ],
            [
              108.42189374900002,
              -6.76633325499991
            ],
            [
              108.4226117970001,
              -6.766124337999944
            ],
            [
              108.42324091200001,
              -6.765941282999986
            ],
            [
              108.42535845200007,
              -6.765198118999958
            ],
            [
              108.42586838900007,
              -6.765053929999929
            ],
            [
              108.426110167,
              -6.764976794999942
            ],
            [
              108.4266072820001,
              -6.764602857999911
            ],
            [
              108.42693665400009,
              -6.76444672199996
            ],
            [
              108.42697358900004,
              -6.76443909299995
            ],
            [
              108.42721221000006,
              -6.764433204999907
            ],
            [
              108.42721307300005,
              -6.764433183999905
            ],
            [
              108.42756749600007,
              -6.764422300999982
            ],
            [
              108.42779384700005,
              -6.764409068999953
            ],
            [
              108.42795795600004,
              -6.764373564999946
            ],
            [
              108.42842200100006,
              -6.764147804999919
            ],
            [
              108.42889132300009,
              -6.763961879999989
            ],
            [
              108.42943402200004,
              -6.763848287
            ],
            [
              108.42985381000005,
              -6.763758353999936
            ],
            [
              108.43036309700008,
              -6.763670203999926
            ],
            [
              108.43045788500002,
              -6.763651536999891
            ],
            [
              108.43054809900012,
              -6.763646384
            ],
            [
              108.43065272200008,
              -6.763636479999978
            ],
            [
              108.43166739900009,
              -6.763518437999981
            ],
            [
              108.43171574100009,
              -6.763509393999943
            ],
            [
              108.43261397000008,
              -6.763086515999948
            ],
            [
              108.4328525330001,
              -6.762933229999966
            ],
            [
              108.43346959200008,
              -6.762536744999935
            ],
            [
              108.43390735800007,
              -6.762255459999931
            ],
            [
              108.43394510700008,
              -6.762230336999984
            ],
            [
              108.43412042500002,
              -6.762140138999982
            ],
            [
              108.43441932700006,
              -6.761999868000011
            ],
            [
              108.43461745900002,
              -6.761937697999929
            ],
            [
              108.43513138900009,
              -6.761980225999896
            ],
            [
              108.43556668300005,
              -6.76209884799994
            ],
            [
              108.43628080500007,
              -6.762251083999924
            ],
            [
              108.43681983500008,
              -6.762368488999957
            ],
            [
              108.43835594000008,
              -6.762714897999931
            ],
            [
              108.43970389200005,
              -6.763016283
            ],
            [
              108.43974055400007,
              -6.763015888999966
            ],
            [
              108.43977488000007,
              -6.763029633999949
            ],
            [
              108.44010657500007,
              -6.763111974000012
            ],
            [
              108.44067625600005,
              -6.763253385999988
            ],
            [
              108.44104973600012,
              -6.763346093999932
            ],
            [
              108.44135152000004,
              -6.763415750000011
            ],
            [
              108.44258057400005,
              -6.763826124999948
            ],
            [
              108.44328387400006,
              -6.764060949999926
            ],
            [
              108.44389783800005,
              -6.764257546999939
            ],
            [
              108.44428771600008,
              -6.764369714999894
            ],
            [
              108.44442242900003,
              -6.76439376699993
            ],
            [
              108.44454706800003,
              -6.764413628999975
            ],
            [
              108.44458079300007,
              -6.764419003999976
            ],
            [
              108.44474654000003,
              -6.764445418999941
            ],
            [
              108.44535758600004,
              -6.764461425999933
            ],
            [
              108.44662831000002,
              -6.764494714999934
            ],
            [
              108.44667075200007,
              -6.764500540999972
            ],
            [
              108.44694786600009,
              -6.764494729999935
            ],
            [
              108.44754988800007,
              -6.764475187999917
            ],
            [
              108.44769382300008,
              -6.764480209999888
            ],
            [
              108.44785261800007,
              -6.764490875999972
            ],
            [
              108.44812186800006,
              -6.764491664999948
            ],
            [
              108.44861848600002,
              -6.764480750999933
            ],
            [
              108.44941674900008,
              -6.764497843999926
            ],
            [
              108.44964749800008,
              -6.764508687999935
            ],
            [
              108.45009087300008,
              -6.764529530999972
            ],
            [
              108.45054640600002,
              -6.764467889999935
            ],
            [
              108.45102985400005,
              -6.764256935999978
            ],
            [
              108.45134223000005,
              -6.76397118799996
            ],
            [
              108.4516056900001,
              -6.763614302999919
            ],
            [
              108.45185674200007,
              -6.763318561999963
            ],
            [
              108.452081305,
              -6.763039997999918
            ],
            [
              108.4524322170001,
              -6.762604701999962
            ],
            [
              108.45308959000003,
              -6.761816304000011
            ],
            [
              108.45326896500005,
              -6.761620943999922
            ],
            [
              108.45367566000003,
              -6.761124203999945
            ],
            [
              108.45392376700005,
              -6.760896443000018
            ],
            [
              108.45406030400007,
              -6.760743134999945
            ],
            [
              108.45496933500004,
              -6.759505041999912
            ],
            [
              108.45515205900007,
              -6.759262079999971
            ],
            [
              108.45574981200005,
              -6.75851123999993
            ],
            [
              108.4559661250001,
              -6.758239524
            ],
            [
              108.45635997200009,
              -6.757715980999944
            ],
            [
              108.45701787300008,
              -6.757230326999906
            ],
            [
              108.45705177800004,
              -6.757157120999977
            ],
            [
              108.45801082200008,
              -6.756990211999934
            ],
            [
              108.45880294400007,
              -6.756850924999956
            ],
            [
              108.45920012800008,
              -6.756795521
            ],
            [
              108.46018540400006,
              -6.756478633999972
            ],
            [
              108.4604413340001,
              -6.75641742099997
            ],
            [
              108.46066640700006,
              -6.756410687999946
            ],
            [
              108.46066655000008,
              -6.756410683999945
            ],
            [
              108.46085544700007,
              -6.756404434999961
            ],
            [
              108.46118221300011,
              -6.756382315999907
            ],
            [
              108.46123164200012,
              -6.75637626599994
            ],
            [
              108.46144531400003,
              -6.756350105
            ],
            [
              108.4617285350001,
              -6.756273751999984
            ],
            [
              108.46177512400006,
              -6.756255757999917
            ]
          ]
        ]
      }
    },
    {
      "type": "Feature",
      "id": 140,
      "properties": {
        "id": 140,
        "nama_ruas": "Jl. Raya Tukmudal",
        "fungsi_jalan": "Lokal Primer",
        "lebar_ruas": "7 meter",
        "kecepatan_rencana": "35 km/jam",
        "kondisi": "Baik (Aspal Hotmix)",
        "kewenangan": "Kabupaten",
        "panjang_km": 0.38,
        "foto_gallery": [
          {
            "url": "/images/foto_kawasan-znt-sumber.jpg",
            "caption": "Kondisi fisik perkerasan jalan dan akses koridor Jl. Raya Tukmudal."
          },
          {
            "url": "/images/foto_pasar-sumber-cirebon.jpg",
            "caption": "Kawasan bangkitan aktivitas komersial di sepanjang jalur jalan."
          }
        ]
      },
      "geometry": {
        "type": "MultiLineString",
        "coordinates": [
          [
            [
              108.44258057400005,
              -6.763826124999948
            ],
            [
              108.4425458270001,
              -6.764112150999988
            ],
            [
              108.44254700600001,
              -6.764429228999933
            ],
            [
              108.44261289500005,
              -6.765035268999984
            ],
            [
              108.4426220670001,
              -6.765372659000011
            ],
            [
              108.44256872600003,
              -6.765956969999952
            ],
            [
              108.44244108300005,
              -6.766384599999984
            ],
            [
              108.44228044600008,
              -6.766572677999914
            ],
            [
              108.44205351800004,
              -6.766705035999941
            ],
            [
              108.44191095300006,
              -6.766752336999946
            ],
            [
              108.44181621400013,
              -6.766783775999972
            ],
            [
              108.441763269,
              -6.76679316699995
            ]
          ]
        ]
      }
    },
    {
      "type": "Feature",
      "id": 141,
      "properties": {
        "id": 141,
        "nama_ruas": "Jl. Perbutulan Raya",
        "fungsi_jalan": "Lokal Sekunder",
        "lebar_ruas": "6 meter",
        "kecepatan_rencana": "30 km/jam",
        "kondisi": "Baik (Aspal Hotmix)",
        "kewenangan": "Kabupaten",
        "panjang_km": 0.21,
        "foto_gallery": [
          {
            "url": "/images/foto_kawasan-znt-sumber.jpg",
            "caption": "Kondisi fisik perkerasan jalan dan akses koridor Jl. Perbutulan Raya."
          },
          {
            "url": "/images/foto_pasar-sumber-cirebon.jpg",
            "caption": "Kawasan bangkitan aktivitas komersial di sepanjang jalur jalan."
          }
        ]
      },
      "geometry": {
        "type": "MultiLineString",
        "coordinates": [
          [
            [
              108.45306694000003,
              -6.751804970999984
            ],
            [
              108.45305259700008,
              -6.75194410699995
            ],
            [
              108.45285044600006,
              -6.753395444999953
            ],
            [
              108.45284528700007,
              -6.75370407799991
            ]
          ]
        ]
      }
    },
    {
      "type": "Feature",
      "id": 142,
      "properties": {
        "id": 142,
        "nama_ruas": "Jl. Pejambon Asri",
        "fungsi_jalan": "Lingkungan",
        "lebar_ruas": "5 meter",
        "kecepatan_rencana": "20 km/jam",
        "kondisi": "Baik (Aspal Hotmix)",
        "kewenangan": "Kabupaten",
        "panjang_km": 0.05,
        "foto_gallery": [
          {
            "url": "/images/foto_kawasan-znt-sumber.jpg",
            "caption": "Kondisi fisik perkerasan jalan dan akses koridor Jl. Pejambon Asri."
          },
          {
            "url": "/images/foto_pasar-sumber-cirebon.jpg",
            "caption": "Kawasan bangkitan aktivitas komersial di sepanjang jalur jalan."
          }
        ]
      },
      "geometry": {
        "type": "MultiLineString",
        "coordinates": [
          [
            [
              108.50784543400005,
              -6.756246365999939
            ],
            [
              108.50777722,
              -6.756559018999962
            ],
            [
              108.5077323360001,
              -6.756667566999973
            ]
          ]
        ]
      }
    },
    {
      "type": "Feature",
      "id": 143,
      "properties": {
        "id": 143,
        "nama_ruas": "Jl. Sindangjawa Permai",
        "fungsi_jalan": "Lingkungan",
        "lebar_ruas": "5 meter",
        "kecepatan_rencana": "20 km/jam",
        "kondisi": "Baik (Aspal Hotmix)",
        "kewenangan": "Kabupaten",
        "panjang_km": 0.03,
        "foto_gallery": [
          {
            "url": "/images/foto_kawasan-znt-sumber.jpg",
            "caption": "Kondisi fisik perkerasan jalan dan akses koridor Jl. Sindangjawa Permai."
          },
          {
            "url": "/images/foto_pasar-sumber-cirebon.jpg",
            "caption": "Kawasan bangkitan aktivitas komersial di sepanjang jalur jalan."
          }
        ]
      },
      "geometry": {
        "type": "MultiLineString",
        "coordinates": [
          [
            [
              108.4910454920001,
              -6.753349357999959
            ],
            [
              108.49131828700011,
              -6.753331391999982
            ]
          ]
        ]
      }
    },
    {
      "type": "Feature",
      "id": 144,
      "properties": {
        "id": 144,
        "nama_ruas": "Jl. Pangeran Cakrabuana",
        "fungsi_jalan": "Kolektor Primer",
        "lebar_ruas": "10 meter",
        "kecepatan_rencana": "50 km/jam",
        "kondisi": "Baik (Aspal Hotmix)",
        "kewenangan": "Kabupaten",
        "panjang_km": 6.67,
        "foto_gallery": [
          {
            "url": "/images/foto_kawasan-znt-sumber.jpg",
            "caption": "Kondisi fisik perkerasan jalan dan akses koridor Jl. Pangeran Cakrabuana."
          },
          {
            "url": "/images/foto_pasar-sumber-cirebon.jpg",
            "caption": "Kawasan bangkitan aktivitas komersial di sepanjang jalur jalan."
          }
        ]
      },
      "geometry": {
        "type": "MultiLineString",
        "coordinates": [
          [
            [
              108.48500857200011,
              -6.763237094999972
            ],
            [
              108.48500642000002,
              -6.76348515499998
            ],
            [
              108.4850417850001,
              -6.763950381999926
            ],
            [
              108.48510756800005,
              -6.764379715999922
            ],
            [
              108.48521643100008,
              -6.765090248
            ],
            [
              108.48530267000011,
              -6.765984695999936
            ],
            [
              108.48531851900009,
              -6.766023123999918
            ],
            [
              108.48545437200005,
              -6.766495313999908
            ],
            [
              108.48566595100006,
              -6.767245375999973
            ],
            [
              108.48570383,
              -6.767549693000017
            ],
            [
              108.48569138800012,
              -6.768060023999965
            ],
            [
              108.48560468900006,
              -6.76839822899997
            ],
            [
              108.48557320000002,
              -6.768490709999984
            ],
            [
              108.48542545900006,
              -6.768924587
            ],
            [
              108.48538964900011,
              -6.769009914999955
            ],
            [
              108.48527910400011,
              -6.769268602999954
            ],
            [
              108.48496841900008,
              -6.769995662999982
            ],
            [
              108.48451320500007,
              -6.771060909000013
            ],
            [
              108.4844372760001,
              -6.771225558999959
            ],
            [
              108.48431951500004,
              -6.771480927999949
            ],
            [
              108.48404677900002,
              -6.772127694999906
            ],
            [
              108.48400704300012,
              -6.772445456
            ],
            [
              108.48405671000005,
              -6.77256822599994
            ],
            [
              108.48418507800001,
              -6.772876111999924
            ],
            [
              108.48417464400003,
              -6.773014051999969
            ],
            [
              108.48411622300009,
              -6.773137499999969
            ],
            [
              108.48382675500002,
              -6.773338865999932
            ],
            [
              108.48352631400004,
              -6.773386092999932
            ],
            [
              108.48250196000002,
              -6.773524977999966
            ],
            [
              108.48222946400003,
              -6.773706547999979
            ],
            [
              108.48219533400005,
              -6.773837206999954
            ],
            [
              108.48219521300004,
              -6.773993075999972
            ],
            [
              108.48227475800005,
              -6.774130071999938
            ],
            [
              108.48255503200005,
              -6.774537100999954
            ],
            [
              108.48276237800007,
              -6.774759956999919
            ],
            [
              108.4829752540001,
              -6.775049763
            ],
            [
              108.48313575600005,
              -6.775268254999965
            ],
            [
              108.48320160100009,
              -6.775503624999899
            ],
            [
              108.48319648100002,
              -6.775819424
            ],
            [
              108.4829388960001,
              -6.777051011999944
            ],
            [
              108.4826070610001,
              -6.778106958999917
            ],
            [
              108.48258464700011,
              -6.778154307999927
            ],
            [
              108.48240962300011,
              -6.778624235999906
            ],
            [
              108.48228808300009,
              -6.779044138999922
            ],
            [
              108.48219209300005,
              -6.779228936000024
            ],
            [
              108.48206528000013,
              -6.779452281999941
            ],
            [
              108.48183667600004,
              -6.780032115999955
            ],
            [
              108.48157569300011,
              -6.780779517999978
            ],
            [
              108.48133683200007,
              -6.781384160999913
            ],
            [
              108.48118225800008,
              -6.781775458999959
            ],
            [
              108.48102980000007,
              -6.781982042
            ],
            [
              108.48073162100009,
              -6.782259254999932
            ],
            [
              108.48069589700006,
              -6.782285874
            ],
            [
              108.47959085300002,
              -6.783109303999922
            ],
            [
              108.47903287500013,
              -6.783598775
            ],
            [
              108.478980758,
              -6.783683012999962
            ],
            [
              108.47874020300007,
              -6.784028331999934
            ],
            [
              108.47842962100013,
              -6.784553302999939
            ],
            [
              108.47834901800003,
              -6.784972132999954
            ],
            [
              108.47816153900007,
              -6.78590527999998
            ],
            [
              108.47815146200013,
              -6.785933947999954
            ],
            [
              108.47794816400008,
              -6.786395653999964
            ],
            [
              108.47755946000008,
              -6.787106878000014
            ],
            [
              108.47751978700008,
              -6.787173060999983
            ],
            [
              108.47721104100003,
              -6.787821969999939
            ],
            [
              108.47699647500004,
              -6.788427592999955
            ],
            [
              108.47692895800004,
              -6.788652689999928
            ],
            [
              108.47685361900002,
              -6.788904107999947
            ],
            [
              108.47660778800012,
              -6.789502662
            ],
            [
              108.47638332900002,
              -6.790127562999924
            ],
            [
              108.47627134400008,
              -6.790701535999986
            ],
            [
              108.47607982900004,
              -6.79227300199998
            ],
            [
              108.4759913920001,
              -6.793052174999968
            ],
            [
              108.47592600600011,
              -6.793603263
            ],
            [
              108.4758991460001,
              -6.79423549199991
            ],
            [
              108.47595744500005,
              -6.794810586999976
            ],
            [
              108.47606337800002,
              -6.795254968999885
            ],
            [
              108.47611642000005,
              -6.795673227999941
            ],
            [
              108.47611943800004,
              -6.796189860999966
            ],
            [
              108.47605061300003,
              -6.796387846999917
            ],
            [
              108.47590840000007,
              -6.796636086999939
            ],
            [
              108.47570835300004,
              -6.796874671999962
            ],
            [
              108.47528799452179,
              -6.797186237591777
            ]
          ]
        ]
      }
    },
    {
      "type": "Feature",
      "id": 145,
      "properties": {
        "id": 145,
        "nama_ruas": "Jl. Fatahillah",
        "fungsi_jalan": "Arteri Primer",
        "lebar_ruas": "14 meter",
        "kecepatan_rencana": "60 km/jam",
        "kondisi": "Baik (Aspal Hotmix)",
        "kewenangan": "Provinsi",
        "panjang_km": 0.45,
        "foto_gallery": [
          {
            "url": "/images/foto_kawasan-znt-sumber.jpg",
            "caption": "Kondisi fisik perkerasan jalan dan akses koridor Jl. Fatahillah."
          },
          {
            "url": "/images/foto_pasar-sumber-cirebon.jpg",
            "caption": "Kawasan bangkitan aktivitas komersial di sepanjang jalur jalan."
          }
        ]
      },
      "geometry": {
        "type": "MultiLineString",
        "coordinates": [
          [
            [
              108.47416713600006,
              -6.752253928999917
            ],
            [
              108.4741698120001,
              -6.752072859999945
            ],
            [
              108.47417273300007,
              -6.75187564099997
            ],
            [
              108.47418008900007,
              -6.751315130999956
            ],
            [
              108.47374990700008,
              -6.751243709999908
            ],
            [
              108.4734429040001,
              -6.75126771199994
            ],
            [
              108.47338692400008,
              -6.751297633999929
            ],
            [
              108.47332856300004,
              -6.751775728999963
            ],
            [
              108.47332521300004,
              -6.752076486999979
            ],
            [
              108.473355886,
              -6.752252559999892
            ],
            [
              108.47330954700007,
              -6.753042897999915
            ],
            [
              108.47331366100005,
              -6.753194331999921
            ],
            [
              108.47332414400003,
              -6.753579887999937
            ]
          ]
        ]
      }
    },
    {
      "type": "Feature",
      "id": 146,
      "properties": {
        "id": 146,
        "nama_ruas": "Jl. Sunan Drajat",
        "fungsi_jalan": "Kolektor Sekunder",
        "lebar_ruas": "8 meter",
        "kecepatan_rencana": "40 km/jam",
        "kondisi": "Baik (Aspal Hotmix)",
        "kewenangan": "Kabupaten",
        "panjang_km": 0.05,
        "foto_gallery": [
          {
            "url": "/images/foto_kawasan-znt-sumber.jpg",
            "caption": "Kondisi fisik perkerasan jalan dan akses koridor Jl. Sunan Drajat."
          },
          {
            "url": "/images/foto_pasar-sumber-cirebon.jpg",
            "caption": "Kawasan bangkitan aktivitas komersial di sepanjang jalur jalan."
          }
        ]
      },
      "geometry": {
        "type": "MultiLineString",
        "coordinates": [
          [
            [
              108.50601514100003,
              -6.756821911999953
            ],
            [
              108.5060533800001,
              -6.757233503
            ]
          ]
        ]
      }
    },
    {
      "type": "Feature",
      "id": 147,
      "properties": {
        "id": 147,
        "nama_ruas": "Jl. Sunan Kalijaga",
        "fungsi_jalan": "Kolektor Sekunder",
        "lebar_ruas": "9 meter",
        "kecepatan_rencana": "40 km/jam",
        "kondisi": "Baik (Aspal Hotmix)",
        "kewenangan": "Kabupaten",
        "panjang_km": 0.4,
        "foto_gallery": [
          {
            "url": "/images/foto_kawasan-znt-sumber.jpg",
            "caption": "Kondisi fisik perkerasan jalan dan akses koridor Jl. Sunan Kalijaga."
          },
          {
            "url": "/images/foto_pasar-sumber-cirebon.jpg",
            "caption": "Kawasan bangkitan aktivitas komersial di sepanjang jalur jalan."
          }
        ]
      },
      "geometry": {
        "type": "MultiLineString",
        "coordinates": [
          [
            [
              108.48500857200011,
              -6.763237094999972
            ],
            [
              108.48592357100006,
              -6.76317062799998
            ],
            [
              108.48698824800005,
              -6.763246018
            ],
            [
              108.48709532500003,
              -6.76336873999994
            ],
            [
              108.48722165400008,
              -6.763658593999942
            ],
            [
              108.48733196800006,
              -6.763851401999908
            ],
            [
              108.48744340100005,
              -6.763925506999911
            ],
            [
              108.48759160900005,
              -6.763907564999936
            ],
            [
              108.48770132000007,
              -6.76385142999991
            ],
            [
              108.48779962500004,
              -6.76374039599996
            ],
            [
              108.48783601200002,
              -6.763595666999976
            ],
            [
              108.48799498600003,
              -6.763516840999937
            ]
          ]
        ]
      }
    },
    {
      "type": "Feature",
      "id": 148,
      "properties": {
        "id": 148,
        "nama_ruas": "Jl. Sultan Agung",
        "fungsi_jalan": "Kolektor Primer",
        "lebar_ruas": "10 meter",
        "kecepatan_rencana": "50 km/jam",
        "kondisi": "Baik (Aspal Hotmix)",
        "kewenangan": "Kabupaten",
        "panjang_km": 0.35,
        "foto_gallery": [
          {
            "url": "/images/foto_kawasan-znt-sumber.jpg",
            "caption": "Kondisi fisik perkerasan jalan dan akses koridor Jl. Sultan Agung."
          },
          {
            "url": "/images/foto_pasar-sumber-cirebon.jpg",
            "caption": "Kawasan bangkitan aktivitas komersial di sepanjang jalur jalan."
          }
        ]
      },
      "geometry": {
        "type": "MultiLineString",
        "coordinates": [
          [
            [
              108.48901249800011,
              -6.761784841999983
            ],
            [
              108.48904818300004,
              -6.761697108999918
            ],
            [
              108.48908665000003,
              -6.761412037999957
            ],
            [
              108.48909412100002,
              -6.760839103999981
            ],
            [
              108.48923738100007,
              -6.759967050999947
            ],
            [
              108.489379323,
              -6.759614730999928
            ],
            [
              108.48932029200009,
              -6.759373773999886
            ],
            [
              108.48926187500005,
              -6.75908220199992
            ],
            [
              108.48921337400012,
              -6.7586912219999
            ]
          ]
        ]
      }
    },
    {
      "type": "Feature",
      "id": 149,
      "properties": {
        "id": 149,
        "nama_ruas": "Jl. Ki Ageng Tirtayasa",
        "fungsi_jalan": "Lokal Primer",
        "lebar_ruas": "7 meter",
        "kecepatan_rencana": "30 km/jam",
        "kondisi": "Baik (Aspal Hotmix)",
        "kewenangan": "Kabupaten",
        "panjang_km": 0.13,
        "foto_gallery": [
          {
            "url": "/images/foto_kawasan-znt-sumber.jpg",
            "caption": "Kondisi fisik perkerasan jalan dan akses koridor Jl. Ki Ageng Tirtayasa."
          },
          {
            "url": "/images/foto_pasar-sumber-cirebon.jpg",
            "caption": "Kawasan bangkitan aktivitas komersial di sepanjang jalur jalan."
          }
        ]
      },
      "geometry": {
        "type": "MultiLineString",
        "coordinates": [
          [
            [
              108.50556409600003,
              -6.758956800999936
            ],
            [
              108.5057055,
              -6.758370584000016
            ],
            [
              108.50578216200003,
              -6.758071567999966
            ],
            [
              108.50594657100005,
              -6.758020172999977
            ],
            [
              108.50600143200006,
              -6.758016449999936
            ]
          ]
        ]
      }
    },
    {
      "type": "Feature",
      "id": 150,
      "properties": {
        "id": 150,
        "nama_ruas": "Jl. Dewi Sartika",
        "fungsi_jalan": "Lokal Primer",
        "lebar_ruas": "7 meter",
        "kecepatan_rencana": "30 km/jam",
        "kondisi": "Baik (Aspal Hotmix)",
        "kewenangan": "Kabupaten",
        "panjang_km": 0.05,
        "foto_gallery": [
          {
            "url": "/images/foto_kawasan-znt-sumber.jpg",
            "caption": "Kondisi fisik perkerasan jalan dan akses koridor Jl. Dewi Sartika."
          },
          {
            "url": "/images/foto_pasar-sumber-cirebon.jpg",
            "caption": "Kawasan bangkitan aktivitas komersial di sepanjang jalur jalan."
          }
        ]
      },
      "geometry": {
        "type": "MultiLineString",
        "coordinates": [
          [
            [
              108.46860714200001,
              -6.75000032999997
            ],
            [
              108.4682636040001,
              -6.750140766999955
            ],
            [
              108.4681777480001,
              -6.750145863999933
            ],
            [
              108.46817218400008,
              -6.750146322999971
            ]
          ]
        ]
      }
    },
    {
      "type": "Feature",
      "id": 151,
      "properties": {
        "id": 151,
        "nama_ruas": "Jl. R.A. Kartini Sumber",
        "fungsi_jalan": "Lokal Sekunder",
        "lebar_ruas": "6 meter",
        "kecepatan_rencana": "30 km/jam",
        "kondisi": "Baik (Aspal Hotmix)",
        "kewenangan": "Kabupaten",
        "panjang_km": 0.14,
        "foto_gallery": [
          {
            "url": "/images/foto_kawasan-znt-sumber.jpg",
            "caption": "Kondisi fisik perkerasan jalan dan akses koridor Jl. R.A. Kartini Sumber."
          },
          {
            "url": "/images/foto_pasar-sumber-cirebon.jpg",
            "caption": "Kawasan bangkitan aktivitas komersial di sepanjang jalur jalan."
          }
        ]
      },
      "geometry": {
        "type": "MultiLineString",
        "coordinates": [
          [
            [
              108.5069938500001,
              -6.773259546999942
            ],
            [
              108.50650770400003,
              -6.773267806
            ],
            [
              108.50627724200005,
              -6.773236897999933
            ],
            [
              108.50604328200006,
              -6.773110941
            ],
            [
              108.50581024900005,
              -6.772992886999905
            ]
          ]
        ]
      }
    },
    {
      "type": "Feature",
      "id": 152,
      "properties": {
        "id": 152,
        "nama_ruas": "Jl. Pemuda Sumber",
        "fungsi_jalan": "Lokal Sekunder",
        "lebar_ruas": "6 meter",
        "kecepatan_rencana": "30 km/jam",
        "kondisi": "Baik (Aspal Hotmix)",
        "kewenangan": "Kabupaten",
        "panjang_km": 3.44,
        "foto_gallery": [
          {
            "url": "/images/foto_kawasan-znt-sumber.jpg",
            "caption": "Kondisi fisik perkerasan jalan dan akses koridor Jl. Pemuda Sumber."
          },
          {
            "url": "/images/foto_pasar-sumber-cirebon.jpg",
            "caption": "Kawasan bangkitan aktivitas komersial di sepanjang jalur jalan."
          }
        ]
      },
      "geometry": {
        "type": "MultiLineString",
        "coordinates": [
          [
            [
              108.44582078300009,
              -6.773724560999959
            ],
            [
              108.44581629400007,
              -6.773723732999979
            ],
            [
              108.44563287500009,
              -6.773708488999961
            ],
            [
              108.44497393500009,
              -6.773715342999907
            ],
            [
              108.44452617000009,
              -6.773708043999925
            ],
            [
              108.444292149,
              -6.773748084999951
            ],
            [
              108.44398520500009,
              -6.773942658999974
            ],
            [
              108.44380225300004,
              -6.774146154999936
            ],
            [
              108.44365302800004,
              -6.774351861
            ],
            [
              108.44331852800008,
              -6.774729925999921
            ],
            [
              108.44255734900007,
              -6.775120609999917
            ],
            [
              108.44251506400003,
              -6.775136373999977
            ],
            [
              108.44221787200006,
              -6.775247203999911
            ],
            [
              108.44201156000013,
              -6.775282193999963
            ],
            [
              108.44179868800009,
              -6.775256246999948
            ],
            [
              108.44151601400007,
              -6.77522179899994
            ],
            [
              108.44147459500002,
              -6.775212063999934
            ],
            [
              108.44138988900002,
              -6.775231770999966
            ],
            [
              108.44124886200008,
              -6.775264573999927
            ],
            [
              108.44116390800006,
              -6.775344719999985
            ],
            [
              108.44093945000006,
              -6.775482782999951
            ],
            [
              108.4401993010001,
              -6.775607199999943
            ],
            [
              108.4401369910001,
              -6.775614281999907
            ],
            [
              108.43969625700005,
              -6.775617849999936
            ],
            [
              108.43921072900011,
              -6.775600252
            ],
            [
              108.43867695000009,
              -6.775504180999945
            ],
            [
              108.43774561800004,
              -6.77538722399995
            ],
            [
              108.43675940600005,
              -6.775274610999958
            ],
            [
              108.43604894000006,
              -6.775155933999908
            ],
            [
              108.43543485800006,
              -6.775091734999926
            ],
            [
              108.4350982480001,
              -6.775074502999921
            ],
            [
              108.43342478800011,
              -6.775296884999936
            ],
            [
              108.43293785500005,
              -6.775389796999985
            ],
            [
              108.43248524200008,
              -6.775574806999927
            ],
            [
              108.43229633000009,
              -6.775716368999916
            ],
            [
              108.43195002400003,
              -6.775881182999964
            ],
            [
              108.43179240500004,
              -6.775946898999983
            ],
            [
              108.43145016700007,
              -6.776077409999946
            ],
            [
              108.43126500500001,
              -6.776181649999955
            ],
            [
              108.43096780300003,
              -6.776323387999959
            ],
            [
              108.430629304,
              -6.776493826999939
            ],
            [
              108.43034033700008,
              -6.776690390999949
            ],
            [
              108.42992134800004,
              -6.77706908899993
            ],
            [
              108.42965032500008,
              -6.777441555999928
            ],
            [
              108.4295527570001,
              -6.777585092
            ],
            [
              108.42936680900007,
              -6.777789692999956
            ],
            [
              108.42913751600011,
              -6.777959171999946
            ],
            [
              108.42910011200004,
              -6.777978484999945
            ],
            [
              108.42902329900008,
              -6.778074594
            ],
            [
              108.42881930700007,
              -6.778272131999906
            ],
            [
              108.428334442,
              -6.778463978999969
            ],
            [
              108.42810714200003,
              -6.778452073999961
            ],
            [
              108.42622864800003,
              -6.778799306999915
            ],
            [
              108.42555811300006,
              -6.778742900999955
            ],
            [
              108.42553429200005,
              -6.778740894999967
            ],
            [
              108.42523435600002,
              -6.778693882999985
            ],
            [
              108.42497968500008,
              -6.778653960999968
            ],
            [
              108.42454157900008,
              -6.77858528599997
            ],
            [
              108.42412229300002,
              -6.778494885999951
            ],
            [
              108.42399606100005,
              -6.778468902999933
            ],
            [
              108.42336839000008,
              -6.778371520999958
            ],
            [
              108.42299583100008,
              -6.77831274499998
            ],
            [
              108.421859398,
              -6.778033716999985
            ],
            [
              108.42148224500008,
              -6.777958331999965
            ],
            [
              108.4212775270001,
              -6.777931578999883
            ],
            [
              108.42112662200005,
              -6.777910949999953
            ],
            [
              108.42018520600004,
              -6.777669689999886
            ],
            [
              108.41876683000002,
              -6.777351679999953
            ],
            [
              108.41765011400008,
              -6.777140589999895
            ],
            [
              108.41699583800003,
              -6.777025310999949
            ],
            [
              108.41693509900007,
              -6.77701267899997
            ],
            [
              108.41688908900008,
              -6.777008060999943
            ]
          ]
        ]
      }
    },
    {
      "type": "Feature",
      "id": 153,
      "properties": {
        "id": 153,
        "nama_ruas": "Jl. Raya Tukmudal",
        "fungsi_jalan": "Lokal Primer",
        "lebar_ruas": "7 meter",
        "kecepatan_rencana": "35 km/jam",
        "kondisi": "Baik (Aspal Hotmix)",
        "kewenangan": "Kabupaten",
        "panjang_km": 0.93,
        "foto_gallery": [
          {
            "url": "/images/foto_kawasan-znt-sumber.jpg",
            "caption": "Kondisi fisik perkerasan jalan dan akses koridor Jl. Raya Tukmudal."
          },
          {
            "url": "/images/foto_pasar-sumber-cirebon.jpg",
            "caption": "Kawasan bangkitan aktivitas komersial di sepanjang jalur jalan."
          }
        ]
      },
      "geometry": {
        "type": "MultiLineString",
        "coordinates": [
          [
            [
              108.46607304700004,
              -6.761385039999944
            ],
            [
              108.46605840900007,
              -6.761387183999943
            ],
            [
              108.46604385500011,
              -6.761390446999947
            ],
            [
              108.4659160190001,
              -6.761350822999955
            ],
            [
              108.46586536700009,
              -6.761322562000014
            ],
            [
              108.46534555800007,
              -6.761088884999953
            ],
            [
              108.46490481700002,
              -6.761394492999926
            ],
            [
              108.4647167970001,
              -6.761521635999966
            ],
            [
              108.464670808,
              -6.761552737999963
            ],
            [
              108.4643336860001,
              -6.761755026999914
            ],
            [
              108.46405981,
              -6.761834763999939
            ],
            [
              108.46373271500002,
              -6.76195905799992
            ],
            [
              108.46365439300011,
              -6.762004694999966
            ],
            [
              108.46331520700002,
              -6.762202326999976
            ],
            [
              108.46328085800012,
              -6.762234293999956
            ],
            [
              108.46246277700001,
              -6.762933287999971
            ],
            [
              108.46226215000011,
              -6.762938016
            ],
            [
              108.46202170800002,
              -6.762863197999945
            ],
            [
              108.46156061600007,
              -6.762763331999942
            ],
            [
              108.46142441100008,
              -6.762733828999988
            ],
            [
              108.46136296400006,
              -6.762780185999915
            ],
            [
              108.46127770500001,
              -6.763066930000015
            ],
            [
              108.4612539350001,
              -6.763320141999916
            ],
            [
              108.46126560200008,
              -6.76390247999996
            ],
            [
              108.46123251700001,
              -6.764128413
            ],
            [
              108.46113495600011,
              -6.764300516999942
            ],
            [
              108.46095870800009,
              -6.764465007999963
            ],
            [
              108.46075045,
              -6.764556399999975
            ],
            [
              108.46051752200009,
              -6.764583225999974
            ],
            [
              108.46011346300006,
              -6.764598277999976
            ],
            [
              108.45995350900006,
              -6.764591125
            ],
            [
              108.45980543300006,
              -6.764529395999961
            ]
          ]
        ]
      }
    },
    {
      "type": "Feature",
      "id": 154,
      "properties": {
        "id": 154,
        "nama_ruas": "Jl. Perbutulan Raya",
        "fungsi_jalan": "Lokal Sekunder",
        "lebar_ruas": "6 meter",
        "kecepatan_rencana": "30 km/jam",
        "kondisi": "Baik (Aspal Hotmix)",
        "kewenangan": "Kabupaten",
        "panjang_km": 0.09,
        "foto_gallery": [
          {
            "url": "/images/foto_kawasan-znt-sumber.jpg",
            "caption": "Kondisi fisik perkerasan jalan dan akses koridor Jl. Perbutulan Raya."
          },
          {
            "url": "/images/foto_pasar-sumber-cirebon.jpg",
            "caption": "Kawasan bangkitan aktivitas komersial di sepanjang jalur jalan."
          }
        ]
      },
      "geometry": {
        "type": "MultiLineString",
        "coordinates": [
          [
            [
              108.49326248700004,
              -6.753734797999964
            ],
            [
              108.49325833100005,
              -6.753799160999961
            ],
            [
              108.49325205400007,
              -6.754524520999936
            ]
          ]
        ]
      }
    },
    {
      "type": "Feature",
      "id": 155,
      "properties": {
        "id": 155,
        "nama_ruas": "Jl. Pejambon Asri",
        "fungsi_jalan": "Lingkungan",
        "lebar_ruas": "5 meter",
        "kecepatan_rencana": "20 km/jam",
        "kondisi": "Baik (Aspal Hotmix)",
        "kewenangan": "Kabupaten",
        "panjang_km": 0.42,
        "foto_gallery": [
          {
            "url": "/images/foto_kawasan-znt-sumber.jpg",
            "caption": "Kondisi fisik perkerasan jalan dan akses koridor Jl. Pejambon Asri."
          },
          {
            "url": "/images/foto_pasar-sumber-cirebon.jpg",
            "caption": "Kawasan bangkitan aktivitas komersial di sepanjang jalur jalan."
          }
        ]
      },
      "geometry": {
        "type": "MultiLineString",
        "coordinates": [
          [
            [
              108.47802529600007,
              -6.762527073999934
            ],
            [
              108.47821373400004,
              -6.762277450999974
            ],
            [
              108.47868489600003,
              -6.761783020999921
            ],
            [
              108.47895146900005,
              -6.76148172799995
            ],
            [
              108.47906118600008,
              -6.761269084999942
            ],
            [
              108.47914477800006,
              -6.760911370999921
            ],
            [
              108.47917042000006,
              -6.760565495
            ],
            [
              108.47917798300006,
              -6.760463464999898
            ],
            [
              108.47923775500003,
              -6.759761553
            ],
            [
              108.47927378800009,
              -6.759338323999973
            ],
            [
              108.47927746600003,
              -6.759117204999974
            ]
          ]
        ]
      }
    },
    {
      "type": "Feature",
      "id": 156,
      "properties": {
        "id": 156,
        "nama_ruas": "Jl. Sindangjawa Permai",
        "fungsi_jalan": "Lingkungan",
        "lebar_ruas": "5 meter",
        "kecepatan_rencana": "20 km/jam",
        "kondisi": "Baik (Aspal Hotmix)",
        "kewenangan": "Kabupaten",
        "panjang_km": 2.26,
        "foto_gallery": [
          {
            "url": "/images/foto_kawasan-znt-sumber.jpg",
            "caption": "Kondisi fisik perkerasan jalan dan akses koridor Jl. Sindangjawa Permai."
          },
          {
            "url": "/images/foto_pasar-sumber-cirebon.jpg",
            "caption": "Kawasan bangkitan aktivitas komersial di sepanjang jalur jalan."
          }
        ]
      },
      "geometry": {
        "type": "MultiLineString",
        "coordinates": [
          [
            [
              108.50669259200005,
              -6.772115404999955
            ],
            [
              108.506671746,
              -6.772018187999905
            ],
            [
              108.50654890800006,
              -6.771720081999931
            ],
            [
              108.50645948500004,
              -6.771503053999915
            ],
            [
              108.50631094200008,
              -6.770439714999952
            ],
            [
              108.506319509,
              -6.770058531999943
            ],
            [
              108.50632875400005,
              -6.769647319999937
            ],
            [
              108.50633721400004,
              -6.769230564999916
            ],
            [
              108.5063367770001,
              -6.769158875999935
            ],
            [
              108.50633604900013,
              -6.769040053999962
            ],
            [
              108.50640566700011,
              -6.768837234999967
            ],
            [
              108.50657872900004,
              -6.768626270999921
            ],
            [
              108.5068766900001,
              -6.768156620999964
            ],
            [
              108.5070324430001,
              -6.767911115999901
            ],
            [
              108.50733253300007,
              -6.767398428999936
            ],
            [
              108.50755078700008,
              -6.767113921999933
            ],
            [
              108.50767447800011,
              -6.766925062999938
            ],
            [
              108.50775247600008,
              -6.766547660999976
            ],
            [
              108.50776923000005,
              -6.765893662999954
            ],
            [
              108.50782803600002,
              -6.765226667000011
            ],
            [
              108.50809844800001,
              -6.764430522999952
            ],
            [
              108.50822516700002,
              -6.764211538999952
            ],
            [
              108.50836434000009,
              -6.764025333999911
            ],
            [
              108.50844165500008,
              -6.763921887999967
            ],
            [
              108.50844451100005,
              -6.763918476999951
            ],
            [
              108.50917648900004,
              -6.76304432300001
            ],
            [
              108.50920132500005,
              -6.763015972999973
            ],
            [
              108.5099650930001,
              -6.762144266999968
            ],
            [
              108.510500704,
              -6.761681846999988
            ],
            [
              108.5107765320001,
              -6.761443705
            ],
            [
              108.51100647400003,
              -6.761215025
            ],
            [
              108.51120246800008,
              -6.760945520999904
            ],
            [
              108.51129793400007,
              -6.760814247999967
            ],
            [
              108.51171138600009,
              -6.760105284999927
            ],
            [
              108.51181941400004,
              -6.759791234999966
            ],
            [
              108.51188641500009,
              -6.759482153999972
            ],
            [
              108.51212825400002,
              -6.758974105999947
            ],
            [
              108.51235177500004,
              -6.758598637999967
            ],
            [
              108.51239895600013,
              -6.758339398000011
            ],
            [
              108.51232483300004,
              -6.758045392999932
            ],
            [
              108.51229800500003,
              -6.757612972999947
            ],
            [
              108.512340608,
              -6.757329722999959
            ],
            [
              108.51250273100001,
              -6.756957925999927
            ],
            [
              108.5126401620001,
              -6.7567418319999
            ],
            [
              108.51274589400006,
              -6.756558173999981
            ],
            [
              108.51276584900002,
              -6.756499313999907
            ],
            [
              108.51282592700002,
              -6.756322146999903
            ],
            [
              108.51292014500008,
              -6.755969642999958
            ],
            [
              108.51303422700002,
              -6.755696138999976
            ],
            [
              108.51324962100009,
              -6.755311229000014
            ],
            [
              108.51358118700007,
              -6.754885944
            ],
            [
              108.513822916,
              -6.754587667999921
            ],
            [
              108.51388496500007,
              -6.754511100999892
            ],
            [
              108.51391366000004,
              -6.754228022999918
            ]
          ]
        ]
      }
    },
    {
      "type": "Feature",
      "id": 157,
      "properties": {
        "id": 157,
        "nama_ruas": "Jl. Pangeran Cakrabuana",
        "fungsi_jalan": "Kolektor Primer",
        "lebar_ruas": "10 meter",
        "kecepatan_rencana": "50 km/jam",
        "kondisi": "Baik (Aspal Hotmix)",
        "kewenangan": "Kabupaten",
        "panjang_km": 0.17,
        "foto_gallery": [
          {
            "url": "/images/foto_kawasan-znt-sumber.jpg",
            "caption": "Kondisi fisik perkerasan jalan dan akses koridor Jl. Pangeran Cakrabuana."
          },
          {
            "url": "/images/foto_pasar-sumber-cirebon.jpg",
            "caption": "Kawasan bangkitan aktivitas komersial di sepanjang jalur jalan."
          }
        ]
      },
      "geometry": {
        "type": "MultiLineString",
        "coordinates": [
          [
            [
              108.50753856900006,
              -6.75713614599993
            ],
            [
              108.50739401800008,
              -6.757204416999983
            ],
            [
              108.50699693500009,
              -6.757356548999958
            ],
            [
              108.50613574200007,
              -6.757494579999921
            ],
            [
              108.50604677000008,
              -6.757500034999929
            ]
          ]
        ]
      }
    },
    {
      "type": "Feature",
      "id": 158,
      "properties": {
        "id": 158,
        "nama_ruas": "Jl. Fatahillah",
        "fungsi_jalan": "Arteri Primer",
        "lebar_ruas": "14 meter",
        "kecepatan_rencana": "60 km/jam",
        "kondisi": "Baik (Aspal Hotmix)",
        "kewenangan": "Provinsi",
        "panjang_km": 0.22,
        "foto_gallery": [
          {
            "url": "/images/foto_kawasan-znt-sumber.jpg",
            "caption": "Kondisi fisik perkerasan jalan dan akses koridor Jl. Fatahillah."
          },
          {
            "url": "/images/foto_pasar-sumber-cirebon.jpg",
            "caption": "Kawasan bangkitan aktivitas komersial di sepanjang jalur jalan."
          }
        ]
      },
      "geometry": {
        "type": "MultiLineString",
        "coordinates": [
          [
            [
              108.50543033100006,
              -6.762656840000012
            ],
            [
              108.50527279000008,
              -6.762641463999984
            ],
            [
              108.50462732400005,
              -6.762622237
            ],
            [
              108.50437074600005,
              -6.76258655099997
            ],
            [
              108.50431669600002,
              -6.762495653
            ],
            [
              108.50432031600005,
              -6.762348763999924
            ],
            [
              108.50431579500012,
              -6.76191929
            ],
            [
              108.50427940100005,
              -6.761643571999929
            ]
          ]
        ]
      }
    },
    {
      "type": "Feature",
      "id": 159,
      "properties": {
        "id": 159,
        "nama_ruas": "Jl. Sunan Drajat",
        "fungsi_jalan": "Kolektor Sekunder",
        "lebar_ruas": "8 meter",
        "kecepatan_rencana": "40 km/jam",
        "kondisi": "Baik (Aspal Hotmix)",
        "kewenangan": "Kabupaten",
        "panjang_km": 0.32,
        "foto_gallery": [
          {
            "url": "/images/foto_kawasan-znt-sumber.jpg",
            "caption": "Kondisi fisik perkerasan jalan dan akses koridor Jl. Sunan Drajat."
          },
          {
            "url": "/images/foto_pasar-sumber-cirebon.jpg",
            "caption": "Kawasan bangkitan aktivitas komersial di sepanjang jalur jalan."
          }
        ]
      },
      "geometry": {
        "type": "MultiLineString",
        "coordinates": [
          [
            [
              108.483170553,
              -6.762674067000017
            ],
            [
              108.48309191700007,
              -6.763159254999927
            ],
            [
              108.4830675330001,
              -6.763573290999901
            ],
            [
              108.48318329600008,
              -6.76356876599997
            ],
            [
              108.48343074800003,
              -6.763499462999921
            ],
            [
              108.48415945900011,
              -6.76333045399997
            ],
            [
              108.48461351300003,
              -6.763265797999949
            ],
            [
              108.48500857200011,
              -6.763237094999972
            ]
          ]
        ]
      }
    },
    {
      "type": "Feature",
      "id": 160,
      "properties": {
        "id": 160,
        "nama_ruas": "Jl. Sunan Kalijaga",
        "fungsi_jalan": "Kolektor Sekunder",
        "lebar_ruas": "9 meter",
        "kecepatan_rencana": "40 km/jam",
        "kondisi": "Baik (Aspal Hotmix)",
        "kewenangan": "Kabupaten",
        "panjang_km": 0.06,
        "foto_gallery": [
          {
            "url": "/images/foto_kawasan-znt-sumber.jpg",
            "caption": "Kondisi fisik perkerasan jalan dan akses koridor Jl. Sunan Kalijaga."
          },
          {
            "url": "/images/foto_pasar-sumber-cirebon.jpg",
            "caption": "Kawasan bangkitan aktivitas komersial di sepanjang jalur jalan."
          }
        ]
      },
      "geometry": {
        "type": "MultiLineString",
        "coordinates": [
          [
            [
              108.5077323360001,
              -6.756667566999973
            ],
            [
              108.50753856900006,
              -6.75713614599993
            ]
          ]
        ]
      }
    },
    {
      "type": "Feature",
      "id": 161,
      "properties": {
        "id": 161,
        "nama_ruas": "Jl. Sultan Agung",
        "fungsi_jalan": "Kolektor Primer",
        "lebar_ruas": "10 meter",
        "kecepatan_rencana": "50 km/jam",
        "kondisi": "Baik (Aspal Hotmix)",
        "kewenangan": "Kabupaten",
        "panjang_km": 0.51,
        "foto_gallery": [
          {
            "url": "/images/foto_kawasan-znt-sumber.jpg",
            "caption": "Kondisi fisik perkerasan jalan dan akses koridor Jl. Sultan Agung."
          },
          {
            "url": "/images/foto_pasar-sumber-cirebon.jpg",
            "caption": "Kawasan bangkitan aktivitas komersial di sepanjang jalur jalan."
          }
        ]
      },
      "geometry": {
        "type": "MultiLineString",
        "coordinates": [
          [
            [
              108.49956944800007,
              -6.761675691999923
            ],
            [
              108.49960237300004,
              -6.761549523999964
            ],
            [
              108.49961831400012,
              -6.761211561999978
            ],
            [
              108.49967554600006,
              -6.760799487999989
            ],
            [
              108.50000045100003,
              -6.760482074999928
            ],
            [
              108.50008799000008,
              -6.760396549999957
            ],
            [
              108.50026718700008,
              -6.760321192999939
            ],
            [
              108.500512181,
              -6.76030940099994
            ],
            [
              108.501216319,
              -6.760235086
            ],
            [
              108.50128686000006,
              -6.76011104499996
            ],
            [
              108.501399936,
              -6.759983959999925
            ],
            [
              108.50153618400009,
              -6.759925290999956
            ],
            [
              108.50190537000007,
              -6.759847031999964
            ],
            [
              108.502268396,
              -6.75970789
            ],
            [
              108.502329531,
              -6.759619589999975
            ],
            [
              108.50230615500003,
              -6.759460461999954
            ],
            [
              108.50230624500003,
              -6.759126168999916
            ],
            [
              108.50241514000007,
              -6.759006643999975
            ]
          ]
        ]
      }
    },
    {
      "type": "Feature",
      "id": 162,
      "properties": {
        "id": 162,
        "nama_ruas": "Jl. Ki Ageng Tirtayasa",
        "fungsi_jalan": "Lokal Primer",
        "lebar_ruas": "7 meter",
        "kecepatan_rencana": "30 km/jam",
        "kondisi": "Baik (Aspal Hotmix)",
        "kewenangan": "Kabupaten",
        "panjang_km": 1.76,
        "foto_gallery": [
          {
            "url": "/images/foto_kawasan-znt-sumber.jpg",
            "caption": "Kondisi fisik perkerasan jalan dan akses koridor Jl. Ki Ageng Tirtayasa."
          },
          {
            "url": "/images/foto_pasar-sumber-cirebon.jpg",
            "caption": "Kawasan bangkitan aktivitas komersial di sepanjang jalur jalan."
          }
        ]
      },
      "geometry": {
        "type": "MultiLineString",
        "coordinates": [
          [
            [
              108.47682351400003,
              -6.751298280999983
            ],
            [
              108.47669315600008,
              -6.75067432799996
            ],
            [
              108.47666167200005,
              -6.750523619000013
            ],
            [
              108.47661864500013,
              -6.750307987999935
            ],
            [
              108.4765742070001,
              -6.750085317999986
            ],
            [
              108.47656790300002,
              -6.750000434999979
            ],
            [
              108.47656478500002,
              -6.749958392999964
            ],
            [
              108.47654892300004,
              -6.749744826999969
            ],
            [
              108.47663994400003,
              -6.748969666999958
            ],
            [
              108.47699021600005,
              -6.748962678999913
            ],
            [
              108.4777238670001,
              -6.748962724
            ],
            [
              108.4779590580001,
              -6.748960346999986
            ],
            [
              108.47800037600005,
              -6.748954458999943
            ],
            [
              108.47804138300008,
              -6.748952865999989
            ],
            [
              108.47831721300007,
              -6.748949911999922
            ],
            [
              108.47885153300005,
              -6.748937337999948
            ],
            [
              108.47953350400007,
              -6.748920992999928
            ],
            [
              108.48033444400009,
              -6.748886047999967
            ],
            [
              108.4804805200001,
              -6.748875527999896
            ],
            [
              108.48053384100007,
              -6.748866802999974
            ],
            [
              108.48165584200008,
              -6.748729256999962
            ],
            [
              108.48206912200008,
              -6.748602679999969
            ],
            [
              108.48207712400004,
              -6.748600796
            ],
            [
              108.48217944900007,
              -6.748605084
            ],
            [
              108.48284385600006,
              -6.748665523999929
            ],
            [
              108.48338546200002,
              -6.748679590999938
            ],
            [
              108.48363157700004,
              -6.748627693999907
            ],
            [
              108.48404484800004,
              -6.748452203999953
            ],
            [
              108.48428691600009,
              -6.748348924999934
            ],
            [
              108.48435716900003,
              -6.74833325499997
            ],
            [
              108.48475457600006,
              -6.748244632999921
            ],
            [
              108.48491400100002,
              -6.748243710999933
            ],
            [
              108.48517510800004,
              -6.748187696999917
            ],
            [
              108.48559934700006,
              -6.748073057999935
            ],
            [
              108.48580552200006,
              -6.748017346999944
            ],
            [
              108.48597901300012,
              -6.747962335999922
            ],
            [
              108.48607734500008,
              -6.747931148
            ],
            [
              108.48637299200003,
              -6.747821537999908
            ],
            [
              108.48663652600007,
              -6.747805137999972
            ],
            [
              108.48694441300006,
              -6.747858591999954
            ],
            [
              108.4871756350001,
              -6.747963318
            ],
            [
              108.487627419,
              -6.748174911000014
            ],
            [
              108.48802457600009,
              -6.74836091799995
            ],
            [
              108.48970873900008,
              -6.748898688999947
            ]
          ]
        ]
      }
    },
    {
      "type": "Feature",
      "id": 163,
      "properties": {
        "id": 163,
        "nama_ruas": "Jl. Dewi Sartika",
        "fungsi_jalan": "Lokal Primer",
        "lebar_ruas": "7 meter",
        "kecepatan_rencana": "30 km/jam",
        "kondisi": "Baik (Aspal Hotmix)",
        "kewenangan": "Kabupaten",
        "panjang_km": 0.22,
        "foto_gallery": [
          {
            "url": "/images/foto_kawasan-znt-sumber.jpg",
            "caption": "Kondisi fisik perkerasan jalan dan akses koridor Jl. Dewi Sartika."
          },
          {
            "url": "/images/foto_pasar-sumber-cirebon.jpg",
            "caption": "Kawasan bangkitan aktivitas komersial di sepanjang jalur jalan."
          }
        ]
      },
      "geometry": {
        "type": "MultiLineString",
        "coordinates": [
          [
            [
              108.45658293697298,
              -6.794796611547358
            ],
            [
              108.45658300800007,
              -6.794796224999942
            ]
          ]
        ]
      }
    },
    {
      "type": "Feature",
      "id": 164,
      "properties": {
        "id": 164,
        "nama_ruas": "Jl. R.A. Kartini Sumber",
        "fungsi_jalan": "Lokal Sekunder",
        "lebar_ruas": "6 meter",
        "kecepatan_rencana": "30 km/jam",
        "kondisi": "Baik (Aspal Hotmix)",
        "kewenangan": "Kabupaten",
        "panjang_km": 6.48,
        "foto_gallery": [
          {
            "url": "/images/foto_kawasan-znt-sumber.jpg",
            "caption": "Kondisi fisik perkerasan jalan dan akses koridor Jl. R.A. Kartini Sumber."
          },
          {
            "url": "/images/foto_pasar-sumber-cirebon.jpg",
            "caption": "Kawasan bangkitan aktivitas komersial di sepanjang jalur jalan."
          }
        ]
      },
      "geometry": {
        "type": "MultiLineString",
        "coordinates": [
          [
            [
              108.47903287500013,
              -6.783598775
            ],
            [
              108.47870458600006,
              -6.783436760999926
            ],
            [
              108.47827549400009,
              -6.783301426
            ],
            [
              108.47791512900002,
              -6.783265897
            ],
            [
              108.47751254400002,
              -6.783268249999928
            ],
            [
              108.47733457100013,
              -6.783250703999986
            ],
            [
              108.4768435840001,
              -6.783113771999936
            ],
            [
              108.47659963800007,
              -6.783037337999918
            ],
            [
              108.47638467000004,
              -6.783042093999956
            ],
            [
              108.47605963600006,
              -6.783213577999934
            ],
            [
              108.47580462900001,
              -6.78342607699993
            ],
            [
              108.47540722500008,
              -6.783860408999985
            ],
            [
              108.47525624100011,
              -6.784087348999932
            ],
            [
              108.47520167000003,
              -6.784241486999985
            ],
            [
              108.4754525870001,
              -6.784708294999973
            ],
            [
              108.47550253400006,
              -6.784816859999985
            ],
            [
              108.47548232400008,
              -6.784973753
            ],
            [
              108.475188443,
              -6.785166185000023
            ],
            [
              108.47401281700009,
              -6.785495982999954
            ],
            [
              108.47318550500002,
              -6.785635538999955
            ],
            [
              108.47260798400002,
              -6.785807555999977
            ],
            [
              108.47219390100004,
              -6.785871767999961
            ],
            [
              108.47193134200008,
              -6.785902211
            ],
            [
              108.47164993400007,
              -6.785989444999927
            ],
            [
              108.47122785900005,
              -6.786124559
            ],
            [
              108.47092107900006,
              -6.78617947799993
            ],
            [
              108.47027782900004,
              -6.785871786999962
            ],
            [
              108.46959764800008,
              -6.785610868999957
            ],
            [
              108.46952671800007,
              -6.785583657999926
            ],
            [
              108.46928344800001,
              -6.785485253999955
            ],
            [
              108.46914246700007,
              -6.785385612999971
            ],
            [
              108.46859703500006,
              -6.785699146999978
            ],
            [
              108.46858416600007,
              -6.785852145999936
            ],
            [
              108.46859731100008,
              -6.78595942499993
            ],
            [
              108.46863972200005,
              -6.786167208999892
            ],
            [
              108.46864129100008,
              -6.78631341499991
            ],
            [
              108.46861217600008,
              -6.786422815
            ],
            [
              108.46860725400002,
              -6.786439073999915
            ],
            [
              108.4682893450001,
              -6.78671703999991
            ],
            [
              108.46825106400004,
              -6.786744819999988
            ],
            [
              108.46799918000006,
              -6.786985155999979
            ],
            [
              108.46780449500004,
              -6.78719143
            ],
            [
              108.46741271200004,
              -6.787427599
            ],
            [
              108.46722395600005,
              -6.787549512999956
            ],
            [
              108.46715923000002,
              -6.787694893
            ],
            [
              108.46697911200005,
              -6.788099468999985
            ],
            [
              108.46683242600008,
              -6.788596101999953
            ],
            [
              108.46676119100005,
              -6.788931350999981
            ],
            [
              108.4665889650001,
              -6.789151053999952
            ],
            [
              108.46618695400005,
              -6.789489001999936
            ],
            [
              108.46574366100005,
              -6.78986166199995
            ],
            [
              108.46530545300003,
              -6.79031094999991
            ],
            [
              108.46528213700006,
              -6.790334885999936
            ],
            [
              108.46506069000012,
              -6.790382031999929
            ],
            [
              108.46473329900003,
              -6.790539457999987
            ],
            [
              108.4642177800001,
              -6.790921380999968
            ],
            [
              108.46382534000004,
              -6.791237152999983
            ],
            [
              108.46328367800008,
              -6.791919782999976
            ],
            [
              108.46313444300009,
              -6.792059758999923
            ],
            [
              108.46303309300005,
              -6.792087026999958
            ],
            [
              108.46275210400006,
              -6.791988601999986
            ],
            [
              108.46223396300009,
              -6.791969963999954
            ],
            [
              108.46220279800009,
              -6.79197158099991
            ],
            [
              108.46210689800006,
              -6.792273440999928
            ],
            [
              108.46203234600002,
              -6.792728189999895
            ],
            [
              108.46192926600011,
              -6.794000571000012
            ],
            [
              108.46181596100006,
              -6.794912333999957
            ],
            [
              108.46153027700005,
              -6.796705600999918
            ],
            [
              108.46147045000006,
              -6.797062325999946
            ],
            [
              108.46140232800012,
              -6.797323527999975
            ],
            [
              108.46136308100007,
              -6.79793116499998
            ],
            [
              108.46134708000008,
              -6.798078904999947
            ],
            [
              108.46132663300007,
              -6.798234755999964
            ],
            [
              108.46130165800005,
              -6.798400522999913
            ],
            [
              108.46129151575842,
              -6.798467121643579
            ]
          ]
        ]
      }
    },
    {
      "type": "Feature",
      "id": 165,
      "properties": {
        "id": 165,
        "nama_ruas": "Jl. Pemuda Sumber",
        "fungsi_jalan": "Lokal Sekunder",
        "lebar_ruas": "6 meter",
        "kecepatan_rencana": "30 km/jam",
        "kondisi": "Baik (Aspal Hotmix)",
        "kewenangan": "Kabupaten",
        "panjang_km": 2.08,
        "foto_gallery": [
          {
            "url": "/images/foto_kawasan-znt-sumber.jpg",
            "caption": "Kondisi fisik perkerasan jalan dan akses koridor Jl. Pemuda Sumber."
          },
          {
            "url": "/images/foto_pasar-sumber-cirebon.jpg",
            "caption": "Kawasan bangkitan aktivitas komersial di sepanjang jalur jalan."
          }
        ]
      },
      "geometry": {
        "type": "MultiLineString",
        "coordinates": [
          [
            [
              108.47927746600003,
              -6.759117204999974
            ],
            [
              108.47928279900012,
              -6.758796456
            ],
            [
              108.47928764100007,
              -6.758436056999926
            ],
            [
              108.47930833500001,
              -6.758310542999933
            ],
            [
              108.47934524500005,
              -6.758295277999913
            ],
            [
              108.47992567200002,
              -6.758290269999943
            ],
            [
              108.4806715820001,
              -6.7582932
            ],
            [
              108.48290561200011,
              -6.758339904999964
            ],
            [
              108.48318426400007,
              -6.758372922999943
            ],
            [
              108.48346723500003,
              -6.758406451999964
            ],
            [
              108.48513037900007,
              -6.758603507999926
            ],
            [
              108.48580502800012,
              -6.758633825999947
            ],
            [
              108.48652331900003,
              -6.758667187999954
            ],
            [
              108.48758966200006,
              -6.758787641999973
            ],
            [
              108.48770351200007,
              -6.758784152999951
            ],
            [
              108.48799425800006,
              -6.758777794999958
            ],
            [
              108.488244863,
              -6.758757362999955
            ],
            [
              108.48840411300004,
              -6.758740627999902
            ],
            [
              108.48840420200005,
              -6.758740619
            ],
            [
              108.48873144100013,
              -6.758719168
            ],
            [
              108.48876608800006,
              -6.758708206999884
            ],
            [
              108.48921337400012,
              -6.7586912219999
            ],
            [
              108.48946597200006,
              -6.758675353999919
            ],
            [
              108.48950976400005,
              -6.758672234999928
            ],
            [
              108.49017751300005,
              -6.758624643999987
            ],
            [
              108.49091828300006,
              -6.75857184299997
            ],
            [
              108.49135767900009,
              -6.758540524999955
            ],
            [
              108.49156635300002,
              -6.758544898999961
            ],
            [
              108.49220616900003,
              -6.758558326999918
            ],
            [
              108.49265899500001,
              -6.758548901999937
            ],
            [
              108.49290591500002,
              -6.758543766999956
            ],
            [
              108.49317375400007,
              -6.758526618999959
            ],
            [
              108.49376367400002,
              -6.758499173999908
            ],
            [
              108.49376580200003,
              -6.7584990739999
            ],
            [
              108.49460735600012,
              -6.758501620999933
            ],
            [
              108.49633777700002,
              -6.758506247999961
            ],
            [
              108.49715843000007,
              -6.758494680999981
            ]
          ]
        ]
      }
    }
  ]
}