{
  "type": "FeatureCollection",
  "name": "sungai",
  "features": [
    {
      "type": "Feature",
      "id": 1,
      "properties": {
        "id": 1,
        "nama_sungai": "Sungai Cipager",
        "orde_sungai": 1,
        "status": "Aliran Permanen",
        "foto_gallery": [
          {
            "url": "/images/foto_kawasan-znt-sumber.jpg",
            "caption": "Sistem drainase hidrologi Sungai Cipager melintasi kawasan Sumber."
          }
        ]
      },
      "geometry": {
        "type": "MultiLineString",
        "coordinates": [
          [
            [
              108.48343855000012,
              -6.784603618999922
            ],
            [
              108.48339276800006,
              -6.784550973
            ],
            [
              108.48334960300004,
              -6.78442613099998
            ],
            [
              108.4833814980001,
              -6.783909585999963
            ],
            [
              108.48338311100005,
              -6.783590316999925
            ],
            [
              108.48327297000009,
              -6.783237128999923
            ],
            [
              108.48310717300005,
              -6.782840425999963
            ],
            [
              108.48308544700004,
              -6.782647199999962
            ],
            [
              108.48309657700007,
              -6.782105811999932
            ],
            [
              108.48323370900005,
              -6.781786124999948
            ],
            [
              108.48347183400003,
              -6.781500464999938
            ],
            [
              108.4837753950001,
              -6.781234574999965
            ],
            [
              108.48414919800003,
              -6.780973602999955
            ],
            [
              108.48440089600007,
              -6.780878857999932
            ],
            [
              108.48471724100004,
              -6.780828829999967
            ],
            [
              108.48512776600008,
              -6.780866331999961
            ],
            [
              108.48542706100007,
              -6.780911869
            ],
            [
              108.48603247600006,
              -6.780935493999911
            ],
            [
              108.48641517000001,
              -6.780872361999927
            ],
            [
              108.48686683400008,
              -6.78079785599998
            ],
            [
              108.48710402100008,
              -6.780800936999968
            ],
            [
              108.48767370300006,
              -6.780955898999911
            ],
            [
              108.48810330600007,
              -6.780928642999966
            ]
          ]
        ]
      }
    },
    {
      "type": "Feature",
      "id": 2,
      "properties": {
        "id": 2,
        "nama_sungai": "Sungai Cisanggarung",
        "orde_sungai": 2,
        "status": "Aliran Permanen",
        "foto_gallery": [
          {
            "url": "/images/foto_kawasan-znt-sumber.jpg",
            "caption": "Sistem drainase hidrologi Sungai Cisanggarung melintasi kawasan Sumber."
          }
        ]
      },
      "geometry": {
        "type": "MultiLineString",
        "coordinates": [
          [
            [
              108.47112780500008,
              -6.776310196999928
            ],
            [
              108.47113843000007,
              -6.776285588999935
            ],
            [
              108.47119532800008,
              -6.775981332999985
            ],
            [
              108.47118770400006,
              -6.775844954999981
            ],
            [
              108.47107318000009,
              -6.775663257999957
            ],
            [
              108.47058516700012,
              -6.775412557
            ],
            [
              108.4704420500001,
              -6.775332705999963
            ],
            [
              108.47033495100003,
              -6.775180147999952
            ],
            [
              108.47017034100008,
              -6.774889378999964
            ],
            [
              108.47003997800005,
              -6.774742365999968
            ],
            [
              108.46979205800005,
              -6.774728773999909
            ],
            [
              108.46963324200006,
              -6.774755428999983
            ],
            [
              108.4693611200001,
              -6.774398487999937
            ],
            [
              108.4692688110001,
              -6.774268825999956
            ],
            [
              108.46909190700003,
              -6.774151303999913
            ],
            [
              108.46870928600008,
              -6.773995754999921
            ],
            [
              108.4683627690001,
              -6.773896696999985
            ],
            [
              108.46829373200006,
              -6.773825953
            ],
            [
              108.46825600100006,
              -6.773667105
            ],
            [
              108.46826130500006,
              -6.773442426999969
            ],
            [
              108.46823481800008,
              -6.773341457999964
            ],
            [
              108.46811629800004,
              -6.773274505999931
            ],
            [
              108.46797494700007,
              -6.773279317999974
            ],
            [
              108.46779895600008,
              -6.773352298999972
            ],
            [
              108.46757752300005,
              -6.773483144999963
            ],
            [
              108.46747161900008,
              -6.773503956999908
            ],
            [
              108.46725551700005,
              -6.773311345999959
            ],
            [
              108.46705789200004,
              -6.77314199299998
            ],
            [
              108.46688820400004,
              -6.773109044
            ],
            [
              108.46670795300004,
              -6.773109982999907
            ],
            [
              108.4662448640001,
              -6.772995602999947
            ],
            [
              108.46607717900008,
              -6.77295831699997
            ],
            [
              108.46581161700004,
              -6.772989031999936
            ],
            [
              108.46556596300006,
              -6.773000393999988
            ],
            [
              108.46532883700007,
              -6.772937104999903
            ],
            [
              108.46523553200008,
              -6.772868531
            ],
            [
              108.46527992700001,
              -6.772467854999979
            ],
            [
              108.46531978400012,
              -6.772229637999986
            ],
            [
              108.4653003380001,
              -6.772065019999955
            ],
            [
              108.46517685500001,
              -6.77178347599993
            ],
            [
              108.46513081200003,
              -6.771669011999963
            ],
            [
              108.46515757700011,
              -6.771538353999988
            ],
            [
              108.46526306600005,
              -6.771435994999957
            ],
            [
              108.46538513300001,
              -6.77137209599991
            ],
            [
              108.46549528100007,
              -6.771177426999968
            ],
            [
              108.46549065700013,
              -6.771114167999974
            ],
            [
              108.46516611000001,
              -6.770927434999978
            ],
            [
              108.464365173,
              -6.770872998
            ],
            [
              108.46415204500005,
              -6.77083513999998
            ],
            [
              108.46387511000005,
              -6.770685986999984
            ],
            [
              108.463762945,
              -6.770555416999928
            ],
            [
              108.46364583300009,
              -6.77000476399993
            ],
            [
              108.46361091000003,
              -6.769853846999967
            ],
            [
              108.46352354100009,
              -6.769736077
            ],
            [
              108.46335139600005,
              -6.769640972999939
            ],
            [
              108.46304454100007,
              -6.769525598999985
            ],
            [
              108.462811,
              -6.769350916999921
            ],
            [
              108.4626435050001,
              -6.769231154999959
            ],
            [
              108.46228419700013,
              -6.769126071999969
            ],
            [
              108.4621057250001,
              -6.769079211999911
            ],
            [
              108.4620379030001,
              -6.769035686999951
            ],
            [
              108.46205691600007,
              -6.768862494999921
            ],
            [
              108.46213378400003,
              -6.768773535000021
            ],
            [
              108.46249809700006,
              -6.76845016399991
            ],
            [
              108.46265973100012,
              -6.768260860999968
            ],
            [
              108.462712067,
              -6.768132875999948
            ],
            [
              108.46269422200004,
              -6.767971727999937
            ],
            [
              108.46238885000008,
              -6.767628142000019
            ],
            [
              108.462295538,
              -6.767505875999939
            ],
            [
              108.46225990300007,
              -6.76734606299995
            ],
            [
              108.46236581700005,
              -6.767070352999964
            ],
            [
              108.4623965390001,
              -6.766981712
            ],
            [
              108.46236163700006,
              -6.766846094999972
            ],
            [
              108.46219390900004,
              -6.766658472
            ],
            [
              108.46199589100007,
              -6.76652690199994
            ],
            [
              108.46192709200007,
              -6.766493944999967
            ],
            [
              108.46162918900002,
              -6.76607080599995
            ],
            [
              108.46142581900007,
              -6.765783665999907
            ],
            [
              108.46129777400004,
              -6.765578147999955
            ],
            [
              108.46116975100003,
              -6.765470611999939
            ],
            [
              108.46097851100009,
              -6.765415705999926
            ],
            [
              108.46059136700003,
              -6.765451342999944
            ],
            [
              108.46021000700001,
              -6.765444307999894
            ],
            [
              108.46001802600003,
              -6.765232137999925
            ],
            [
              108.45989253500004,
              -6.765010338999959
            ],
            [
              108.45980144700005,
              -6.76463571599996
            ],
            [
              108.45978617200004,
              -6.764559044999922
            ],
            [
              108.45980543300003,
              -6.764529395999956
            ],
            [
              108.45980879200003,
              -6.764524224999972
            ],
            [
              108.45986277400006,
              -6.764441136999936
            ],
            [
              108.46025426800013,
              -6.7642979249999
            ],
            [
              108.46054682900008,
              -6.764168609999947
            ],
            [
              108.46068748200008,
              -6.764066643999948
            ],
            [
              108.46076554100006,
              -6.763898368999969
            ],
            [
              108.460767994,
              -6.763750719999921
            ],
            [
              108.46064638000006,
              -6.763465245999926
            ],
            [
              108.46046696000005,
              -6.763228189999941
            ],
            [
              108.46018889600005,
              -6.763036699999907
            ],
            [
              108.45989388100006,
              -6.76292463299996
            ],
            [
              108.45960711400005,
              -6.762829426999899
            ],
            [
              108.4595412240001,
              -6.762767537999929
            ],
            [
              108.45955248200006,
              -6.762564644999928
            ],
            [
              108.45970027100012,
              -6.762093712999954
            ],
            [
              108.45973141200002,
              -6.761954193999957
            ],
            [
              108.4596785080001,
              -6.761694472999961
            ],
            [
              108.45950381400012,
              -6.761068772999971
            ],
            [
              108.45949791800007,
              -6.760932404999968
            ],
            [
              108.45957831400007,
              -6.76078046399992
            ],
            [
              108.45998467900003,
              -6.760456697999954
            ],
            [
              108.46014487400005,
              -6.760381169000011
            ],
            [
              108.46050580300006,
              -6.760349360999955
            ],
            [
              108.46071908500004,
              -6.760367120999915
            ],
            [
              108.46086545400007,
              -6.76041167999996
            ],
            [
              108.46102548900008,
              -6.760825739999936
            ],
            [
              108.46110170100008,
              -6.761002184999969
            ],
            [
              108.46121802700011,
              -6.761119843999934
            ],
            [
              108.46131949400007,
              -6.761156884999979
            ],
            [
              108.46147595200004,
              -6.761116679999938
            ],
            [
              108.46159497900004,
              -6.761013100999984
            ],
            [
              108.46163366900004,
              -6.760897849999951
            ],
            [
              108.46152798200009,
              -6.760448041999949
            ],
            [
              108.46141858100009,
              -6.759951283999969
            ],
            [
              108.46139460000006,
              -6.759659694999913
            ],
            [
              108.46150658800009,
              -6.759149938999924
            ],
            [
              108.46161427100012,
              -6.758876224999925
            ],
            [
              108.46193244600006,
              -6.758437303999935
            ],
            [
              108.46241676200009,
              -6.757860967999944
            ],
            [
              108.46254108400007,
              -6.757677768999974
            ],
            [
              108.46262028900004,
              -6.757346528000012
            ],
            [
              108.4626423540001,
              -6.757258799999947
            ],
            [
              108.46272078300011,
              -6.757208029999921
            ],
            [
              108.46294824000009,
              -6.75724475899994
            ],
            [
              108.46407944700007,
              -6.757807645999973
            ],
            [
              108.46438844200006,
              -6.757903180999973
            ],
            [
              108.464799907,
              -6.757912969999984
            ],
            [
              108.46528105400002,
              -6.757800166999976
            ],
            [
              108.46608691300008,
              -6.757674468999967
            ],
            [
              108.46647636800007,
              -6.757657653
            ],
            [
              108.46661746200002,
              -6.757682272999903
            ],
            [
              108.46695577400003,
              -6.75805782999989
            ],
            [
              108.46706441300005,
              -6.758197010999949
            ],
            [
              108.46717887200002,
              -6.758277370999936
            ],
            [
              108.46778025200004,
              -6.758323878999965
            ],
            [
              108.46811545400006,
              -6.758295121999895
            ],
            [
              108.46833582400009,
              -6.758233214000013
            ],
            [
              108.46860185000007,
              -6.757807887
            ],
            [
              108.46872318300008,
              -6.757441426999959
            ],
            [
              108.46872440500009,
              -6.757436576
            ],
            [
              108.46872603500013,
              -6.757430108999911
            ],
            [
              108.46882670500011,
              -6.757029886999925
            ],
            [
              108.46942711300005,
              -6.755975240999971
            ],
            [
              108.46959661600005,
              -6.755677507999939
            ],
            [
              108.4696304930001,
              -6.755624940999942
            ],
            [
              108.46949546900002,
              -6.754643471999914
            ],
            [
              108.46946686500006,
              -6.754483415
            ],
            [
              108.46946879600004,
              -6.75425638699995
            ],
            [
              108.46949455600013,
              -6.753814074999946
            ],
            [
              108.469535035,
              -6.753481039999924
            ],
            [
              108.46948506300005,
              -6.753031683999959
            ],
            [
              108.469412634,
              -6.75275450899994
            ],
            [
              108.46924898600005,
              -6.75236447999991
            ],
            [
              108.46913874900008,
              -6.752221486999892
            ],
            [
              108.46901819200006,
              -6.752162868000015
            ],
            [
              108.46879792700004,
              -6.752363357
            ],
            [
              108.46863418400008,
              -6.752497687999918
            ],
            [
              108.46846918400011,
              -6.752555646
            ],
            [
              108.46839852100004,
              -6.752557980999933
            ],
            [
              108.46833103000004,
              -6.752473518999961
            ],
            [
              108.46827301900004,
              -6.751890755999971
            ],
            [
              108.46831934300006,
              -6.751296
            ],
            [
              108.46834838200006,
              -6.750857664999936
            ],
            [
              108.46830461100008,
              -6.750483432999969
            ],
            [
              108.46820211600004,
              -6.750204041999945
            ],
            [
              108.46817769000006,
              -6.750156938999956
            ],
            [
              108.46817218400005,
              -6.750146322999965
            ],
            [
              108.46809787600003,
              -6.750003048999924
            ],
            [
              108.46809646200009,
              -6.750000319999964
            ],
            [
              108.46809646200009,
              -6.750000319999964
            ],
            [
              108.46809629600007,
              -6.75
            ],
            [
              108.46793330100009,
              -6.749685732999959
            ],
            [
              108.46782537500005,
              -6.749538114999913
            ],
            [
              108.46766725100011,
              -6.749416155999947
            ],
            [
              108.4672743350001,
              -6.749197658999988
            ],
            [
              108.46691613400013,
              -6.748958349
            ],
            [
              108.46684007500005,
              -6.748871889999945
            ],
            [
              108.4668053080001,
              -6.748561933999968
            ],
            [
              108.4668332130001,
              -6.748456485999947
            ],
            [
              108.4672205110001,
              -6.747548919999906
            ],
            [
              108.46766848100003,
              -6.746739652
            ],
            [
              108.4681683960001,
              -6.746066131999966
            ],
            [
              108.46845439100004,
              -6.745783452999936
            ],
            [
              108.46915597300008,
              -6.745296443999964
            ],
            [
              108.46920821200005,
              -6.745264243999964
            ],
            [
              108.46924319300011,
              -6.745226993
            ],
            [
              108.46949986100012,
              -6.744864106999986
            ],
            [
              108.46949512400009,
              -6.744724797999917
            ],
            [
              108.46942156600004,
              -6.744621461999982
            ],
            [
              108.4693632450001,
              -6.744595709999983
            ],
            [
              108.46931523300012,
              -6.744574511999916
            ],
            [
              108.46917188900008,
              -6.74458351099995
            ],
            [
              108.46895827300007,
              -6.744620448999987
            ],
            [
              108.46863607600007,
              -6.744676173999979
            ],
            [
              108.46766214400013,
              -6.744817360999937
            ],
            [
              108.46682105700008,
              -6.744785184999939
            ],
            [
              108.46633296600001,
              -6.744721718999928
            ],
            [
              108.46629019800012,
              -6.744617159999981
            ],
            [
              108.4662985510001,
              -6.744297188999974
            ],
            [
              108.46643571400008,
              -6.7434721
            ],
            [
              108.46645819300008,
              -6.743253700999967
            ]
          ]
        ]
      }
    },
    {
      "type": "Feature",
      "id": 3,
      "properties": {
        "id": 3,
        "nama_sungai": "Saluran Irigasi Sumber",
        "orde_sungai": 3,
        "status": "Aliran Permanen",
        "foto_gallery": [
          {
            "url": "/images/foto_kawasan-znt-sumber.jpg",
            "caption": "Sistem drainase hidrologi Saluran Irigasi Sumber melintasi kawasan Sumber."
          }
        ]
      },
      "geometry": {
        "type": "MultiLineString",
        "coordinates": [
          [
            [
              108.50371440000006,
              -6.792819290999967
            ],
            [
              108.50382431300001,
              -6.792681508999936
            ],
            [
              108.50391430100008,
              -6.792436483
            ],
            [
              108.50396915,
              -6.791792390999911
            ],
            [
              108.50398491700007,
              -6.791483989999973
            ],
            [
              108.5040197470001,
              -6.790819053999934
            ],
            [
              108.50410731000007,
              -6.79025329599993
            ],
            [
              108.50446368200006,
              -6.789441996999949
            ],
            [
              108.50467350800002,
              -6.788964325999951
            ],
            [
              108.50482082100004,
              -6.788628964999914
            ],
            [
              108.50493060900007,
              -6.788322088000013
            ],
            [
              108.50501038400009,
              -6.787954882999918
            ],
            [
              108.5050663160001,
              -6.787719242999961
            ],
            [
              108.50542296100012,
              -6.787366613
            ],
            [
              108.50550221200011,
              -6.787236073999951
            ],
            [
              108.50543964600008,
              -6.786807718999947
            ],
            [
              108.50531709600007,
              -6.786320347999945
            ],
            [
              108.50507947800013,
              -6.785904847999939
            ],
            [
              108.50497618800001,
              -6.785728009999962
            ],
            [
              108.50488866600006,
              -6.78543874299992
            ],
            [
              108.50487537200011,
              -6.785126983999971
            ],
            [
              108.5048752910001,
              -6.785125139999908
            ],
            [
              108.50489437400009,
              -6.784579643999981
            ],
            [
              108.50500910800008,
              -6.784009090999936
            ],
            [
              108.50503053900007,
              -6.783748753999889
            ],
            [
              108.50499005500009,
              -6.783365267999956
            ],
            [
              108.50503036700006,
              -6.783146320999959
            ],
            [
              108.50496046700005,
              -6.782535612999967
            ],
            [
              108.50521257600003,
              -6.78195909599996
            ],
            [
              108.50522303800001,
              -6.781935985999914
            ],
            [
              108.50531081400008,
              -6.781742055999944
            ],
            [
              108.50534720000007,
              -6.781444469999924
            ],
            [
              108.50522304400002,
              -6.781047828999968
            ],
            [
              108.50516146900007,
              -6.780871061
            ],
            [
              108.50532694300009,
              -6.780143594000025
            ],
            [
              108.5053872270001,
              -6.779973562
            ],
            [
              108.50560692000006,
              -6.779676557999929
            ],
            [
              108.50582353200005,
              -6.779435208999944
            ],
            [
              108.50605318100004,
              -6.779049883999948
            ],
            [
              108.50608999900007,
              -6.778942244999923
            ],
            [
              108.50600794900004,
              -6.77876318499994
            ],
            [
              108.50596465200009,
              -6.778446381999929
            ],
            [
              108.50593076400013,
              -6.778265807
            ],
            [
              108.50591846100009,
              -6.778235368999967
            ],
            [
              108.50583046000008,
              -6.777815794999979
            ],
            [
              108.50579348100005,
              -6.777603183999974
            ],
            [
              108.50576066100008,
              -6.777527785999952
            ],
            [
              108.50565254900002,
              -6.777279389999917
            ],
            [
              108.505421497,
              -6.776649317
            ],
            [
              108.50536290300003,
              -6.776327167
            ],
            [
              108.50549327300008,
              -6.775784519999954
            ],
            [
              108.50572865500001,
              -6.775340497999897
            ],
            [
              108.50582700600008,
              -6.775152016999934
            ],
            [
              108.50583798500008,
              -6.774996624999956
            ],
            [
              108.50563226900003,
              -6.774332611
            ],
            [
              108.50557143400006,
              -6.774126266999973
            ],
            [
              108.50564249700008,
              -6.773737596999966
            ],
            [
              108.50572463500004,
              -6.773209983999921
            ],
            [
              108.50578084900008,
              -6.773029465
            ],
            [
              108.50581024900002,
              -6.7729928869999
            ],
            [
              108.50590437100007,
              -6.772875808999983
            ],
            [
              108.50603423500007,
              -6.772781218999972
            ],
            [
              108.50611040900007,
              -6.77258195
            ],
            [
              108.50616905300004,
              -6.772361306999956
            ],
            [
              108.50625438800009,
              -6.772212361999978
            ],
            [
              108.50627160300009,
              -6.772182308999978
            ],
            [
              108.50665340600005,
              -6.772115844999986
            ],
            [
              108.50669117300008,
              -6.772115423999951
            ],
            [
              108.506692592,
              -6.772115404999949
            ],
            [
              108.50673174100005,
              -6.772111647
            ],
            [
              108.50692955700008,
              -6.772036547
            ],
            [
              108.507121849,
              -6.771878724
            ],
            [
              108.50712361400007,
              -6.771860774999931
            ],
            [
              108.50713635000005,
              -6.771731104999949
            ],
            [
              108.50707488400012,
              -6.771383308999949
            ],
            [
              108.50708002400009,
              -6.771164144999934
            ],
            [
              108.50715295200008,
              -6.771080919999976
            ],
            [
              108.50730572700012,
              -6.771015882999924
            ],
            [
              108.50749629100008,
              -6.770896830999932
            ],
            [
              108.50752728900007,
              -6.770786693999968
            ],
            [
              108.50762465300004,
              -6.770598117
            ],
            [
              108.50768893800003,
              -6.7703983609999
            ],
            [
              108.50776724300002,
              -6.770172883999985
            ],
            [
              108.50777809800003,
              -6.770041405999942
            ],
            [
              108.50776460900008,
              -6.769860013999944
            ],
            [
              108.50775712400008,
              -6.769759349999964
            ],
            [
              108.50781945600008,
              -6.769633819999969
            ],
            [
              108.50798392800002,
              -6.769426461999954
            ],
            [
              108.50839628100002,
              -6.768924092999955
            ],
            [
              108.50855535900004,
              -6.768539704999947
            ],
            [
              108.50860785100012,
              -6.768412876999934
            ],
            [
              108.5088716370001,
              -6.767680477999908
            ],
            [
              108.50888699100004,
              -6.767591859999948
            ],
            [
              108.50893596000009,
              -6.767309249999924
            ],
            [
              108.50896261300008,
              -6.767205173000017
            ],
            [
              108.50905322300011,
              -6.766912372999949
            ],
            [
              108.50918586900008,
              -6.766486247999952
            ],
            [
              108.50927503900007,
              -6.766061598999988
            ],
            [
              108.509255861,
              -6.765829159999941
            ],
            [
              108.50919325300006,
              -6.765680928999933
            ],
            [
              108.50910852300007,
              -6.765601071999987
            ],
            [
              108.50894546800008,
              -6.765440901999968
            ],
            [
              108.5089253930001,
              -6.765237052999977
            ],
            [
              108.50898814500006,
              -6.765066390999978
            ],
            [
              108.50901333100009,
              -6.765029645999958
            ],
            [
              108.50950425500012,
              -6.764313546999949
            ],
            [
              108.50972766400005,
              -6.763987661999986
            ],
            [
              108.5099150820001,
              -6.763714273999925
            ],
            [
              108.51005757500008,
              -6.763589378999983
            ],
            [
              108.51033038000008,
              -6.763350256
            ],
            [
              108.51047919000005,
              -6.763151590999909
            ],
            [
              108.51073446500004,
              -6.762771262999971
            ],
            [
              108.5112055050001,
              -6.762141396
            ],
            [
              108.51135459600002,
              -6.761779773999914
            ],
            [
              108.51145788600003,
              -6.761278754999937
            ],
            [
              108.51148640500008,
              -6.761217931999967
            ],
            [
              108.51154508800005,
              -6.761092789
            ],
            [
              108.51172963800005,
              -6.760920000999919
            ],
            [
              108.51192475500002,
              -6.760717622999961
            ],
            [
              108.51194549700006,
              -6.76058652899995
            ],
            [
              108.5119922320001,
              -6.760411039
            ],
            [
              108.51217313100005,
              -6.760137308
            ],
            [
              108.51227908400003,
              -6.75991404
            ],
            [
              108.51238055100008,
              -6.759715881999943
            ],
            [
              108.51270746700004,
              -6.759369917999917
            ],
            [
              108.51295217300013,
              -6.759225760999891
            ],
            [
              108.5131536370001,
              -6.759164357999962
            ],
            [
              108.51344378300003,
              -6.759002347999969
            ]
          ]
        ]
      }
    },
    {
      "type": "Feature",
      "id": 4,
      "properties": {
        "id": 4,
        "nama_sungai": "Sungai Cikunten",
        "orde_sungai": 1,
        "status": "Aliran Permanen",
        "foto_gallery": [
          {
            "url": "/images/foto_kawasan-znt-sumber.jpg",
            "caption": "Sistem drainase hidrologi Sungai Cikunten melintasi kawasan Sumber."
          }
        ]
      },
      "geometry": {
        "type": "MultiLineString",
        "coordinates": [
          [
            [
              108.50397417200007,
              -6.758859176999936
            ],
            [
              108.50379394800008,
              -6.758789547999948
            ],
            [
              108.50343425000007,
              -6.758768425999977
            ],
            [
              108.50313597100008,
              -6.758818726999964
            ],
            [
              108.50271806400005,
              -6.758935797999969
            ],
            [
              108.50241514000004,
              -6.759006643999969
            ],
            [
              108.50237947700002,
              -6.759014983999949
            ],
            [
              108.50198391500005,
              -6.759111662999954
            ],
            [
              108.50167556400004,
              -6.759253389999957
            ],
            [
              108.50147729700006,
              -6.759375211999911
            ],
            [
              108.5012105040001,
              -6.759463116
            ],
            [
              108.50092542800006,
              -6.759482700000012
            ],
            [
              108.50036740000007,
              -6.759386276999939
            ],
            [
              108.50008619500007,
              -6.759391591999934
            ],
            [
              108.50000040600008,
              -6.75942018
            ],
            [
              108.50000040600008,
              -6.75942018
            ],
            [
              108.5,
              -6.759420314999913
            ],
            [
              108.49985337500009,
              -6.759469167999958
            ],
            [
              108.49984396300002,
              -6.759478193999906
            ],
            [
              108.49964341600011,
              -6.759670550999923
            ],
            [
              108.49928915700012,
              -6.760228583999909
            ],
            [
              108.49920823800008,
              -6.760642442999957
            ],
            [
              108.49912183100012,
              -6.761084363999929
            ],
            [
              108.49906777600009,
              -6.761254833999912
            ],
            [
              108.49891162700006,
              -6.761452740999944
            ],
            [
              108.49877095500005,
              -6.761592498999962
            ],
            [
              108.49870111400004,
              -6.761721033999939
            ],
            [
              108.49869886400003,
              -6.761959624999962
            ],
            [
              108.49869846100009,
              -6.762050341999919
            ],
            [
              108.49834129100012,
              -6.762465419999979
            ],
            [
              108.49821278500005,
              -6.762674259999939
            ],
            [
              108.4981006630001,
              -6.763090090999972
            ],
            [
              108.49809975700002,
              -6.763093452999984
            ],
            [
              108.49796234600002,
              -6.763603086999963
            ],
            [
              108.49795014900008,
              -6.763678732
            ],
            [
              108.49779634300006,
              -6.764632763999982
            ],
            [
              108.49779848000006,
              -6.764988576999935
            ],
            [
              108.49780833800007,
              -6.76504411
            ]
          ]
        ]
      }
    },
    {
      "type": "Feature",
      "id": 5,
      "properties": {
        "id": 5,
        "nama_sungai": "Sungai Cimanis Hulu",
        "orde_sungai": 2,
        "status": "Aliran Permanen",
        "foto_gallery": [
          {
            "url": "/images/foto_kawasan-znt-sumber.jpg",
            "caption": "Sistem drainase hidrologi Sungai Cimanis Hulu melintasi kawasan Sumber."
          }
        ]
      },
      "geometry": {
        "type": "MultiLineString",
        "coordinates": [
          [
            [
              108.50069548573403,
              -6.791188757467063
            ],
            [
              108.50068853300009,
              -6.791169112999944
            ],
            [
              108.50042335000008,
              -6.790767938999968
            ],
            [
              108.5003066680001,
              -6.79059525199998
            ],
            [
              108.5002593150001,
              -6.790392762999923
            ],
            [
              108.50043222500001,
              -6.789712850999978
            ],
            [
              108.50063374600008,
              -6.78896897399998
            ],
            [
              108.50085434900004,
              -6.788539152999943
            ],
            [
              108.500952667,
              -6.788304066999943
            ],
            [
              108.50096403400005,
              -6.787620329999948
            ],
            [
              108.50103457900012,
              -6.78715699099998
            ],
            [
              108.50104875400004,
              -6.787081852999981
            ],
            [
              108.50113056400006,
              -6.786648278999989
            ],
            [
              108.50113735700009,
              -6.786435703999897
            ],
            [
              108.50107689300006,
              -6.786240378
            ],
            [
              108.50096869800008,
              -6.785835051999937
            ],
            [
              108.50092750200005,
              -6.785297706999886
            ],
            [
              108.50096280000012,
              -6.785045241999958
            ],
            [
              108.50109512500006,
              -6.78473562599992
            ],
            [
              108.50123391800008,
              -6.784455008999972
            ],
            [
              108.501089016,
              -6.783872645999926
            ],
            [
              108.50095876900006,
              -6.783630434999958
            ],
            [
              108.50084722000007,
              -6.783440656999977
            ],
            [
              108.50085465600006,
              -6.783436824000015
            ],
            [
              108.50096704100012,
              -6.782915158000018
            ],
            [
              108.50101955600012,
              -6.782763749999924
            ],
            [
              108.50098337700005,
              -6.782436853999966
            ],
            [
              108.50094855400002,
              -6.782229225000018
            ],
            [
              108.50103900900004,
              -6.781938588999951
            ],
            [
              108.50105154600001,
              -6.781814665999912
            ],
            [
              108.5010000140001,
              -6.781677380999922
            ],
            [
              108.50080906900011,
              -6.781469389999943
            ],
            [
              108.50080414200005,
              -6.781464023999943
            ],
            [
              108.50033373600003,
              -6.781015195999933
            ],
            [
              108.50021980700002,
              -6.780875202999896
            ],
            [
              108.50015685800005,
              -6.780639304
            ],
            [
              108.50007288400003,
              -6.780286846999976
            ],
            [
              108.50006568000006,
              -6.780174155999889
            ],
            [
              108.500061825,
              -6.780078409999961
            ],
            [
              108.50004947300005,
              -6.779771879999911
            ],
            [
              108.5000554040001,
              -6.77929668599994
            ],
            [
              108.5002196440001,
              -6.779004278999905
            ],
            [
              108.50044343500005,
              -6.778796490999943
            ],
            [
              108.50047931900009,
              -6.778770304
            ],
            [
              108.50053187900009,
              -6.778581805999943
            ],
            [
              108.50049198100007,
              -6.778409831000014
            ],
            [
              108.50049190100006,
              -6.778409484999985
            ],
            [
              108.50034896300005,
              -6.777793351999987
            ],
            [
              108.50012896000005,
              -6.777192735999941
            ],
            [
              108.50000099700013,
              -6.776957230999907
            ],
            [
              108.5,
              -6.776955395999932
            ],
            [
              108.49986821000006,
              -6.776712831999935
            ],
            [
              108.49963374300003,
              -6.77635744899993
            ],
            [
              108.49946308200003,
              -6.776105143999926
            ],
            [
              108.49923263100005,
              -6.775684556999943
            ],
            [
              108.49876272000007,
              -6.774770819999924
            ],
            [
              108.49858747100005,
              -6.774421326999962
            ],
            [
              108.49829973900005,
              -6.774088110000013
            ],
            [
              108.49826608500011,
              -6.774053576
            ],
            [
              108.49840873,
              -6.773500277999959
            ],
            [
              108.49848524000004,
              -6.773257397999936
            ],
            [
              108.49860918500008,
              -6.773109899999989
            ],
            [
              108.49882710300008,
              -6.772863879999973
            ],
            [
              108.4988295470001,
              -6.772694960999941
            ],
            [
              108.4988027050001,
              -6.772245680999982
            ],
            [
              108.49905765100006,
              -6.771930207
            ],
            [
              108.49944060700004,
              -6.771553656000011
            ],
            [
              108.49963109200007,
              -6.771243045999979
            ],
            [
              108.49965783300007,
              -6.77123291699994
            ],
            [
              108.49966156700002,
              -6.771231503
            ],
            [
              108.49968350500006,
              -6.771223197999936
            ],
            [
              108.49974473000006,
              -6.771195270999934
            ],
            [
              108.49985276600003,
              -6.771094397999937
            ],
            [
              108.49999937000008,
              -6.770879352
            ],
            [
              108.5,
              -6.770877776999955
            ],
            [
              108.50000081700003,
              -6.770875734999963
            ],
            [
              108.5001241460001,
              -6.770568303999928
            ],
            [
              108.5000608590001,
              -6.770405083999924
            ],
            [
              108.50000080200002,
              -6.770320162999914
            ],
            [
              108.5,
              -6.770319028999909
            ],
            [
              108.49988247700009,
              -6.770152857000015
            ],
            [
              108.49984210500013,
              -6.770018459
            ],
            [
              108.4997806250001,
              -6.769630690999977
            ],
            [
              108.49978633600004,
              -6.769487292999925
            ],
            [
              108.49985188000005,
              -6.769417634000023
            ],
            [
              108.5,
              -6.769381227999942
            ],
            [
              108.50000077300011,
              -6.769381037999926
            ],
            [
              108.50000081400012,
              -6.769381031999925
            ],
            [
              108.50074319100007,
              -6.769262026999938
            ],
            [
              108.5008659090001,
              -6.769164553999955
            ],
            [
              108.50094793800005,
              -6.769002813999984
            ],
            [
              108.50091529800001,
              -6.768897909
            ],
            [
              108.50075694200005,
              -6.768719342999889
            ],
            [
              108.50039908900003,
              -6.768493115999911
            ],
            [
              108.50017551200008,
              -6.768497062999971
            ],
            [
              108.50000074200001,
              -6.768484622999919
            ],
            [
              108.5,
              -6.768484569999915
            ],
            [
              108.49992263900003,
              -6.76847907
            ],
            [
              108.49980131000004,
              -6.768389234999932
            ],
            [
              108.49978443800006,
              -6.768291180999901
            ],
            [
              108.49984584400008,
              -6.768080530999969
            ],
            [
              108.49996981800004,
              -6.767902314999967
            ],
            [
              108.5,
              -6.767865593999948
            ],
            [
              108.5000007230001,
              -6.767864713999964
            ],
            [
              108.50057113600005,
              -6.767170629999912
            ],
            [
              108.50099419100006,
              -6.766922498999987
            ],
            [
              108.50193864900004,
              -6.766482203999972
            ],
            [
              108.50218883200004,
              -6.766186430999925
            ],
            [
              108.50234041800007,
              -6.765912692000013
            ],
            [
              108.50258367400004,
              -6.765539755999976
            ],
            [
              108.50320663300006,
              -6.764849631999896
            ],
            [
              108.50330822600003,
              -6.764622530999935
            ],
            [
              108.50347148900003,
              -6.76412413
            ],
            [
              108.50356694100012,
              -6.763561293999969
            ],
            [
              108.50354168500007,
              -6.762866918999981
            ],
            [
              108.50339047100009,
              -6.762586337999947
            ],
            [
              108.50321789200011,
              -6.762399402999934
            ],
            [
              108.50292032900009,
              -6.762075664999971
            ],
            [
              108.50288022500006,
              -6.761918709999952
            ],
            [
              108.50288329700004,
              -6.761899665999975
            ],
            [
              108.50290945400008,
              -6.761737474999967
            ],
            [
              108.5030191930001,
              -6.761441621
            ],
            [
              108.5030331510001,
              -6.761320190999902
            ],
            [
              108.50305833800005,
              -6.760911953999964
            ],
            [
              108.50303472900005,
              -6.760331832999926
            ],
            [
              108.50316975500003,
              -6.760079814999946
            ],
            [
              108.503399126,
              -6.759737091000011
            ],
            [
              108.50389676100005,
              -6.759206810999922
            ],
            [
              108.50397417200007,
              -6.758859176999936
            ]
          ]
        ]
      }
    },
    {
      "type": "Feature",
      "id": 6,
      "properties": {
        "id": 6,
        "nama_sungai": "Sungai Cipager",
        "orde_sungai": 3,
        "status": "Aliran Permanen",
        "foto_gallery": [
          {
            "url": "/images/foto_kawasan-znt-sumber.jpg",
            "caption": "Sistem drainase hidrologi Sungai Cipager melintasi kawasan Sumber."
          }
        ]
      },
      "geometry": {
        "type": "MultiLineString",
        "coordinates": [
          [
            [
              108.44409890400004,
              -6.752305245999894
            ],
            [
              108.44412926600008,
              -6.752679853999981
            ],
            [
              108.44414261600011,
              -6.752893817999921
            ],
            [
              108.44407993300007,
              -6.753077514999932
            ],
            [
              108.44397474100008,
              -6.753228760999923
            ],
            [
              108.44368067700007,
              -6.753361556999986
            ],
            [
              108.44348536200009,
              -6.75344222799991
            ],
            [
              108.44335521700006,
              -6.753748892999971
            ],
            [
              108.44331097900005,
              -6.753912984999959
            ],
            [
              108.44302627900002,
              -6.754030456
            ],
            [
              108.44294409300007,
              -6.754070177
            ],
            [
              108.44285484400005,
              -6.754246250999911
            ],
            [
              108.44286365700007,
              -6.754686862999952
            ],
            [
              108.44289068600008,
              -6.754991803999959
            ],
            [
              108.44303973400007,
              -6.755249848999904
            ],
            [
              108.443424356,
              -6.755602441999946
            ],
            [
              108.44348357000011,
              -6.755676369999934
            ],
            [
              108.4434963080001,
              -6.755839775999954
            ],
            [
              108.44359230800005,
              -6.757071477999903
            ],
            [
              108.44362240400005,
              -6.757788841000016
            ],
            [
              108.44371154200006,
              -6.758571382999927
            ],
            [
              108.44370784600002,
              -6.758980497999937
            ],
            [
              108.44369834400003,
              -6.760033151
            ],
            [
              108.44374523300009,
              -6.760888437999972
            ],
            [
              108.44380900400004,
              -6.761141336999936
            ],
            [
              108.44398627900006,
              -6.761421347999923
            ],
            [
              108.44430376300004,
              -6.761665421999956
            ],
            [
              108.44445658500007,
              -6.761766347999957
            ],
            [
              108.44455731100005,
              -6.761935593999928
            ],
            [
              108.44459626500007,
              -6.762369044
            ],
            [
              108.44459954000008,
              -6.762863932
            ],
            [
              108.44462654500009,
              -6.763405449999953
            ],
            [
              108.44464038100008,
              -6.763722631
            ],
            [
              108.44464229000006,
              -6.763856491999968
            ],
            [
              108.44464323000005,
              -6.764131582
            ],
            [
              108.44461528600004,
              -6.764212353999925
            ],
            [
              108.44458079300004,
              -6.76441900399997
            ],
            [
              108.44458072000003,
              -6.764419442
            ],
            [
              108.44453659500002,
              -6.764683847999946
            ],
            [
              108.4444721170001,
              -6.764866277999941
            ],
            [
              108.44427743400007,
              -6.765417095999952
            ],
            [
              108.44422518600001,
              -6.766084384999919
            ],
            [
              108.44430543200008,
              -6.766585840999932
            ],
            [
              108.44439279700002,
              -6.766917948999966
            ],
            [
              108.44454327200005,
              -6.76736912
            ],
            [
              108.44456631200008,
              -6.767612297999952
            ],
            [
              108.44451576100008,
              -6.767900301999889
            ],
            [
              108.44441259200006,
              -6.768248624999933
            ],
            [
              108.44441537600002,
              -6.76848570399992
            ],
            [
              108.44450406100009,
              -6.768706209999957
            ],
            [
              108.44469042100005,
              -6.768909497
            ],
            [
              108.44485410500009,
              -6.769011900999937
            ],
            [
              108.44495204200011,
              -6.769053182999889
            ],
            [
              108.44501854200011,
              -6.769081212999899
            ],
            [
              108.44525756500008,
              -6.769608970999956
            ],
            [
              108.44530197600002,
              -6.769812813999946
            ],
            [
              108.44531922500003,
              -6.770056928999983
            ],
            [
              108.44539812900007,
              -6.770260075999916
            ],
            [
              108.44555433300012,
              -6.770411404
            ],
            [
              108.4456432150001,
              -6.770477625999975
            ],
            [
              108.44571046600007,
              -6.77092658
            ],
            [
              108.44572009900007,
              -6.770990903999989
            ],
            [
              108.44566294900005,
              -6.771455659999985
            ],
            [
              108.44564262100005,
              -6.771607613999945
            ]
          ]
        ]
      }
    },
    {
      "type": "Feature",
      "id": 7,
      "properties": {
        "id": 7,
        "nama_sungai": "Sungai Cisanggarung",
        "orde_sungai": 1,
        "status": "Aliran Permanen",
        "foto_gallery": [
          {
            "url": "/images/foto_kawasan-znt-sumber.jpg",
            "caption": "Sistem drainase hidrologi Sungai Cisanggarung melintasi kawasan Sumber."
          }
        ]
      },
      "geometry": {
        "type": "MultiLineString",
        "coordinates": [
          [
            [
              108.49460680700065,
              -6.79170787403333
            ],
            [
              108.49453054900003,
              -6.791588476999914
            ],
            [
              108.49436253300007,
              -6.791316082999936
            ],
            [
              108.49429628100009,
              -6.791090242999902
            ],
            [
              108.49429935700009,
              -6.790890745999915
            ],
            [
              108.49436564500006,
              -6.790618903999894
            ],
            [
              108.49451069900007,
              -6.790169329
            ],
            [
              108.4946375580001,
              -6.789706411999889
            ],
            [
              108.49494524400005,
              -6.788566997999938
            ],
            [
              108.49522903300009,
              -6.787320581999927
            ],
            [
              108.49529680700002,
              -6.78717797299994
            ],
            [
              108.4952979450001,
              -6.787175577999919
            ],
            [
              108.49544782600007,
              -6.786860208999938
            ],
            [
              108.49575269200007,
              -6.786207479999932
            ],
            [
              108.49572660600005,
              -6.786029331999936
            ],
            [
              108.495672518,
              -6.785610403999913
            ],
            [
              108.49573743900005,
              -6.784701575999945
            ],
            [
              108.49583115100008,
              -6.784425446999924
            ],
            [
              108.49600064200007,
              -6.784260228999932
            ],
            [
              108.49631473200013,
              -6.784041975
            ],
            [
              108.49645205800003,
              -6.783893491999963
            ],
            [
              108.49667322400003,
              -6.783531321999929
            ],
            [
              108.49696635400004,
              -6.782998495999985
            ]
          ]
        ]
      }
    },
    {
      "type": "Feature",
      "id": 8,
      "properties": {
        "id": 8,
        "nama_sungai": "Saluran Irigasi Sumber",
        "orde_sungai": 2,
        "status": "Aliran Permanen",
        "foto_gallery": [
          {
            "url": "/images/foto_kawasan-znt-sumber.jpg",
            "caption": "Sistem drainase hidrologi Saluran Irigasi Sumber melintasi kawasan Sumber."
          }
        ]
      },
      "geometry": {
        "type": "MultiLineString",
        "coordinates": [
          [
            [
              108.47738603100008,
              -6.779686304999936
            ],
            [
              108.47741287100008,
              -6.779639910999917
            ],
            [
              108.47764689600008,
              -6.779158843
            ],
            [
              108.47767588900008,
              -6.778935017999947
            ],
            [
              108.47757783800006,
              -6.778127136999982
            ],
            [
              108.47757877800004,
              -6.777751752
            ],
            [
              108.47757881300005,
              -6.777458061999956
            ],
            [
              108.47761286400002,
              -6.777061267999988
            ],
            [
              108.47774188000004,
              -6.776429938999977
            ],
            [
              108.47785934900007,
              -6.776195168
            ],
            [
              108.47794815200005,
              -6.77593212399991
            ],
            [
              108.47807406000008,
              -6.775334903999967
            ],
            [
              108.47805382100009,
              -6.775067985
            ],
            [
              108.47792094900011,
              -6.774756143999953
            ],
            [
              108.4777360630001,
              -6.774523019999938
            ],
            [
              108.47759811600004,
              -6.774300433999906
            ],
            [
              108.47754970900003,
              -6.774102477999959
            ],
            [
              108.47754000600013,
              -6.773826432999945
            ],
            [
              108.4775924350001,
              -6.772991416999956
            ],
            [
              108.47763492700007,
              -6.772438172999921
            ],
            [
              108.47772150200004,
              -6.772135560000018
            ],
            [
              108.47807651700002,
              -6.771393112999961
            ],
            [
              108.47850727700003,
              -6.77067793599994
            ],
            [
              108.47870638200008,
              -6.770257009999929
            ],
            [
              108.478870842,
              -6.769909332999939
            ],
            [
              108.47894103400004,
              -6.769345278999898
            ],
            [
              108.47892312700007,
              -6.769071313999968
            ],
            [
              108.47894661000007,
              -6.768685661999944
            ],
            [
              108.47908583200004,
              -6.767899860999941
            ],
            [
              108.479002801,
              -6.767525350999952
            ],
            [
              108.478944729,
              -6.767362076999943
            ],
            [
              108.47885405800004,
              -6.767263088999924
            ],
            [
              108.47872357800009,
              -6.76707901499997
            ],
            [
              108.47869031000009,
              -6.766904455
            ],
            [
              108.4786497530001,
              -6.766559563999978
            ],
            [
              108.47857031800001,
              -6.766361429999927
            ],
            [
              108.47859658900006,
              -6.766150965999921
            ]
          ]
        ]
      }
    },
    {
      "type": "Feature",
      "id": 9,
      "properties": {
        "id": 9,
        "nama_sungai": "Sungai Cikunten",
        "orde_sungai": 3,
        "status": "Aliran Permanen",
        "foto_gallery": [
          {
            "url": "/images/foto_kawasan-znt-sumber.jpg",
            "caption": "Sistem drainase hidrologi Sungai Cikunten melintasi kawasan Sumber."
          }
        ]
      },
      "geometry": {
        "type": "MultiLineString",
        "coordinates": [
          [
            [
              108.49288831600003,
              -6.78217902599995
            ],
            [
              108.49284857700003,
              -6.782066175999939
            ],
            [
              108.49272465800009,
              -6.78137584199993
            ],
            [
              108.49268197200011,
              -6.780967321999968
            ],
            [
              108.49247325600007,
              -6.78011799499995
            ],
            [
              108.49233027800005,
              -6.779847357999939
            ],
            [
              108.49214260100007,
              -6.779616923999969
            ],
            [
              108.49201288600008,
              -6.779582443999958
            ],
            [
              108.49183713100011,
              -6.779604291999901
            ],
            [
              108.49166552400003,
              -6.779591556999913
            ],
            [
              108.49148132300006,
              -6.779508833
            ],
            [
              108.49147359300005,
              -6.779505358999886
            ],
            [
              108.49137904300004,
              -6.779396536999942
            ],
            [
              108.49124304200006,
              -6.779121308999907
            ],
            [
              108.49113971300004,
              -6.778857274999909
            ],
            [
              108.49113443900005,
              -6.778843790999948
            ],
            [
              108.49075814500009,
              -6.778316780999953
            ],
            [
              108.49072630100004,
              -6.778290831999938
            ],
            [
              108.490338411,
              -6.777974716999983
            ],
            [
              108.4901678560001,
              -6.777870598999895
            ],
            [
              108.49011641000001,
              -6.777834444999923
            ],
            [
              108.48964781600006,
              -6.777519041999939
            ]
          ]
        ]
      }
    },
    {
      "type": "Feature",
      "id": 10,
      "properties": {
        "id": 10,
        "nama_sungai": "Sungai Cimanis Hulu",
        "orde_sungai": 1,
        "status": "Aliran Permanen",
        "foto_gallery": [
          {
            "url": "/images/foto_kawasan-znt-sumber.jpg",
            "caption": "Sistem drainase hidrologi Sungai Cimanis Hulu melintasi kawasan Sumber."
          }
        ]
      },
      "geometry": {
        "type": "MultiLineString",
        "coordinates": [
          [
            [
              108.49882710300008,
              -6.772863879999973
            ],
            [
              108.49902946900004,
              -6.773027101999977
            ],
            [
              108.49916129800002,
              -6.773195111999934
            ],
            [
              108.49926742200009,
              -6.773470656
            ],
            [
              108.49946760100005,
              -6.773940674999983
            ],
            [
              108.49967830600008,
              -6.774415584999931
            ],
            [
              108.499981376,
              -6.775420293999927
            ],
            [
              108.5,
              -6.775532885
            ],
            [
              108.50000095400013,
              -6.77553865199995
            ],
            [
              108.50000095900003,
              -6.775538677999952
            ],
            [
              108.50007036200009,
              -6.77595812899993
            ],
            [
              108.50021009100001,
              -6.776111023999968
            ],
            [
              108.50033807000004,
              -6.776275580999906
            ],
            [
              108.50084355000003,
              -6.776851141999922
            ],
            [
              108.50096840300006,
              -6.777010059999926
            ],
            [
              108.50102533600005,
              -6.777202917999984
            ],
            [
              108.50113497300008,
              -6.777588187999976
            ],
            [
              108.50137019000009,
              -6.777875402999937
            ],
            [
              108.50158062900009,
              -6.778181415999944
            ],
            [
              108.50163748500009,
              -6.77834179299998
            ]
          ]
        ]
      }
    },
    {
      "type": "Feature",
      "id": 11,
      "properties": {
        "id": 11,
        "nama_sungai": "Sungai Cipager",
        "orde_sungai": 2,
        "status": "Aliran Permanen",
        "foto_gallery": [
          {
            "url": "/images/foto_kawasan-znt-sumber.jpg",
            "caption": "Sistem drainase hidrologi Sungai Cipager melintasi kawasan Sumber."
          }
        ]
      },
      "geometry": {
        "type": "MultiLineString",
        "coordinates": [
          [
            [
              108.44464323000005,
              -6.764131582
            ],
            [
              108.44467778400006,
              -6.764122878999983
            ],
            [
              108.4449068920001,
              -6.764018935
            ],
            [
              108.44513834800007,
              -6.763931053
            ],
            [
              108.44547489900003,
              -6.763810690999909
            ],
            [
              108.44579181400005,
              -6.763697347999946
            ],
            [
              108.44633601700005,
              -6.763502714
            ],
            [
              108.44640495300007,
              -6.763392215999923
            ],
            [
              108.44641330800005,
              -6.763359354999958
            ],
            [
              108.44644570000007,
              -6.763232037
            ],
            [
              108.44643889700004,
              -6.763105551999919
            ],
            [
              108.44637653100003,
              -6.762951508999963
            ],
            [
              108.44627064000005,
              -6.762689947999904
            ],
            [
              108.44604800200003,
              -6.762500288999933
            ],
            [
              108.44605074100006,
              -6.762407463999979
            ],
            [
              108.44616978900007,
              -6.762038527999918
            ],
            [
              108.44616929200002,
              -6.761931849999973
            ],
            [
              108.44610715800012,
              -6.761623650999963
            ],
            [
              108.44622078600011,
              -6.761355424999975
            ],
            [
              108.44634722900008,
              -6.760915919999936
            ],
            [
              108.44629082700004,
              -6.760225512000011
            ],
            [
              108.44615151500005,
              -6.759930996999978
            ],
            [
              108.44615788800006,
              -6.75979325799995
            ],
            [
              108.44624137100003,
              -6.759722084999924
            ],
            [
              108.44687635900009,
              -6.759323285999967
            ],
            [
              108.44708180200011,
              -6.759027163999979
            ],
            [
              108.44707397200008,
              -6.758922399000015
            ],
            [
              108.44698960400004,
              -6.758776500999934
            ],
            [
              108.44693193300006,
              -6.758628854999886
            ],
            [
              108.44693846000007,
              -6.758530717999937
            ],
            [
              108.446957088,
              -6.758250750999954
            ],
            [
              108.44696836900006,
              -6.757853268999929
            ],
            [
              108.44693342100001,
              -6.757561588999954
            ],
            [
              108.44686408800004,
              -6.757024664999937
            ],
            [
              108.44686664800008,
              -6.756624652999969
            ],
            [
              108.4468809530001,
              -6.755857535999914
            ],
            [
              108.446882853,
              -6.755755550999913
            ],
            [
              108.44683204400006,
              -6.755326945999977
            ],
            [
              108.44676725100003,
              -6.755096263999986
            ]
          ]
        ]
      }
    },
    {
      "type": "Feature",
      "id": 12,
      "properties": {
        "id": 12,
        "nama_sungai": "Sungai Cisanggarung",
        "orde_sungai": 3,
        "status": "Aliran Permanen",
        "foto_gallery": [
          {
            "url": "/images/foto_kawasan-znt-sumber.jpg",
            "caption": "Sistem drainase hidrologi Sungai Cisanggarung melintasi kawasan Sumber."
          }
        ]
      },
      "geometry": {
        "type": "MultiLineString",
        "coordinates": [
          [
            [
              108.46263881200007,
              -6.787125182999924
            ],
            [
              108.4626552280001,
              -6.787111884999979
            ],
            [
              108.46305876700009,
              -6.786744350999944
            ],
            [
              108.46348408400011,
              -6.786515083999982
            ],
            [
              108.46389051700008,
              -6.786299039999959
            ],
            [
              108.46393820600011,
              -6.786268317999903
            ],
            [
              108.46427935600009,
              -6.785927531999951
            ],
            [
              108.4643577360001,
              -6.785793835999902
            ],
            [
              108.46441513400005,
              -6.785483656999906
            ],
            [
              108.46441146000011,
              -6.785173465999909
            ],
            [
              108.46421573000008,
              -6.784665627
            ],
            [
              108.46410688400003,
              -6.784234064999987
            ],
            [
              108.46411131100005,
              -6.783491793999945
            ],
            [
              108.4641420600001,
              -6.783346660999927
            ],
            [
              108.4641571700001,
              -6.783275353999977
            ],
            [
              108.46424326800005,
              -6.783073076999939
            ],
            [
              108.46430660700004,
              -6.782983703999916
            ],
            [
              108.4643685460001,
              -6.782766126999944
            ],
            [
              108.46436881200013,
              -6.782765191999955
            ],
            [
              108.46446413000011,
              -6.782430372999963
            ],
            [
              108.46446647000003,
              -6.782421989999891
            ],
            [
              108.46476607900004,
              -6.7818638979999
            ],
            [
              108.46496843600009,
              -6.78164391
            ],
            [
              108.46512934200008,
              -6.781484318999935
            ],
            [
              108.46518454500003,
              -6.781344509999913
            ],
            [
              108.46518568400003,
              -6.781335921999913
            ],
            [
              108.46520556400009,
              -6.781185652
            ],
            [
              108.46522839800011,
              -6.780361543999939
            ],
            [
              108.46533969800008,
              -6.779967851999961
            ],
            [
              108.46534983400002,
              -6.7798103829999
            ],
            [
              108.46536121900009,
              -6.779645518999937
            ],
            [
              108.46544223600003,
              -6.779455054999987
            ],
            [
              108.46548239000008,
              -6.779378337999946
            ],
            [
              108.46551135000007,
              -6.779151415999911
            ],
            [
              108.465545976,
              -6.778880031999927
            ],
            [
              108.46557106200004,
              -6.77850340399994
            ],
            [
              108.46553705500007,
              -6.77824136799993
            ],
            [
              108.46545984700008,
              -6.778052561999941
            ],
            [
              108.46531891800005,
              -6.77783261499995
            ],
            [
              108.46529280700011,
              -6.777678797999924
            ],
            [
              108.4654225210001,
              -6.77737019799997
            ],
            [
              108.46544535400002,
              -6.777320782999967
            ],
            [
              108.46557213100003,
              -6.777046455999917
            ],
            [
              108.46560006300004,
              -6.776689109999927
            ],
            [
              108.46571629200007,
              -6.77586378899994
            ],
            [
              108.46580725300004,
              -6.775550431999948
            ],
            [
              108.46592240900006,
              -6.775281709999918
            ],
            [
              108.46594746300009,
              -6.775076962999941
            ],
            [
              108.4657585950001,
              -6.774714372999961
            ],
            [
              108.46562278500005,
              -6.77431074099996
            ],
            [
              108.46560677200006,
              -6.774160473999961
            ],
            [
              108.46566253800006,
              -6.773915959999981
            ],
            [
              108.4659465400001,
              -6.773614354999983
            ],
            [
              108.46618710100003,
              -6.773501305999956
            ],
            [
              108.4664906580001,
              -6.773357215999935
            ],
            [
              108.46664424800011,
              -6.773202257
            ],
            [
              108.46670795300004,
              -6.773109982999907
            ]
          ]
        ]
      }
    },
    {
      "type": "Feature",
      "id": 13,
      "properties": {
        "id": 13,
        "nama_sungai": "Saluran Irigasi Sumber",
        "orde_sungai": 1,
        "status": "Aliran Permanen",
        "foto_gallery": [
          {
            "url": "/images/foto_kawasan-znt-sumber.jpg",
            "caption": "Sistem drainase hidrologi Saluran Irigasi Sumber melintasi kawasan Sumber."
          }
        ]
      },
      "geometry": {
        "type": "MultiLineString",
        "coordinates": [
          [
            [
              108.46387438900007,
              -6.765941919999944
            ],
            [
              108.46478846600003,
              -6.765513768999957
            ],
            [
              108.4653334990001,
              -6.76514333899995
            ],
            [
              108.4655588990001,
              -6.764949659
            ],
            [
              108.46558151600001,
              -6.764917196999891
            ],
            [
              108.46568109400008,
              -6.764774292999968
            ],
            [
              108.46572341900011,
              -6.76458943699995
            ],
            [
              108.46567627700004,
              -6.764266049999927
            ],
            [
              108.46554204700003,
              -6.763845436999942
            ],
            [
              108.46553784000004,
              -6.763832265999918
            ],
            [
              108.46551938800012,
              -6.763504672
            ],
            [
              108.46569919300006,
              -6.762997445999945
            ],
            [
              108.465816487,
              -6.762641820999919
            ],
            [
              108.46602371700001,
              -6.762230686999919
            ],
            [
              108.46613741300008,
              -6.761970296999957
            ],
            [
              108.4661493290001,
              -6.761873108
            ],
            [
              108.46596243300009,
              -6.761571287999983
            ],
            [
              108.46592774800006,
              -6.761523588999944
            ],
            [
              108.46604373700006,
              -6.761412987999941
            ],
            [
              108.4660730470001,
              -6.761385039999938
            ],
            [
              108.46627268000009,
              -6.76119468
            ],
            [
              108.4664982100001,
              -6.761044956999955
            ],
            [
              108.46686402000007,
              -6.76095984999993
            ],
            [
              108.46715560300005,
              -6.760950233999933
            ],
            [
              108.46732425200005,
              -6.760989005999944
            ],
            [
              108.46756841600009,
              -6.761078517999978
            ],
            [
              108.46757357400008,
              -6.761080408999957
            ],
            [
              108.4677005810001,
              -6.761126967999902
            ],
            [
              108.46786789500001,
              -6.761148046999958
            ],
            [
              108.468022332,
              -6.761112320999933
            ],
            [
              108.468188749,
              -6.761001674999926
            ],
            [
              108.4684658530001,
              -6.760317447999979
            ],
            [
              108.46850794800012,
              -6.760197379
            ]
          ]
        ]
      }
    },
    {
      "type": "Feature",
      "id": 14,
      "properties": {
        "id": 14,
        "nama_sungai": "Sungai Cikunten",
        "orde_sungai": 2,
        "status": "Aliran Permanen",
        "foto_gallery": [
          {
            "url": "/images/foto_kawasan-znt-sumber.jpg",
            "caption": "Sistem drainase hidrologi Sungai Cikunten melintasi kawasan Sumber."
          }
        ]
      },
      "geometry": {
        "type": "MultiLineString",
        "coordinates": [
          [
            [
              108.46231778300006,
              -6.778698111999974
            ],
            [
              108.46220575300003,
              -6.778484822999912
            ],
            [
              108.46209880300006,
              -6.778078061
            ],
            [
              108.46209695900009,
              -6.778071037999959
            ],
            [
              108.46209332200006,
              -6.777606761
            ],
            [
              108.46193289300001,
              -6.776988082999972
            ],
            [
              108.46179387400007,
              -6.776764692999963
            ],
            [
              108.46170043100005,
              -6.776561929999973
            ],
            [
              108.46168510200003,
              -6.776142986999949
            ],
            [
              108.46169947500006,
              -6.775963823999957
            ],
            [
              108.46165001200006,
              -6.775808338999971
            ],
            [
              108.46148459200005,
              -6.775538802999963
            ],
            [
              108.4614110380001,
              -6.775267052999949
            ],
            [
              108.46143271700002,
              -6.775070169999912
            ],
            [
              108.46175556100009,
              -6.77445052999998
            ],
            [
              108.46201027200003,
              -6.773853542999968
            ],
            [
              108.46185142400012,
              -6.772671366999942
            ],
            [
              108.461835062,
              -6.772396139
            ],
            [
              108.46203937400013,
              -6.771986413000024
            ],
            [
              108.46209429700005,
              -6.771861911999936
            ],
            [
              108.46207869800008,
              -6.77167410599994
            ],
            [
              108.46201349600003,
              -6.771521946999963
            ],
            [
              108.46171749300005,
              -6.771414608999963
            ],
            [
              108.4613961790001,
              -6.771315416999927
            ],
            [
              108.46119980600011,
              -6.771180356999944
            ],
            [
              108.45999869500012,
              -6.770548332999963
            ],
            [
              108.45992769600011,
              -6.770512290999912
            ]
          ]
        ]
      }
    },
    {
      "type": "Feature",
      "id": 15,
      "properties": {
        "id": 15,
        "nama_sungai": "Sungai Cimanis Hulu",
        "orde_sungai": 3,
        "status": "Aliran Permanen",
        "foto_gallery": [
          {
            "url": "/images/foto_kawasan-znt-sumber.jpg",
            "caption": "Sistem drainase hidrologi Sungai Cimanis Hulu melintasi kawasan Sumber."
          }
        ]
      },
      "geometry": {
        "type": "MultiLineString",
        "coordinates": [
          [
            [
              108.44992753800003,
              -6.778534258
            ],
            [
              108.450041092,
              -6.778310476999964
            ],
            [
              108.45034876700007,
              -6.777827685999986
            ],
            [
              108.45051512500007,
              -6.777566658999971
            ],
            [
              108.45068645500002,
              -6.777274705999973
            ],
            [
              108.4507903690001,
              -6.777094306999969
            ],
            [
              108.45112777100003,
              -6.776669391999983
            ],
            [
              108.45191768500011,
              -6.776004724999966
            ],
            [
              108.45229905400005,
              -6.775771991999894
            ],
            [
              108.45233923500008,
              -6.775752320999954
            ],
            [
              108.45337366300005,
              -6.775471780999924
            ],
            [
              108.45340881300004,
              -6.775463225999927
            ],
            [
              108.453528771,
              -6.775415812999912
            ],
            [
              108.45372543500012,
              -6.775209112999951
            ],
            [
              108.4538839990001,
              -6.77502176
            ],
            [
              108.4546645380001,
              -6.774612739
            ]
          ]
        ]
      }
    },
    {
      "type": "Feature",
      "id": 16,
      "properties": {
        "id": 16,
        "nama_sungai": "Sungai Cipager",
        "orde_sungai": 1,
        "status": "Aliran Permanen",
        "foto_gallery": [
          {
            "url": "/images/foto_kawasan-znt-sumber.jpg",
            "caption": "Sistem drainase hidrologi Sungai Cipager melintasi kawasan Sumber."
          }
        ]
      },
      "geometry": {
        "type": "MultiLineString",
        "coordinates": [
          [
            [
              108.47504122500006,
              -6.771025084999975
            ],
            [
              108.47491050000006,
              -6.771024016999975
            ],
            [
              108.4749322540001,
              -6.770889859999977
            ],
            [
              108.47512518900007,
              -6.770630168999984
            ],
            [
              108.47532049100006,
              -6.770455901999954
            ],
            [
              108.47556791000002,
              -6.770186777999891
            ],
            [
              108.47562398500013,
              -6.770053893
            ],
            [
              108.47566797300004,
              -6.769726170999972
            ],
            [
              108.47568272100001,
              -6.769612573999988
            ],
            [
              108.47549464700009,
              -6.768521769999973
            ],
            [
              108.47544829100006,
              -6.768228515999956
            ],
            [
              108.47537052800003,
              -6.767799683
            ],
            [
              108.47522002,
              -6.767475440999908
            ],
            [
              108.47494388600008,
              -6.766994108999961
            ],
            [
              108.47474008100009,
              -6.766426934999929
            ],
            [
              108.47469791600007,
              -6.766242369999935
            ],
            [
              108.47486048900002,
              -6.765570529999946
            ],
            [
              108.47510923300008,
              -6.76507868399993
            ],
            [
              108.47516219400002,
              -6.764922058999938
            ],
            [
              108.47516719800008,
              -6.764740350999913
            ],
            [
              108.47491126500005,
              -6.764221645999983
            ],
            [
              108.47471715500006,
              -6.763871366999956
            ],
            [
              108.47457562500007,
              -6.763536833999988
            ],
            [
              108.47459703100007,
              -6.762281055
            ],
            [
              108.4746682480001,
              -6.761940848999918
            ],
            [
              108.47468913200005,
              -6.761892190999978
            ],
            [
              108.47472738500002,
              -6.761803044999974
            ],
            [
              108.47488215700012,
              -6.761666469999954
            ],
            [
              108.47529499100008,
              -6.761521880999981
            ]
          ]
        ]
      }
    },
    {
      "type": "Feature",
      "id": 17,
      "properties": {
        "id": 17,
        "nama_sungai": "Sungai Cisanggarung",
        "orde_sungai": 2,
        "status": "Aliran Permanen",
        "foto_gallery": [
          {
            "url": "/images/foto_kawasan-znt-sumber.jpg",
            "caption": "Sistem drainase hidrologi Sungai Cisanggarung melintasi kawasan Sumber."
          }
        ]
      },
      "geometry": {
        "type": "MultiLineString",
        "coordinates": [
          [
            [
              108.45398669500007,
              -6.78537267399996
            ],
            [
              108.45391959000001,
              -6.784236186999985
            ],
            [
              108.45383592200002,
              -6.783765328999928
            ],
            [
              108.45371562900002,
              -6.783291196999956
            ],
            [
              108.45372622900001,
              -6.783047805999979
            ],
            [
              108.453756222,
              -6.782855928999913
            ],
            [
              108.45374358000002,
              -6.78278421499993
            ],
            [
              108.45368603900006,
              -6.782458271999962
            ],
            [
              108.45362516000009,
              -6.782297748
            ],
            [
              108.45352139400002,
              -6.782184832999986
            ],
            [
              108.45337471900005,
              -6.782116852999957
            ],
            [
              108.45311927300006,
              -6.782177760999934
            ],
            [
              108.45290160700007,
              -6.782270198999944
            ],
            [
              108.45189053200009,
              -6.782114291000012
            ],
            [
              108.45143312500008,
              -6.781982157
            ],
            [
              108.45128867100003,
              -6.781944118999965
            ],
            [
              108.45106809800008,
              -6.781970406999919
            ],
            [
              108.450687283,
              -6.782075966999949
            ],
            [
              108.450389891,
              -6.782070887999973
            ],
            [
              108.45036237500004,
              -6.782052975999912
            ],
            [
              108.45013856600008,
              -6.781907266999935
            ],
            [
              108.4498039150001,
              -6.781687843999988
            ],
            [
              108.4490835510001,
              -6.781568505999973
            ],
            [
              108.44900781000004,
              -6.78156273999994
            ]
          ]
        ]
      }
    },
    {
      "type": "Feature",
      "id": 18,
      "properties": {
        "id": 18,
        "nama_sungai": "Saluran Irigasi Sumber",
        "orde_sungai": 3,
        "status": "Aliran Permanen",
        "foto_gallery": [
          {
            "url": "/images/foto_kawasan-znt-sumber.jpg",
            "caption": "Sistem drainase hidrologi Saluran Irigasi Sumber melintasi kawasan Sumber."
          }
        ]
      },
      "geometry": {
        "type": "MultiLineString",
        "coordinates": [
          [
            [
              108.46010972200007,
              -6.785178513999972
            ],
            [
              108.46007343000008,
              -6.784858174999934
            ],
            [
              108.45999646400011,
              -6.784478736999981
            ],
            [
              108.45992041400004,
              -6.784264252999909
            ],
            [
              108.45981659700006,
              -6.784079681
            ],
            [
              108.45954597300005,
              -6.783853919999975
            ],
            [
              108.45917978800013,
              -6.783682731999933
            ],
            [
              108.45794817200002,
              -6.783727753999928
            ],
            [
              108.45758353000004,
              -6.783771155999966
            ],
            [
              108.45757674500001,
              -6.783771960999944
            ],
            [
              108.45738802800011,
              -6.783769417
            ],
            [
              108.45609477600004,
              -6.783500117999923
            ],
            [
              108.45573931000004,
              -6.783466314999968
            ],
            [
              108.45535813500003,
              -6.78355578199991
            ],
            [
              108.45505247400006,
              -6.783534296
            ],
            [
              108.45482676000003,
              -6.783464915999941
            ],
            [
              108.45462645200006,
              -6.783268134
            ],
            [
              108.45445578600007,
              -6.783072086999946
            ],
            [
              108.45424327300006,
              -6.782959559999961
            ],
            [
              108.4538808450001,
              -6.782872660999965
            ],
            [
              108.453756222,
              -6.782855928999913
            ]
          ]
        ]
      }
    },
    {
      "type": "Feature",
      "id": 19,
      "properties": {
        "id": 19,
        "nama_sungai": "Sungai Cikunten",
        "orde_sungai": 1,
        "status": "Aliran Permanen",
        "foto_gallery": [
          {
            "url": "/images/foto_kawasan-znt-sumber.jpg",
            "caption": "Sistem drainase hidrologi Sungai Cikunten melintasi kawasan Sumber."
          }
        ]
      },
      "geometry": {
        "type": "MultiLineString",
        "coordinates": [
          [
            [
              108.43967943606789,
              -6.78206279665549
            ],
            [
              108.43988876000013,
              -6.780892304999979
            ],
            [
              108.4399077370001,
              -6.780563540999955
            ],
            [
              108.43990060000004,
              -6.780309141999956
            ],
            [
              108.4399786590001,
              -6.780124083
            ],
            [
              108.440161071,
              -6.779927943999946
            ],
            [
              108.44058902700007,
              -6.77979739899998
            ],
            [
              108.44063631200008,
              -6.779785095999939
            ]
          ]
        ]
      }
    },
    {
      "type": "Feature",
      "id": 20,
      "properties": {
        "id": 20,
        "nama_sungai": "Sungai Cimanis Hulu",
        "orde_sungai": 2,
        "status": "Aliran Permanen",
        "foto_gallery": [
          {
            "url": "/images/foto_kawasan-znt-sumber.jpg",
            "caption": "Sistem drainase hidrologi Sungai Cimanis Hulu melintasi kawasan Sumber."
          }
        ]
      },
      "geometry": {
        "type": "MultiLineString",
        "coordinates": [
          [
            [
              108.50465782600006,
              -6.769447062999971
            ],
            [
              108.50478737600011,
              -6.769321761
            ],
            [
              108.50515242200004,
              -6.768893117999967
            ],
            [
              108.50581214900008,
              -6.76780263899998
            ],
            [
              108.50595181500009,
              -6.767571783999886
            ],
            [
              108.50612546700007,
              -6.76718933299995
            ],
            [
              108.50675827600011,
              -6.766112486999935
            ],
            [
              108.50700078600002,
              -6.765743330999944
            ],
            [
              108.507309778,
              -6.765095178999962
            ],
            [
              108.50762066900006,
              -6.763875411999935
            ],
            [
              108.50796055700003,
              -6.763259508999957
            ],
            [
              108.50839431400004,
              -6.7623563
            ],
            [
              108.50843144700009,
              -6.762237834999977
            ],
            [
              108.5085368790001,
              -6.761901485999948
            ],
            [
              108.50879383200005,
              -6.760565476999984
            ],
            [
              108.50887446800006,
              -6.76020008999995
            ],
            [
              108.50969259600008,
              -6.758114907999905
            ],
            [
              108.50992357900009,
              -6.757461578999939
            ],
            [
              108.5100878910001,
              -6.757088258999959
            ],
            [
              108.51034850200008,
              -6.756273659999971
            ],
            [
              108.51044070500006,
              -6.755990030999952
            ],
            [
              108.51050045600005,
              -6.75580621199993
            ],
            [
              108.510603997,
              -6.755665598999931
            ],
            [
              108.51076165700007,
              -6.755542389999951
            ],
            [
              108.5108714340001,
              -6.755361446999901
            ],
            [
              108.510841428,
              -6.75522345099994
            ],
            [
              108.51076994200004,
              -6.754894754999922
            ],
            [
              108.51084731500005,
              -6.754487776
            ],
            [
              108.51101344500003,
              -6.754014651000022
            ],
            [
              108.51138225800008,
              -6.753030910999984
            ],
            [
              108.51142678700003,
              -6.752786243999902
            ],
            [
              108.51139403800008,
              -6.752590572999965
            ],
            [
              108.51142808500005,
              -6.75241732199993
            ],
            [
              108.51152449300012,
              -6.751899573999902
            ],
            [
              108.5118697920001,
              -6.750607660999945
            ],
            [
              108.51189418500007,
              -6.750516396999943
            ],
            [
              108.51201610900003,
              -6.750045495999972
            ],
            [
              108.51202482900004,
              -6.750000360999968
            ],
            [
              108.51202482900004,
              -6.750000360999968
            ],
            [
              108.51202489900005,
              -6.75
            ],
            [
              108.51211651300008,
              -6.749525697999951
            ],
            [
              108.5122808980001,
              -6.748874755
            ],
            [
              108.51254380100009,
              -6.74783367799993
            ],
            [
              108.51262263600003,
              -6.747539649999938
            ],
            [
              108.51269594200006,
              -6.747266225999963
            ],
            [
              108.51291057900006,
              -6.746741497999979
            ],
            [
              108.51296823300004,
              -6.746655996999921
            ]
          ]
        ]
      }
    },
    {
      "type": "Feature",
      "id": 21,
      "properties": {
        "id": 21,
        "nama_sungai": "Sungai Cipager",
        "orde_sungai": 3,
        "status": "Aliran Permanen",
        "foto_gallery": [
          {
            "url": "/images/foto_kawasan-znt-sumber.jpg",
            "caption": "Sistem drainase hidrologi Sungai Cipager melintasi kawasan Sumber."
          }
        ]
      },
      "geometry": {
        "type": "MultiLineString",
        "coordinates": [
          [
            [
              108.46766725100011,
              -6.749416155999947
            ],
            [
              108.46762797500006,
              -6.749523107999915
            ],
            [
              108.46744845600003,
              -6.749967122999971
            ],
            [
              108.46742108700008,
              -6.75
            ],
            [
              108.46742083600006,
              -6.750000301999963
            ],
            [
              108.46742083600006,
              -6.750000301999963
            ],
            [
              108.46741851400013,
              -6.750003090999927
            ],
            [
              108.467320467,
              -6.750120862
            ],
            [
              108.46712675100005,
              -6.750247390999979
            ],
            [
              108.46678538700006,
              -6.750365298999965
            ],
            [
              108.4664316060001,
              -6.750430209999918
            ],
            [
              108.46558631800005,
              -6.750607546999936
            ],
            [
              108.46530564000001,
              -6.750795149999915
            ],
            [
              108.46444823500003,
              -6.751460882999931
            ],
            [
              108.46441916900002,
              -6.751619184999972
            ],
            [
              108.46432265000004,
              -6.752008563999949
            ],
            [
              108.46418889200007,
              -6.752167485999953
            ],
            [
              108.46398152900005,
              -6.752331231
            ],
            [
              108.46353259600004,
              -6.752612964999953
            ],
            [
              108.4633701690001,
              -6.752742664999937
            ],
            [
              108.46310886700006,
              -6.752983315999954
            ],
            [
              108.46293513800008,
              -6.753179146
            ],
            [
              108.46263666300007,
              -6.753511349999945
            ],
            [
              108.4625704190001,
              -6.75355386
            ],
            [
              108.4625693520001,
              -6.753554544999966
            ],
            [
              108.46239876300011,
              -6.753664034999966
            ],
            [
              108.46208530200002,
              -6.753752829999941
            ],
            [
              108.4615646940001,
              -6.753857904999931
            ],
            [
              108.46129962100011,
              -6.754010113999913
            ],
            [
              108.46121402700004,
              -6.754145236999902
            ]
          ]
        ]
      }
    },
    {
      "type": "Feature",
      "id": 22,
      "properties": {
        "id": 22,
        "nama_sungai": "Sungai Cisanggarung",
        "orde_sungai": 1,
        "status": "Aliran Permanen",
        "foto_gallery": [
          {
            "url": "/images/foto_kawasan-znt-sumber.jpg",
            "caption": "Sistem drainase hidrologi Sungai Cisanggarung melintasi kawasan Sumber."
          }
        ]
      },
      "geometry": {
        "type": "MultiLineString",
        "coordinates": [
          [
            [
              108.50397417200007,
              -6.758859176999936
            ],
            [
              108.50405451200005,
              -6.758689428000013
            ],
            [
              108.50420092000009,
              -6.758548160999959
            ],
            [
              108.5044168300001,
              -6.758435972
            ],
            [
              108.504621753,
              -6.758294237
            ],
            [
              108.5047195050001,
              -6.758126311999961
            ],
            [
              108.5047227840001,
              -6.757952362999957
            ],
            [
              108.50465973800003,
              -6.757616733999987
            ],
            [
              108.5044436460001,
              -6.757426196999942
            ],
            [
              108.50435402200006,
              -6.757294104999938
            ],
            [
              108.50435270500012,
              -6.757292162999954
            ],
            [
              108.50434383000001,
              -6.757279093999939
            ],
            [
              108.50434053300009,
              -6.757118251999954
            ],
            [
              108.50440525500002,
              -6.756942150999949
            ],
            [
              108.50455118700002,
              -6.756802137
            ],
            [
              108.50484981700004,
              -6.756595005999914
            ],
            [
              108.50501894200009,
              -6.756468278999909
            ],
            [
              108.50526212800006,
              -6.756204206999909
            ],
            [
              108.50529027100006,
              -6.756160319999919
            ],
            [
              108.5054646610001,
              -6.755888329999975
            ],
            [
              108.50614647400003,
              -6.754456965999937
            ],
            [
              108.50649023100006,
              -6.754126970999989
            ],
            [
              108.50694819800012,
              -6.753544577999941
            ],
            [
              108.50705970700001,
              -6.753202087999936
            ],
            [
              108.50708578200003,
              -6.752884058999912
            ],
            [
              108.50705580400005,
              -6.752613733000016
            ],
            [
              108.5069222330001,
              -6.752194143999938
            ],
            [
              108.50682906300003,
              -6.751745055
            ],
            [
              108.50686308000009,
              -6.751272576999982
            ],
            [
              108.50695074100005,
              -6.751093736000017
            ],
            [
              108.50707791900001,
              -6.750987289999914
            ],
            [
              108.507317131,
              -6.75089826399992
            ],
            [
              108.50763737200002,
              -6.750744281999969
            ],
            [
              108.50797288700008,
              -6.750483389999966
            ],
            [
              108.50804977900005,
              -6.750334724999922
            ],
            [
              108.50805817000011,
              -6.750184281
            ],
            [
              108.50799406400004,
              -6.75000027099996
            ],
            [
              108.50799397000013,
              -6.75
            ],
            [
              108.507915257,
              -6.749773989999978
            ],
            [
              108.50783202800005,
              -6.749616985999955
            ],
            [
              108.50774624900006,
              -6.749436959999981
            ],
            [
              108.50768562200003,
              -6.749235624999931
            ],
            [
              108.50759593800007,
              -6.748642157999944
            ],
            [
              108.50756898000004,
              -6.748235478999957
            ],
            [
              108.50766166600008,
              -6.747544361999973
            ],
            [
              108.50777490900003,
              -6.747229642999956
            ],
            [
              108.50787310300008,
              -6.746956736999936
            ],
            [
              108.50798374200008,
              -6.746670391999958
            ],
            [
              108.50802966600007,
              -6.746437562999967
            ],
            [
              108.50802305200006,
              -6.746177009
            ],
            [
              108.50800814500006,
              -6.746086609999972
            ],
            [
              108.50798486500008,
              -6.74594535899992
            ],
            [
              108.50792906600009,
              -6.745613155999967
            ],
            [
              108.50794059400006,
              -6.745446640999957
            ],
            [
              108.50839967700004,
              -6.744999045999959
            ],
            [
              108.50851648900002,
              -6.744875527999953
            ],
            [
              108.50858027500006,
              -6.744672875999973
            ],
            [
              108.50845363400006,
              -6.744273259999948
            ],
            [
              108.50841110400009,
              -6.744114828999985
            ],
            [
              108.50843108800007,
              -6.744052019999939
            ],
            [
              108.50884978500007,
              -6.743963455999983
            ],
            [
              108.50891789100011,
              -6.743884796999959
            ],
            [
              108.50891976600008,
              -6.743710920999961
            ],
            [
              108.50882025300011,
              -6.743463873999948
            ],
            [
              108.50846925200003,
              -6.743069529
            ],
            [
              108.50835941800008,
              -6.742908810999941
            ],
            [
              108.50833458200007,
              -6.742755205999932
            ],
            [
              108.50837762500008,
              -6.74264343100001
            ],
            [
              108.50852265100009,
              -6.742537906999894
            ],
            [
              108.50910063200004,
              -6.742482898999961
            ],
            [
              108.50921115600003,
              -6.742457317999976
            ],
            [
              108.50925862500006,
              -6.742247423999929
            ],
            [
              108.50931216800004,
              -6.742147369999911
            ],
            [
              108.50954448400007,
              -6.741932970999935
            ],
            [
              108.50967935900005,
              -6.741686967
            ],
            [
              108.5097615430001,
              -6.741427479999944
            ],
            [
              108.50974800300004,
              -6.741065766999947
            ],
            [
              108.50970201200006,
              -6.740883821
            ],
            [
              108.50954960400006,
              -6.740684447999927
            ],
            [
              108.5094267200001,
              -6.740636459999953
            ],
            [
              108.50894902000002,
              -6.740449908999972
            ]
          ]
        ]
      }
    },
    {
      "type": "Feature",
      "id": 23,
      "properties": {
        "id": 23,
        "nama_sungai": "Saluran Irigasi Sumber",
        "orde_sungai": 2,
        "status": "Aliran Permanen",
        "foto_gallery": [
          {
            "url": "/images/foto_kawasan-znt-sumber.jpg",
            "caption": "Sistem drainase hidrologi Saluran Irigasi Sumber melintasi kawasan Sumber."
          }
        ]
      },
      "geometry": {
        "type": "MultiLineString",
        "coordinates": [
          [
            [
              108.48218433697627,
              -6.795447215118193
            ],
            [
              108.48235787700006,
              -6.795192958999989
            ],
            [
              108.48245913500008,
              -6.794959404999938
            ],
            [
              108.48251863600002,
              -6.794403428999944
            ],
            [
              108.48241843900009,
              -6.794066685999971
            ],
            [
              108.4821427690001,
              -6.793581918
            ],
            [
              108.48199930000004,
              -6.793297240999989
            ],
            [
              108.48193594800004,
              -6.793102442999947
            ],
            [
              108.48194438800003,
              -6.792980064999947
            ],
            [
              108.48227300200004,
              -6.792528452999973
            ],
            [
              108.48227437700007,
              -6.792526562
            ],
            [
              108.482431289,
              -6.792385795999982
            ],
            [
              108.48302994800005,
              -6.792433163999904
            ],
            [
              108.48320953900009,
              -6.79244281
            ],
            [
              108.48369052900009,
              -6.792122488999956
            ],
            [
              108.48406729100009,
              -6.791807365
            ],
            [
              108.48428413700009,
              -6.791567487999954
            ],
            [
              108.48451151400008,
              -6.791188722999967
            ],
            [
              108.48455231500007,
              -6.791053480999969
            ],
            [
              108.48415044400004,
              -6.790314935999968
            ],
            [
              108.48408969500008,
              -6.790163711999979
            ],
            [
              108.4840963880001,
              -6.790022309999914
            ],
            [
              108.48418170500005,
              -6.789891157999898
            ],
            [
              108.48437693200013,
              -6.789813092999923
            ],
            [
              108.48463012600003,
              -6.789812545999967
            ],
            [
              108.48513074200007,
              -6.789904688999952
            ],
            [
              108.48514001800002,
              -6.789906399999916
            ],
            [
              108.48541505200005,
              -6.789932842999972
            ],
            [
              108.48560640100007,
              -6.789915453999955
            ],
            [
              108.48575181200002,
              -6.789791887999945
            ],
            [
              108.48585905500002,
              -6.789604835000011
            ],
            [
              108.48601157400012,
              -6.789125606999972
            ],
            [
              108.48628485400008,
              -6.788284772999946
            ],
            [
              108.48647553900004,
              -6.787452826999944
            ],
            [
              108.48649409800007,
              -6.787381969999943
            ],
            [
              108.48671215000007,
              -6.786994278999929
            ],
            [
              108.48680705000002,
              -6.786892646999958
            ],
            [
              108.48728181800006,
              -6.78679249600002
            ],
            [
              108.48751062400007,
              -6.78676123699992
            ],
            [
              108.48793582400008,
              -6.786074275000013
            ],
            [
              108.48801302800007,
              -6.785857963999968
            ],
            [
              108.48800869000006,
              -6.785052108999905
            ],
            [
              108.48806943400002,
              -6.784719688999933
            ],
            [
              108.4882581830001,
              -6.784373398999969
            ],
            [
              108.48842685400011,
              -6.784162694999944
            ],
            [
              108.4885480230001,
              -6.784056570999956
            ],
            [
              108.4889097480001,
              -6.783982121999925
            ],
            [
              108.48950061300005,
              -6.784052764
            ],
            [
              108.48976181100008,
              -6.784098390999953
            ],
            [
              108.48998802700005,
              -6.784059028999893
            ],
            [
              108.49020994700003,
              -6.78394474099994
            ],
            [
              108.49030329100012,
              -6.783862168999947
            ],
            [
              108.49033642500011,
              -6.783173072999952
            ],
            [
              108.49033200600009,
              -6.782751953999925
            ],
            [
              108.4904642590001,
              -6.782224882000014
            ],
            [
              108.49048718300006,
              -6.782101799999955
            ],
            [
              108.49042258300004,
              -6.781922097999919
            ],
            [
              108.49000380900011,
              -6.781490257999982
            ],
            [
              108.48943217700007,
              -6.780906611
            ],
            [
              108.48919177100008,
              -6.780687154999969
            ],
            [
              108.48890353100003,
              -6.780596246
            ],
            [
              108.48842520600006,
              -6.780834512
            ],
            [
              108.48824324500002,
              -6.780933795999948
            ],
            [
              108.48810330600007,
              -6.780928642999966
            ],
            [
              108.48799280600008,
              -6.780867609999978
            ],
            [
              108.48782962300008,
              -6.780213268999928
            ],
            [
              108.48781318300006,
              -6.780032514999982
            ],
            [
              108.48788161200012,
              -6.779882944999953
            ],
            [
              108.48850162700008,
              -6.779534946999936
            ],
            [
              108.4886875160001,
              -6.779427747999948
            ],
            [
              108.48893950900008,
              -6.779078792999941
            ],
            [
              108.48902532700006,
              -6.778928544999944
            ],
            [
              108.4890848410001,
              -6.778866420999956
            ]
          ],
          [
            [
              108.48090368707815,
              -6.796221715979771
            ],
            [
              108.48115278300008,
              -6.796104419999908
            ],
            [
              108.48165820600006,
              -6.795914758999936
            ],
            [
              108.48186355600009,
              -6.795797941999952
            ],
            [
              108.4819833774612,
              -6.79568026260821
            ]
          ],
          [
            [
              108.48002549280191,
              -6.797551029518837
            ],
            [
              108.48017544300004,
              -6.797176176999946
            ],
            [
              108.48031338200009,
              -6.79676426999997
            ],
            [
              108.48036215953596,
              -6.796664153621494
            ]
          ]
        ]
      }
    },
    {
      "type": "Feature",
      "id": 24,
      "properties": {
        "id": 24,
        "nama_sungai": "Sungai Cikunten",
        "orde_sungai": 3,
        "status": "Aliran Permanen",
        "foto_gallery": [
          {
            "url": "/images/foto_kawasan-znt-sumber.jpg",
            "caption": "Sistem drainase hidrologi Sungai Cikunten melintasi kawasan Sumber."
          }
        ]
      },
      "geometry": {
        "type": "MultiLineString",
        "coordinates": [
          [
            [
              108.44403080735759,
              -6.78140296284692
            ],
            [
              108.44386698200013,
              -6.781220295999939
            ],
            [
              108.4437871680001,
              -6.78108530099996
            ],
            [
              108.44376908600012,
              -6.780720173999947
            ],
            [
              108.44377074800008,
              -6.780322617
            ],
            [
              108.44361927100006,
              -6.779867986999959
            ],
            [
              108.44341405500005,
              -6.779238572999928
            ],
            [
              108.44329535200008,
              -6.778758043999959
            ],
            [
              108.44320912700006,
              -6.778364198999968
            ],
            [
              108.44320263300006,
              -6.778051032999903
            ],
            [
              108.4432569310001,
              -6.777632668999926
            ],
            [
              108.44332513000006,
              -6.777372963999932
            ],
            [
              108.44329054000004,
              -6.777081285999957
            ],
            [
              108.44321599400008,
              -6.776888554
            ],
            [
              108.442970239,
              -6.776674250999941
            ],
            [
              108.44272963600008,
              -6.776494616
            ],
            [
              108.44254825200008,
              -6.776323029000013
            ],
            [
              108.44221505400004,
              -6.776196604999944
            ]
          ]
        ]
      }
    },
    {
      "type": "Feature",
      "id": 25,
      "properties": {
        "id": 25,
        "nama_sungai": "Sungai Cimanis Hulu",
        "orde_sungai": 1,
        "status": "Aliran Permanen",
        "foto_gallery": [
          {
            "url": "/images/foto_kawasan-znt-sumber.jpg",
            "caption": "Sistem drainase hidrologi Sungai Cimanis Hulu melintasi kawasan Sumber."
          }
        ]
      },
      "geometry": {
        "type": "MultiLineString",
        "coordinates": [
          [
            [
              108.467682245,
              -6.766646342999964
            ],
            [
              108.46772341400005,
              -6.766669348999914
            ],
            [
              108.4680793470001,
              -6.766884449999948
            ],
            [
              108.46835453400004,
              -6.767126142999961
            ],
            [
              108.46860253900005,
              -6.76744209
            ],
            [
              108.46875768500009,
              -6.767621061999966
            ],
            [
              108.46894904600002,
              -6.767722499999921
            ],
            [
              108.46913745700007,
              -6.767762026
            ],
            [
              108.46962286700008,
              -6.767853373
            ],
            [
              108.4699526140001,
              -6.768009032999915
            ],
            [
              108.47012941100007,
              -6.768152129999942
            ],
            [
              108.47019786100006,
              -6.768287025999912
            ],
            [
              108.47020555600007,
              -6.76850539199995
            ],
            [
              108.47021960600007,
              -6.768864558
            ],
            [
              108.47035126100005,
              -6.768999240999955
            ],
            [
              108.47064887300007,
              -6.769325911999983
            ],
            [
              108.47101540400011,
              -6.769912694999951
            ],
            [
              108.47126680700003,
              -6.770126934
            ],
            [
              108.471799897,
              -6.770429163999962
            ],
            [
              108.4720523280001,
              -6.770675219999893
            ],
            [
              108.47217901500002,
              -6.770878750999946
            ],
            [
              108.47224834100007,
              -6.771179109999929
            ],
            [
              108.47227532500008,
              -6.771328981999984
            ]
          ]
        ]
      }
    },
    {
      "type": "Feature",
      "id": 26,
      "properties": {
        "id": 26,
        "nama_sungai": "Sungai Cipager",
        "orde_sungai": 2,
        "status": "Aliran Permanen",
        "foto_gallery": [
          {
            "url": "/images/foto_kawasan-znt-sumber.jpg",
            "caption": "Sistem drainase hidrologi Sungai Cipager melintasi kawasan Sumber."
          }
        ]
      },
      "geometry": {
        "type": "MultiLineString",
        "coordinates": [
          [
            [
              108.49028785300008,
              -6.775360595999961
            ],
            [
              108.49028725300012,
              -6.775315874999903
            ],
            [
              108.49024159100007,
              -6.775145452999924
            ],
            [
              108.49013199700006,
              -6.775012331999923
            ],
            [
              108.48997091900006,
              -6.774902958999933
            ],
            [
              108.48972108400008,
              -6.774793712999953
            ],
            [
              108.48955756000005,
              -6.774613598999972
            ],
            [
              108.48945488200009,
              -6.774389651
            ],
            [
              108.48943376700002,
              -6.774116218999941
            ],
            [
              108.48960252000005,
              -6.773633319999954
            ],
            [
              108.48977552100006,
              -6.773162896999933
            ],
            [
              108.48983491500009,
              -6.772826482999987
            ],
            [
              108.48978828000004,
              -6.771807564999969
            ],
            [
              108.48965006400007,
              -6.77066732299995
            ],
            [
              108.48956411800006,
              -6.770269280999967
            ],
            [
              108.48930618400004,
              -6.769688107999931
            ],
            [
              108.48915371500003,
              -6.769396518999963
            ],
            [
              108.48895460700008,
              -6.768956056999935
            ],
            [
              108.48880937500006,
              -6.768417310999945
            ],
            [
              108.48862176900008,
              -6.768011314999926
            ],
            [
              108.48851835100004,
              -6.767783855999935
            ],
            [
              108.48846097000009,
              -6.767528357999934
            ],
            [
              108.48849416800009,
              -6.767017807999968
            ],
            [
              108.4885297690001,
              -6.766797918999982
            ],
            [
              108.48860894700007,
              -6.766507905999967
            ],
            [
              108.48860031800008,
              -6.766153661999967
            ],
            [
              108.48851987600008,
              -6.765817204000017
            ],
            [
              108.48836081700007,
              -6.765585318999927
            ],
            [
              108.48819787100008,
              -6.765332428999963
            ],
            [
              108.48814866500001,
              -6.76440826599997
            ],
            [
              108.48799605000008,
              -6.763519267999955
            ],
            [
              108.48799498600009,
              -6.763516840999932
            ],
            [
              108.48779940600006,
              -6.763069212999932
            ],
            [
              108.48773452800003,
              -6.762782712999941
            ],
            [
              108.48776658400001,
              -6.762517256
            ],
            [
              108.48811890100004,
              -6.76170399799995
            ],
            [
              108.48812814500009,
              -6.761684699999952
            ],
            [
              108.48841128700006,
              -6.761093646999898
            ],
            [
              108.4885620030001,
              -6.760717685999966
            ],
            [
              108.4886552980001,
              -6.760305738999898
            ],
            [
              108.48866371500009,
              -6.760023981999945
            ],
            [
              108.48854270800011,
              -6.759405289
            ],
            [
              108.4884051400001,
              -6.758870468999893
            ],
            [
              108.4884041670001,
              -6.758747408000014
            ],
            [
              108.4884041130001,
              -6.758740627999986
            ],
            [
              108.48839840100007,
              -6.758018535999925
            ],
            [
              108.48836815300005,
              -6.757720646999969
            ],
            [
              108.48815220800013,
              -6.757070871999941
            ],
            [
              108.4880885310001,
              -6.756798395999956
            ],
            [
              108.48810011500008,
              -6.756507094000012
            ],
            [
              108.48821556200004,
              -6.756080375999966
            ],
            [
              108.48822136100007,
              -6.756072561999941
            ],
            [
              108.48868064800006,
              -6.75545352699997
            ],
            [
              108.48897644300011,
              -6.754880073999951
            ],
            [
              108.48912412100007,
              -6.754648985999927
            ],
            [
              108.48936564500008,
              -6.754455499
            ],
            [
              108.49049714800007,
              -6.754069037
            ],
            [
              108.49072461700007,
              -6.753959191999963
            ],
            [
              108.49082893200008,
              -6.753858264999961
            ],
            [
              108.4910426380001,
              -6.753364857
            ],
            [
              108.49104549200007,
              -6.753349357999953
            ],
            [
              108.49113261500008,
              -6.752876260999889
            ],
            [
              108.49118479000005,
              -6.752474267999935
            ],
            [
              108.49124208200007,
              -6.752110809999971
            ],
            [
              108.49138927100009,
              -6.751737384999982
            ],
            [
              108.49178110900009,
              -6.751202009999917
            ],
            [
              108.49237084800004,
              -6.750076170999934
            ],
            [
              108.49242030800004,
              -6.750000909999924
            ],
            [
              108.49242073500008,
              -6.750000259999959
            ],
            [
              108.49242073500008,
              -6.750000259999959
            ],
            [
              108.49242090600009,
              -6.75
            ],
            [
              108.49262057900009,
              -6.749696151999933
            ],
            [
              108.4928192030001,
              -6.749476294999949
            ],
            [
              108.49322186700002,
              -6.74903058099993
            ],
            [
              108.49344681900007,
              -6.748667857999939
            ],
            [
              108.493712181,
              -6.748204987999921
            ],
            [
              108.493914176,
              -6.747995424
            ],
            [
              108.49427961500005,
              -6.747705198999958
            ],
            [
              108.49463537700008,
              -6.747448714999964
            ],
            [
              108.49488638600008,
              -6.747180150999947
            ],
            [
              108.49499538200003,
              -6.746961485999973
            ],
            [
              108.495378283,
              -6.745471950999919
            ],
            [
              108.49545115800008,
              -6.745027132999974
            ],
            [
              108.49546241100003,
              -6.744848093
            ],
            [
              108.49542077400005,
              -6.744643421000022
            ],
            [
              108.49545373300003,
              -6.744341363999988
            ],
            [
              108.49550102300012,
              -6.743913856999965
            ],
            [
              108.49565480700005,
              -6.743182510999938
            ],
            [
              108.49577362500011,
              -6.742939900999938
            ],
            [
              108.49578324400002,
              -6.742721619999907
            ],
            [
              108.49582894100007,
              -6.742528513
            ],
            [
              108.49605212900006,
              -6.7422438529999
            ],
            [
              108.4960717760001,
              -6.742227776999902
            ],
            [
              108.49626891700007,
              -6.742066454999966
            ],
            [
              108.49663920400006,
              -6.741932871999927
            ],
            [
              108.49685786000003,
              -6.741902289999972
            ],
            [
              108.4971367140001,
              -6.741956635999939
            ],
            [
              108.497426508,
              -6.74205135499996
            ],
            [
              108.497650751,
              -6.742124642999984
            ],
            [
              108.49789055800004,
              -6.742175760999951
            ],
            [
              108.49801074800003,
              -6.742171072
            ],
            [
              108.49810558800006,
              -6.742113581999957
            ],
            [
              108.49815781900013,
              -6.742022894999915
            ],
            [
              108.49818359900003,
              -6.741500254999925
            ],
            [
              108.49819365000006,
              -6.741120049
            ],
            [
              108.49814401100005,
              -6.740881715999906
            ],
            [
              108.49806989600005,
              -6.74062663799994
            ],
            [
              108.49803319700003,
              -6.740333070999986
            ],
            [
              108.49814447300008,
              -6.73990177
            ],
            [
              108.49831631300009,
              -6.739547597999922
            ],
            [
              108.49838901200006,
              -6.739446143999965
            ],
            [
              108.49846914100003,
              -6.739334334999951
            ],
            [
              108.49862140900011,
              -6.739214353999971
            ],
            [
              108.4989283400001,
              -6.739092707999943
            ],
            [
              108.49950450700008,
              -6.73901455699996
            ],
            [
              108.49961712200007,
              -6.738983049999929
            ],
            [
              108.49962836800003,
              -6.738877303999972
            ],
            [
              108.49961390000007,
              -6.738683986999964
            ],
            [
              108.49946862700004,
              -6.738292961999941
            ],
            [
              108.49943527900004,
              -6.738049082999924
            ],
            [
              108.4994736120001,
              -6.737771814999986
            ],
            [
              108.49959244500008,
              -6.737522017999924
            ],
            [
              108.49974007200004,
              -6.737287958
            ],
            [
              108.49975936300002,
              -6.737161087
            ],
            [
              108.49984909300008,
              -6.736570855999917
            ],
            [
              108.49988078100004,
              -6.736362411999989
            ],
            [
              108.499929809,
              -6.73604611900002
            ],
            [
              108.5,
              -6.735902076999915
            ],
            [
              108.5000005890001,
              -6.735900867999904
            ],
            [
              108.5000005890001,
              -6.735900867999904
            ],
            [
              108.50002708500007,
              -6.735846487999934
            ],
            [
              108.5004041980001,
              -6.73563747099996
            ],
            [
              108.50052395400006,
              -6.735565511999956
            ],
            [
              108.50065364900004,
              -6.735353230999978
            ],
            [
              108.50078864100001,
              -6.73470143099996
            ],
            [
              108.5008851690001,
              -6.733789520999915
            ],
            [
              108.50091240200004,
              -6.733506158999917
            ],
            [
              108.5010826330001,
              -6.732951222999921
            ],
            [
              108.50126337600004,
              -6.73256967499997
            ],
            [
              108.50135557100003,
              -6.732429818999945
            ],
            [
              108.501422,
              -6.732329044999956
            ],
            [
              108.50151154900006,
              -6.73223617199991
            ],
            [
              108.50174234300006,
              -6.731996824
            ],
            [
              108.50210904200011,
              -6.731617354999957
            ],
            [
              108.50215164800008,
              -6.731575185999931
            ],
            [
              108.50216194500004,
              -6.731566409
            ],
            [
              108.5025211050001,
              -6.730976359999945
            ],
            [
              108.5026842520001,
              -6.730669316999942
            ],
            [
              108.50275153800007,
              -6.730497872999967
            ],
            [
              108.50277573300012,
              -6.730472464999908
            ],
            [
              108.50290631600008,
              -6.730335344999931
            ],
            [
              108.50323687600007,
              -6.729988251999901
            ],
            [
              108.50366951200009,
              -6.729669001999953
            ],
            [
              108.503675947,
              -6.729665762999952
            ],
            [
              108.50399973600005,
              -6.729502559999949
            ],
            [
              108.50461410000008,
              -6.729166965999982
            ],
            [
              108.50481582800008,
              -6.729026457
            ],
            [
              108.50495550300008,
              -6.728836600999914
            ],
            [
              108.50491141400008,
              -6.727799194999966
            ],
            [
              108.50491095400012,
              -6.727752828999948
            ],
            [
              108.50490883900004,
              -6.727538689
            ],
            [
              108.50499190400008,
              -6.727281277000012
            ],
            [
              108.50521392800006,
              -6.726926117999936
            ],
            [
              108.50547360700006,
              -6.726724510999952
            ],
            [
              108.5061289240001,
              -6.726430522999964
            ],
            [
              108.50628609800005,
              -6.726361400000018
            ],
            [
              108.50646237800007,
              -6.726174306
            ],
            [
              108.50653533100005,
              -6.725837988999965
            ],
            [
              108.50659125900006,
              -6.725580138999947
            ],
            [
              108.50680491900007,
              -6.724927116999917
            ],
            [
              108.50708169800005,
              -6.72436252499992
            ],
            [
              108.50710120200007,
              -6.724322732
            ],
            [
              108.50718881800013,
              -6.724090900999917
            ],
            [
              108.50716567700007,
              -6.723939817999939
            ],
            [
              108.50710328800007,
              -6.723532432999983
            ],
            [
              108.50707265800011,
              -6.723332408999953
            ],
            [
              108.50713894900008,
              -6.722556038999931
            ],
            [
              108.50715801300007,
              -6.722260151999963
            ],
            [
              108.5071670060001,
              -6.722120501999955
            ],
            [
              108.50708679600004,
              -6.721933527999939
            ],
            [
              108.50696817900008,
              -6.721657048999889
            ],
            [
              108.50684821000002,
              -6.721415474999974
            ],
            [
              108.50679325400009,
              -6.721185158000013
            ],
            [
              108.506817029,
              -6.721016780999937
            ],
            [
              108.5069394060001,
              -6.720849745999972
            ],
            [
              108.50741451600005,
              -6.720511716999981
            ],
            [
              108.50749207000008,
              -6.720440903999895
            ],
            [
              108.50756319400001,
              -6.72037595999994
            ],
            [
              108.50765977400002,
              -6.720179953999976
            ],
            [
              108.50765561000011,
              -6.719898977999909
            ],
            [
              108.5074729720001,
              -6.719309883999928
            ],
            [
              108.50729242000008,
              -6.718865114999987
            ],
            [
              108.50723949600005,
              -6.718727435999964
            ],
            [
              108.50727483900005,
              -6.718582606999972
            ],
            [
              108.50737784500005,
              -6.718486300999908
            ],
            [
              108.50808566900008,
              -6.718285100999958
            ],
            [
              108.50820444100005,
              -6.718223950999962
            ],
            [
              108.50834508000005,
              -6.718106363999913
            ],
            [
              108.50860368200004,
              -6.717852337999945
            ],
            [
              108.508781458,
              -6.717565752999947
            ],
            [
              108.50886147900006,
              -6.717333637999927
            ],
            [
              108.50914034100003,
              -6.716524808999973
            ],
            [
              108.50927819800008,
              -6.716189930999976
            ],
            [
              108.50930108100002,
              -6.716134339
            ],
            [
              108.50941065200001,
              -6.71597159399994
            ],
            [
              108.50953864200004,
              -6.715859426999986
            ],
            [
              108.50979614300012,
              -6.715823122
            ],
            [
              108.51015602700005,
              -6.715835696999976
            ],
            [
              108.51063151900004,
              -6.715744519999893
            ],
            [
              108.51147633100005,
              -6.715582528
            ],
            [
              108.51212032200004,
              -6.715459036999986
            ],
            [
              108.51235632600012,
              -6.715397793999982
            ],
            [
              108.5124517250001,
              -6.715342741999956
            ],
            [
              108.51261640300005,
              -6.715247715
            ],
            [
              108.51291078900007,
              -6.714985145999945
            ],
            [
              108.51303167600004,
              -6.714802889999964
            ],
            [
              108.51351260200005,
              -6.714077802999922
            ],
            [
              108.51395724600006,
              -6.713367208999925
            ],
            [
              108.51421171800007,
              -6.712960526999938
            ],
            [
              108.51442075500005,
              -6.712626449999918
            ],
            [
              108.5148379770001,
              -6.712023083
            ],
            [
              108.5155741940001,
              -6.711335609999962
            ],
            [
              108.51607642800008,
              -6.710918803999936
            ],
            [
              108.51635442600008,
              -6.710722818999974
            ],
            [
              108.51655624100007,
              -6.710502253999932
            ],
            [
              108.51662813400007,
              -6.710329779999961
            ],
            [
              108.51665611600008,
              -6.710036529999945
            ],
            [
              108.5164438230001,
              -6.709445893999925
            ],
            [
              108.51639193500007,
              -6.709268978999942
            ],
            [
              108.51636711500007,
              -6.709184359999957
            ],
            [
              108.51637155200007,
              -6.708765716999958
            ],
            [
              108.51641115600006,
              -6.708475019999975
            ],
            [
              108.51656538100012,
              -6.708119333999944
            ],
            [
              108.51669737800003,
              -6.707827621999966
            ],
            [
              108.51675231700004,
              -6.707644957999952
            ],
            [
              108.51675358600006,
              -6.707640739999958
            ],
            [
              108.51682683200008,
              -6.707397221999971
            ],
            [
              108.51684458400004,
              -6.706396659999962
            ],
            [
              108.51690944600008,
              -6.705804012999954
            ],
            [
              108.51713960700003,
              -6.703582322999983
            ],
            [
              108.51723514400003,
              -6.702776259
            ],
            [
              108.5173550820001,
              -6.702330498999968
            ],
            [
              108.51759729900006,
              -6.701952961
            ],
            [
              108.51773450700004,
              -6.701802660999904
            ],
            [
              108.51808875700004,
              -6.701658727999897
            ],
            [
              108.51823824000007,
              -6.70159603899995
            ],
            [
              108.51843043600007,
              -6.701353062999919
            ],
            [
              108.51907433400005,
              -6.700624005999904
            ],
            [
              108.5193539130001,
              -6.70033353499994
            ],
            [
              108.51956208100009,
              -6.700035173999945
            ],
            [
              108.51961484900002,
              -6.699884278999983
            ],
            [
              108.51961532700005,
              -6.699882912999959
            ],
            [
              108.51968358900011,
              -6.69968767999997
            ],
            [
              108.51964295000003,
              -6.698318621999936
            ],
            [
              108.51961984500008,
              -6.697867727999933
            ],
            [
              108.5196330270001,
              -6.6975452909999
            ],
            [
              108.51968832400006,
              -6.697401995999945
            ],
            [
              108.5198401700001,
              -6.697250873999964
            ],
            [
              108.52012275500003,
              -6.697114447999956
            ],
            [
              108.520314726,
              -6.697024650999898
            ],
            [
              108.520548638,
              -6.696793948999906
            ],
            [
              108.52066094500006,
              -6.696629946999925
            ],
            [
              108.52089288000006,
              -6.69629127899997
            ],
            [
              108.52098672700002,
              -6.696154233999911
            ],
            [
              108.5211282440001,
              -6.695823116999959
            ],
            [
              108.5211465350001,
              -6.695586156999981
            ],
            [
              108.52119580800009,
              -6.695253489
            ],
            [
              108.52138678700008,
              -6.694785210999969
            ],
            [
              108.52152302000007,
              -6.694524714999909
            ],
            [
              108.52196006500009,
              -6.694090890999986
            ],
            [
              108.52230306300004,
              -6.693801802999959
            ],
            [
              108.52245890200005,
              -6.693668548999947
            ],
            [
              108.52253707900005,
              -6.693512454
            ],
            [
              108.52255619500002,
              -6.69320127999992
            ],
            [
              108.52253057400013,
              -6.692931046999943
            ],
            [
              108.52258059300009,
              -6.692737085999971
            ],
            [
              108.52265129700008,
              -6.692607089999962
            ],
            [
              108.52279802000005,
              -6.692476437999987
            ],
            [
              108.52299153100007,
              -6.692407
            ],
            [
              108.523328871,
              -6.692418388999981
            ],
            [
              108.52356741200002,
              -6.692484581999951
            ],
            [
              108.52391345500006,
              -6.692636451999904
            ],
            [
              108.52406088,
              -6.692674900999977
            ],
            [
              108.52417349700008,
              -6.69265167199992
            ],
            [
              108.52426268200009,
              -6.692536934000019
            ],
            [
              108.52425220300002,
              -6.692334769
            ],
            [
              108.52360771900007,
              -6.691466205999978
            ],
            [
              108.52356354500006,
              -6.691366910999934
            ],
            [
              108.52367536500007,
              -6.691193215999951
            ],
            [
              108.52389866500008,
              -6.691002739999911
            ],
            [
              108.52415309700008,
              -6.690844765999985
            ],
            [
              108.52438653000003,
              -6.690742322999947
            ],
            [
              108.52446511500005,
              -6.690677176999975
            ],
            [
              108.5245076130001,
              -6.69048115299992
            ],
            [
              108.52446842100005,
              -6.690153606
            ],
            [
              108.52444575600005,
              -6.689980100999941
            ],
            [
              108.52478174400005,
              -6.689100507
            ],
            [
              108.52482226900011,
              -6.688994399
            ],
            [
              108.52495609400009,
              -6.688780478999982
            ],
            [
              108.52508025400006,
              -6.688667434999955
            ],
            [
              108.52517975700003,
              -6.68857685300001
            ],
            [
              108.52563029,
              -6.688480535999945
            ],
            [
              108.52579558700009,
              -6.688445197999952
            ],
            [
              108.52649587900004,
              -6.688314219999951
            ],
            [
              108.52668768800001,
              -6.688286290999949
            ],
            [
              108.52696990500009,
              -6.688245206000014
            ],
            [
              108.52722483500013,
              -6.688212369999961
            ],
            [
              108.52734411200005,
              -6.688144200999917
            ],
            [
              108.52737026600008,
              -6.688125796
            ],
            [
              108.52757514300006,
              -6.687981614999964
            ],
            [
              108.52771847900003,
              -6.687873221999967
            ],
            [
              108.52790325300003,
              -6.687428476999939
            ],
            [
              108.52835877400007,
              -6.686739109999921
            ],
            [
              108.52858002600009,
              -6.686387076999926
            ],
            [
              108.52886698800002,
              -6.685930498999896
            ],
            [
              108.52906956000008,
              -6.685379493999958
            ],
            [
              108.5292114960001,
              -6.684993404999988
            ],
            [
              108.52929145800006,
              -6.684787155999976
            ],
            [
              108.52947488500004,
              -6.684561254999936
            ],
            [
              108.5296278530001,
              -6.684408333999984
            ],
            [
              108.52975731900005,
              -6.684175987999945
            ],
            [
              108.52984067000003,
              -6.683913947999935
            ],
            [
              108.53008997800005,
              -6.683601558999934
            ],
            [
              108.53029843600007,
              -6.683362912
            ],
            [
              108.53035377800002,
              -6.683247341999936
            ],
            [
              108.53066509200002,
              -6.682597274999972
            ],
            [
              108.53138352300004,
              -6.681366686999938
            ],
            [
              108.53142670500007,
              -6.681292729999948
            ],
            [
              108.53150514400008,
              -6.680994810999989
            ],
            [
              108.53151461800006,
              -6.680958814999942
            ],
            [
              108.53161844400003,
              -6.680564445
            ],
            [
              108.53169954400009,
              -6.680276824
            ],
            [
              108.53183950500004,
              -6.680023994999955
            ]
          ]
        ]
      }
    },
    {
      "type": "Feature",
      "id": 27,
      "properties": {
        "id": 27,
        "nama_sungai": "Sungai Cisanggarung",
        "orde_sungai": 3,
        "status": "Aliran Permanen",
        "foto_gallery": [
          {
            "url": "/images/foto_kawasan-znt-sumber.jpg",
            "caption": "Sistem drainase hidrologi Sungai Cisanggarung melintasi kawasan Sumber."
          }
        ]
      },
      "geometry": {
        "type": "MultiLineString",
        "coordinates": [
          [
            [
              108.46032007200006,
              -6.779305354999947
            ],
            [
              108.46027997100003,
              -6.779123277999892
            ],
            [
              108.46026487000003,
              -6.779091052999979
            ],
            [
              108.46011624800008,
              -6.778773244999973
            ],
            [
              108.45996366600006,
              -6.778398480999963
            ],
            [
              108.45985638400006,
              -6.778134985999921
            ],
            [
              108.45982364200002,
              -6.777545517
            ],
            [
              108.45973773600011,
              -6.777303796999982
            ],
            [
              108.45957620300007,
              -6.776886121999974
            ],
            [
              108.45952708800009,
              -6.776695574000017
            ],
            [
              108.45938498800005,
              -6.776485986999907
            ],
            [
              108.45937825000003,
              -6.776476046999973
            ],
            [
              108.45919497800006,
              -6.776190555999976
            ],
            [
              108.45909649100008,
              -6.775892927999953
            ],
            [
              108.4589400820001,
              -6.775225388999965
            ],
            [
              108.4588658980001,
              -6.774975858999925
            ],
            [
              108.45871979100008,
              -6.774623505
            ],
            [
              108.45874671600009,
              -6.774298681999939
            ],
            [
              108.45874699600003,
              -6.774295303000015
            ],
            [
              108.45871943900005,
              -6.774126169999965
            ],
            [
              108.45853190400008,
              -6.77361394599995
            ],
            [
              108.45821105000009,
              -6.773045362999978
            ],
            [
              108.45770079200005,
              -6.772815366999955
            ],
            [
              108.45764717700007,
              -6.772665771999923
            ],
            [
              108.45766001300007,
              -6.772510794999979
            ],
            [
              108.45767827900006,
              -6.772416964999943
            ]
          ]
        ]
      }
    },
    {
      "type": "Feature",
      "id": 28,
      "properties": {
        "id": 28,
        "nama_sungai": "Saluran Irigasi Sumber",
        "orde_sungai": 1,
        "status": "Aliran Permanen",
        "foto_gallery": [
          {
            "url": "/images/foto_kawasan-znt-sumber.jpg",
            "caption": "Sistem drainase hidrologi Saluran Irigasi Sumber melintasi kawasan Sumber."
          }
        ]
      },
      "geometry": {
        "type": "MultiLineString",
        "coordinates": [
          [
            [
              108.43382856800008,
              -6.779971877999939
            ],
            [
              108.43404852800008,
              -6.779280306
            ],
            [
              108.43441584500009,
              -6.778346963999963
            ],
            [
              108.4345372560001,
              -6.778141439999922
            ],
            [
              108.43455259000004,
              -6.778115475999906
            ],
            [
              108.43484795300004,
              -6.777614173
            ],
            [
              108.43501071900002,
              -6.777390811999988
            ],
            [
              108.43513628400011,
              -6.777286706999989
            ],
            [
              108.43516059700008,
              -6.777274165999929
            ],
            [
              108.43602977700004,
              -6.777498559999932
            ],
            [
              108.43638497000003,
              -6.777563190999951
            ],
            [
              108.43677549100002,
              -6.777566870999989
            ],
            [
              108.43694223800004,
              -6.777568446999942
            ],
            [
              108.43739846600005,
              -6.777543329
            ],
            [
              108.43775630100008,
              -6.777646940999952
            ],
            [
              108.43823765500012,
              -6.777809701999919
            ],
            [
              108.43843941800012,
              -6.777847231999916
            ],
            [
              108.43858583100005,
              -6.777826956999926
            ],
            [
              108.43876911000004,
              -6.777709500999977
            ],
            [
              108.439513602,
              -6.777120931999951
            ],
            [
              108.43982912200008,
              -6.77690539599997
            ],
            [
              108.44016927900007,
              -6.776698013999953
            ],
            [
              108.44048098500011,
              -6.776441111999924
            ],
            [
              108.44061541300003,
              -6.776185407999906
            ],
            [
              108.44073910800006,
              -6.775978014999977
            ],
            [
              108.44102366200006,
              -6.775772841999965
            ],
            [
              108.44124822200008,
              -6.775682342999938
            ],
            [
              108.44131808200008,
              -6.775664746
            ]
          ]
        ]
      }
    },
    {
      "type": "Feature",
      "id": 29,
      "properties": {
        "id": 29,
        "nama_sungai": "Sungai Cikunten",
        "orde_sungai": 2,
        "status": "Aliran Permanen",
        "foto_gallery": [
          {
            "url": "/images/foto_kawasan-znt-sumber.jpg",
            "caption": "Sistem drainase hidrologi Sungai Cikunten melintasi kawasan Sumber."
          }
        ]
      },
      "geometry": {
        "type": "MultiLineString",
        "coordinates": [
          [
            [
              108.47358765300004,
              -6.749204146
            ],
            [
              108.47376037100013,
              -6.749106460999903
            ],
            [
              108.47383582600006,
              -6.749063788999925
            ],
            [
              108.47385517800006,
              -6.74905407399992
            ],
            [
              108.47408820200006,
              -6.748482722999897
            ],
            [
              108.47421655500003,
              -6.748331549999913
            ],
            [
              108.47446398300008,
              -6.748130981000015
            ],
            [
              108.47471490500006,
              -6.747927581999972
            ],
            [
              108.47538660000002,
              -6.747590854999912
            ],
            [
              108.47544456800003,
              -6.74756102399993
            ],
            [
              108.47619697600003,
              -6.747080755999983
            ],
            [
              108.47684031500005,
              -6.746709762999929
            ],
            [
              108.47760444100004,
              -6.746221806999968
            ],
            [
              108.47772378000005,
              -6.746145596999968
            ],
            [
              108.47840013000005,
              -6.745773297999984
            ],
            [
              108.47847446400007,
              -6.745732380999884
            ],
            [
              108.47890781600005,
              -6.745569741999928
            ],
            [
              108.4793174090001,
              -6.745416017
            ],
            [
              108.47942113800006,
              -6.745377772999943
            ],
            [
              108.47954913100008,
              -6.745330589999947
            ],
            [
              108.47960032000006,
              -6.745300587999951
            ],
            [
              108.47964347600008,
              -6.74530449
            ],
            [
              108.47982713400009,
              -6.745272596999945
            ],
            [
              108.48024617700013,
              -6.745121802
            ],
            [
              108.48091544300007,
              -6.744881338
            ],
            [
              108.48183410600005,
              -6.74464588399996
            ],
            [
              108.48221007000008,
              -6.74454952399998
            ],
            [
              108.48224193500005,
              -6.744541355999926
            ],
            [
              108.48236616600012,
              -6.744484065999893
            ],
            [
              108.48261640700012,
              -6.744252407
            ],
            [
              108.48263591200005,
              -6.744237532999923
            ],
            [
              108.48277952400012,
              -6.74412799799992
            ],
            [
              108.48281535600006,
              -6.744100663999967
            ],
            [
              108.48309788600008,
              -6.743983531999957
            ],
            [
              108.4832773480001,
              -6.743913251
            ],
            [
              108.48391621400002,
              -6.743663054
            ],
            [
              108.48440737800007,
              -6.743461853999959
            ],
            [
              108.48485406900008,
              -6.743218941999933
            ],
            [
              108.48512290100004,
              -6.743038944999961
            ],
            [
              108.48570907800004,
              -6.742715142
            ],
            [
              108.48596335300003,
              -6.742582778999965
            ],
            [
              108.48610946700003,
              -6.742506712999978
            ],
            [
              108.48638693800008,
              -6.742370979999938
            ],
            [
              108.48683292500003,
              -6.742168088999938
            ],
            [
              108.48720235300004,
              -6.741938087999914
            ],
            [
              108.48731532100007,
              -6.741861046999935
            ],
            [
              108.48751345000004,
              -6.741725924999946
            ],
            [
              108.48792698400005,
              -6.741527818999986
            ],
            [
              108.48792900500004,
              -6.741526852999906
            ],
            [
              108.48830043100004,
              -6.741328031999975
            ],
            [
              108.48831292700001,
              -6.741320739999905
            ],
            [
              108.4889677180001,
              -6.740938721999916
            ],
            [
              108.4891920220001,
              -6.740790584
            ],
            [
              108.48942218300004,
              -6.740607582999962
            ],
            [
              108.48999009300005,
              -6.74059311599992
            ],
            [
              108.49067568000002,
              -6.740614201999977
            ],
            [
              108.49134580800005,
              -6.740629920999945
            ],
            [
              108.49146498200004,
              -6.74063272099991
            ],
            [
              108.49237879000007,
              -6.740768940999901
            ],
            [
              108.4930080990001,
              -6.740929536999955
            ],
            [
              108.49348027800008,
              -6.741010644
            ],
            [
              108.49357981400006,
              -6.741015891
            ],
            [
              108.49389369300009,
              -6.741032442999943
            ]
          ]
        ]
      }
    },
    {
      "type": "Feature",
      "id": 30,
      "properties": {
        "id": 30,
        "nama_sungai": "Sungai Cimanis Hulu",
        "orde_sungai": 3,
        "status": "Aliran Permanen",
        "foto_gallery": [
          {
            "url": "/images/foto_kawasan-znt-sumber.jpg",
            "caption": "Sistem drainase hidrologi Sungai Cimanis Hulu melintasi kawasan Sumber."
          }
        ]
      },
      "geometry": {
        "type": "MultiLineString",
        "coordinates": [
          [
            [
              108.44236127787634,
              -6.781990038974454
            ],
            [
              108.44232331300013,
              -6.781863498999956
            ],
            [
              108.44184717800007,
              -6.781623588999912
            ],
            [
              108.44167294400005,
              -6.781495172999945
            ],
            [
              108.4414674770001,
              -6.781117634999971
            ],
            [
              108.44127518700009,
              -6.780764900999918
            ],
            [
              108.44116172900003,
              -6.780618622999983
            ],
            [
              108.44116005900007,
              -6.780616471999982
            ],
            [
              108.44084497400011,
              -6.780362138999989
            ],
            [
              108.44072814900004,
              -6.78020446499991
            ],
            [
              108.44063631200008,
              -6.779785095999939
            ],
            [
              108.4407289750001,
              -6.779208820999953
            ],
            [
              108.44085413400006,
              -6.778933284999981
            ],
            [
              108.44110081800005,
              -6.778652823999957
            ],
            [
              108.44124804700006,
              -6.778498475999887
            ],
            [
              108.44138313400005,
              -6.778246725000018
            ],
            [
              108.44141073700011,
              -6.777821407
            ],
            [
              108.44141081600011,
              -6.777820241
            ],
            [
              108.44144207300005,
              -6.777464909
            ],
            [
              108.44152176500006,
              -6.77725617199995
            ],
            [
              108.44211182500004,
              -6.776383917999988
            ],
            [
              108.44221505400004,
              -6.776196604999944
            ],
            [
              108.44222156400005,
              -6.776048988999987
            ],
            [
              108.44200252700006,
              -6.775944114000014
            ],
            [
              108.44157431400006,
              -6.775807021999951
            ],
            [
              108.44131808200008,
              -6.775664746
            ],
            [
              108.44136034800003,
              -6.775512139999977
            ],
            [
              108.441394325,
              -6.775251160999966
            ],
            [
              108.44138988900008,
              -6.775231770999961
            ],
            [
              108.4413214740001,
              -6.774932503999979
            ],
            [
              108.44113231500008,
              -6.774541767999979
            ],
            [
              108.44080470600007,
              -6.773979986999949
            ],
            [
              108.44071375700008,
              -6.773745145999969
            ],
            [
              108.44067644300011,
              -6.773514192999956
            ],
            [
              108.44096124300005,
              -6.772507554999978
            ],
            [
              108.44119483500002,
              -6.771987952999973
            ],
            [
              108.441221608,
              -6.77191706099997
            ],
            [
              108.441113192,
              -6.771615387999967
            ],
            [
              108.44085799300004,
              -6.771222623999977
            ],
            [
              108.44063276300005,
              -6.770927898999927
            ],
            [
              108.44048259200005,
              -6.77079375499993
            ],
            [
              108.43999742900006,
              -6.770853455999985
            ],
            [
              108.43974827300005,
              -6.770871744999988
            ],
            [
              108.43963379600008,
              -6.770853808000014
            ],
            [
              108.43963576500006,
              -6.770496007999986
            ],
            [
              108.43969328100012,
              -6.770077724999927
            ],
            [
              108.43969483300008,
              -6.769692467999937
            ],
            [
              108.43912442800004,
              -6.769395725999987
            ],
            [
              108.43899413100009,
              -6.769379485999975
            ],
            [
              108.43881286300011,
              -6.769253383999933
            ],
            [
              108.43871035100005,
              -6.769109756999951
            ],
            [
              108.43871175100008,
              -6.76875516300001
            ],
            [
              108.43877004800002,
              -6.768523032999989
            ],
            [
              108.43891597800011,
              -6.768273344999935
            ],
            [
              108.43918119000003,
              -6.767903158999948
            ],
            [
              108.43916214800005,
              -6.76776816999997
            ],
            [
              108.43910104900006,
              -6.767676300999918
            ],
            [
              108.43875197900005,
              -6.767469885999981
            ],
            [
              108.43858997100004,
              -6.767357133999978
            ],
            [
              108.43777421900005,
              -6.766551252999912
            ],
            [
              108.43701215200007,
              -6.765798413999972
            ],
            [
              108.43680902800013,
              -6.765550482999975
            ],
            [
              108.43669585,
              -6.76517864699994
            ],
            [
              108.43613275400013,
              -6.76422624899992
            ],
            [
              108.43569567100012,
              -6.763855290999958
            ],
            [
              108.43540765900009,
              -6.763673931999962
            ],
            [
              108.4351748550001,
              -6.763566805999981
            ],
            [
              108.43497278600007,
              -6.763387978999928
            ],
            [
              108.43478796400007,
              -6.763142973999907
            ],
            [
              108.43459205900011,
              -6.762553646999907
            ],
            [
              108.43452025200011,
              -6.762389080999968
            ],
            [
              108.434166776,
              -6.762172565
            ],
            [
              108.43412042500007,
              -6.762140138999976
            ],
            [
              108.43398503000006,
              -6.762045420999955
            ],
            [
              108.43382941500006,
              -6.761787311
            ],
            [
              108.4337526510001,
              -6.76164197699997
            ],
            [
              108.43360246500002,
              -6.761552574999945
            ],
            [
              108.4332770240001,
              -6.761476491999955
            ],
            [
              108.43311239700007,
              -6.761488862
            ],
            [
              108.4327477450001,
              -6.761786510999938
            ],
            [
              108.43242544000007,
              -6.762047926999985
            ],
            [
              108.43240119100003,
              -6.762060496999959
            ],
            [
              108.43227113200001,
              -6.76212788699994
            ],
            [
              108.43211404500006,
              -6.762124807999951
            ],
            [
              108.43188740900005,
              -6.761990087
            ],
            [
              108.43165180100002,
              -6.761720945999931
            ],
            [
              108.43159397800011,
              -6.761637208999931
            ],
            [
              108.4315304850001,
              -6.761358873
            ],
            [
              108.43143770500006,
              -6.761069338999929
            ],
            [
              108.43124974700005,
              -6.760340447999928
            ],
            [
              108.43115865000006,
              -6.759989063999987
            ],
            [
              108.43101153900005,
              -6.759581406999919
            ],
            [
              108.43069709400007,
              -6.759149379999966
            ],
            [
              108.43044663900012,
              -6.75879041199993
            ],
            [
              108.43031062400006,
              -6.758469345000011
            ],
            [
              108.43026404400003,
              -6.758074852999966
            ],
            [
              108.43034084600008,
              -6.757617228999939
            ],
            [
              108.43038215400011,
              -6.757236711999985
            ],
            [
              108.43038437400013,
              -6.756650374999966
            ],
            [
              108.43043823800005,
              -6.756252843999937
            ],
            [
              108.43048659800006,
              -6.755771291999972
            ],
            [
              108.43050920300006,
              -6.755546151
            ],
            [
              108.43051849500003,
              -6.755164705999965
            ],
            [
              108.43034584700004,
              -6.75439379299995
            ],
            [
              108.43028504900008,
              -6.754039866999976
            ],
            [
              108.43034832400008,
              -6.753529022999986
            ],
            [
              108.43045934800003,
              -6.753181198999895
            ],
            [
              108.43045955100004,
              -6.753180562999932
            ],
            [
              108.43050829700007,
              -6.753027844
            ],
            [
              108.43054664100005,
              -6.75293615699996
            ],
            [
              108.430562132,
              -6.752722870999987
            ],
            [
              108.43042628900004,
              -6.752148412999974
            ],
            [
              108.43021568800002,
              -6.751824855999937
            ],
            [
              108.43001180400003,
              -6.751660496999927
            ],
            [
              108.42975160000009,
              -6.751540800999971
            ],
            [
              108.42933118700003,
              -6.751390093999936
            ],
            [
              108.428980886,
              -6.751212698999913
            ],
            [
              108.42870444400003,
              -6.750987390000011
            ],
            [
              108.42855857000005,
              -6.750784051999974
            ],
            [
              108.42827613600004,
              -6.750091202999934
            ],
            [
              108.42824531400007,
              -6.750003924999907
            ],
            [
              108.42824405400005,
              -6.750000355999967
            ],
            [
              108.42824392800013,
              -6.75
            ],
            [
              108.42815170600005,
              -6.749738866
            ],
            [
              108.42811307000005,
              -6.749534756999902
            ],
            [
              108.42810556800005,
              -6.749495144
            ],
            [
              108.42815684000003,
              -6.749090206999979
            ],
            [
              108.428207119,
              -6.748775617999973
            ],
            [
              108.42819591900006,
              -6.748491123999971
            ],
            [
              108.42813560300004,
              -6.748177966999906
            ],
            [
              108.42802481600003,
              -6.747916181999917
            ],
            [
              108.42772493000008,
              -6.747511850999947
            ],
            [
              108.42746510200008,
              -6.747275323999917
            ],
            [
              108.4270241240001,
              -6.747012266999912
            ],
            [
              108.42683558700013,
              -6.746896996999967
            ],
            [
              108.42677419500002,
              -6.74685946699997
            ],
            [
              108.42665190800003,
              -6.746738411
            ],
            [
              108.426573197,
              -6.746139194999971
            ],
            [
              108.42651286000007,
              -6.745881535999969
            ],
            [
              108.42647407100006,
              -6.745800656999938
            ],
            [
              108.42643854400005,
              -6.745726577999937
            ]
          ]
        ]
      }
    },
    {
      "type": "Feature",
      "id": 31,
      "properties": {
        "id": 31,
        "nama_sungai": "Sungai Cipager",
        "orde_sungai": 1,
        "status": "Aliran Permanen",
        "foto_gallery": [
          {
            "url": "/images/foto_kawasan-znt-sumber.jpg",
            "caption": "Sistem drainase hidrologi Sungai Cipager melintasi kawasan Sumber."
          }
        ]
      },
      "geometry": {
        "type": "MultiLineString",
        "coordinates": [
          [
            [
              108.46419408393832,
              -6.796200271954104
            ],
            [
              108.46396182300002,
              -6.796163732999931
            ],
            [
              108.4635999050001,
              -6.796252761999925
            ],
            [
              108.46320726700012,
              -6.796412119999966
            ]
          ]
        ]
      }
    },
    {
      "type": "Feature",
      "id": 32,
      "properties": {
        "id": 32,
        "nama_sungai": "Sungai Cisanggarung",
        "orde_sungai": 2,
        "status": "Aliran Permanen",
        "foto_gallery": [
          {
            "url": "/images/foto_kawasan-znt-sumber.jpg",
            "caption": "Sistem drainase hidrologi Sungai Cisanggarung melintasi kawasan Sumber."
          }
        ]
      },
      "geometry": {
        "type": "MultiLineString",
        "coordinates": [
          [
            [
              108.48946117200008,
              -6.791177626999938
            ],
            [
              108.48942254500007,
              -6.790926941999979
            ],
            [
              108.48932211700011,
              -6.790649330999925
            ],
            [
              108.48913098700011,
              -6.790146647999988
            ],
            [
              108.48910906000008,
              -6.789920342999915
            ],
            [
              108.4891566630001,
              -6.78942517799989
            ],
            [
              108.48924892900001,
              -6.789148058999965
            ],
            [
              108.48941161800006,
              -6.788855163999889
            ],
            [
              108.48954597900007,
              -6.788581614999904
            ],
            [
              108.4898747730001,
              -6.787857973999982
            ],
            [
              108.49031322400005,
              -6.78699535999993
            ],
            [
              108.4904910580001,
              -6.786349480999958
            ],
            [
              108.49051266800004,
              -6.78599491399993
            ],
            [
              108.49045785800011,
              -6.785822581999971
            ],
            [
              108.49024369800007,
              -6.785447435999929
            ],
            [
              108.49022756700006,
              -6.785425047999942
            ],
            [
              108.49008541000003,
              -6.785165421999954
            ],
            [
              108.48996078400002,
              -6.784788841999971
            ],
            [
              108.48998802700005,
              -6.784059028999893
            ]
          ]
        ]
      }
    },
    {
      "type": "Feature",
      "id": 33,
      "properties": {
        "id": 33,
        "nama_sungai": "Saluran Irigasi Sumber",
        "orde_sungai": 3,
        "status": "Aliran Permanen",
        "foto_gallery": [
          {
            "url": "/images/foto_kawasan-znt-sumber.jpg",
            "caption": "Sistem drainase hidrologi Saluran Irigasi Sumber melintasi kawasan Sumber."
          }
        ]
      },
      "geometry": {
        "type": "MultiLineString",
        "coordinates": [
          [
            [
              108.47376037100013,
              -6.749106460999903
            ],
            [
              108.47361118500004,
              -6.748918277999964
            ],
            [
              108.47333137600006,
              -6.748632302000017
            ],
            [
              108.47318819500003,
              -6.748325415999938
            ],
            [
              108.4732039530001,
              -6.748156135999965
            ],
            [
              108.47322828900006,
              -6.748008173999979
            ],
            [
              108.47311964900004,
              -6.747621557999965
            ],
            [
              108.47316920900006,
              -6.747288585999948
            ],
            [
              108.47299427800006,
              -6.746979854999983
            ],
            [
              108.4729163040001,
              -6.746872049999945
            ],
            [
              108.47276562900007,
              -6.746810708999933
            ],
            [
              108.47255750000006,
              -6.746767425
            ],
            [
              108.47244661500004,
              -6.746672526999957
            ],
            [
              108.47225998100005,
              -6.746471370999922
            ],
            [
              108.47217552200009,
              -6.746287246999964
            ],
            [
              108.47225665600004,
              -6.745984668999975
            ],
            [
              108.4722476730001,
              -6.745832477
            ],
            [
              108.47209877300013,
              -6.745620860999983
            ],
            [
              108.47190991800005,
              -6.74545569
            ],
            [
              108.471477781,
              -6.745255195000015
            ],
            [
              108.47125381600003,
              -6.745154187999917
            ],
            [
              108.47121056100009,
              -6.745122251999939
            ],
            [
              108.47119833100005,
              -6.745052201999917
            ],
            [
              108.47113367400003,
              -6.744506105999941
            ],
            [
              108.47111543000004,
              -6.744352012999981
            ],
            [
              108.47110988700011,
              -6.744305214999928
            ],
            [
              108.47119331600008,
              -6.743938447999957
            ],
            [
              108.47135393400005,
              -6.743389568999929
            ],
            [
              108.47129742200008,
              -6.7429297859999
            ],
            [
              108.471228818,
              -6.742474358999965
            ],
            [
              108.47120246100005,
              -6.742145702999951
            ],
            [
              108.47107257000005,
              -6.74160384099997
            ],
            [
              108.47104238000011,
              -6.741139331999905
            ],
            [
              108.47108344400006,
              -6.740648748
            ],
            [
              108.47116471800003,
              -6.740425185999969
            ],
            [
              108.47133048000006,
              -6.740085269999911
            ],
            [
              108.47137984500006,
              -6.740030152999969
            ],
            [
              108.47167520800008,
              -6.739674505999941
            ],
            [
              108.47177177200007,
              -6.739558241999914
            ],
            [
              108.47204419300006,
              -6.739057217000026
            ],
            [
              108.47209662500003,
              -6.738968586999976
            ],
            [
              108.47216023000006,
              -6.738693391999943
            ],
            [
              108.47215812100006,
              -6.738402401999936
            ],
            [
              108.47208481300004,
              -6.738036294999931
            ],
            [
              108.47204008900007,
              -6.737869213999963
            ],
            [
              108.47160915800004,
              -6.736259403
            ],
            [
              108.47162598800008,
              -6.73546250499996
            ],
            [
              108.47171646400002,
              -6.735277063999982
            ],
            [
              108.4717827490001,
              -6.734913658999934
            ]
          ]
        ]
      }
    },
    {
      "type": "Feature",
      "id": 34,
      "properties": {
        "id": 34,
        "nama_sungai": "Sungai Cikunten",
        "orde_sungai": 1,
        "status": "Aliran Permanen",
        "foto_gallery": [
          {
            "url": "/images/foto_kawasan-znt-sumber.jpg",
            "caption": "Sistem drainase hidrologi Sungai Cikunten melintasi kawasan Sumber."
          }
        ]
      },
      "geometry": {
        "type": "MultiLineString",
        "coordinates": [
          [
            [
              108.4546645380001,
              -6.774612739
            ],
            [
              108.4546772990001,
              -6.775151320999965
            ],
            [
              108.45460769100002,
              -6.775450036999901
            ],
            [
              108.45447084300007,
              -6.775871533999959
            ],
            [
              108.45433981300006,
              -6.776275085999954
            ],
            [
              108.45424743600006,
              -6.776794870999973
            ],
            [
              108.45426650000003,
              -6.777191617999938
            ],
            [
              108.45431221500009,
              -6.777435476999953
            ],
            [
              108.45435405600008,
              -6.777619633
            ],
            [
              108.45439278700009,
              -6.777790107999985
            ],
            [
              108.45467288800009,
              -6.777914546999979
            ],
            [
              108.4548512010001,
              -6.778040233999986
            ],
            [
              108.45505969600002,
              -6.778244395999915
            ],
            [
              108.45516364800001,
              -6.778430449999943
            ],
            [
              108.45527672400004,
              -6.778852172999931
            ],
            [
              108.45531249700007,
              -6.779085089000018
            ],
            [
              108.45533814400007,
              -6.77931791699992
            ]
          ]
        ]
      }
    },
    {
      "type": "Feature",
      "id": 35,
      "properties": {
        "id": 35,
        "nama_sungai": "Sungai Cimanis Hulu",
        "orde_sungai": 2,
        "status": "Aliran Permanen",
        "foto_gallery": [
          {
            "url": "/images/foto_kawasan-znt-sumber.jpg",
            "caption": "Sistem drainase hidrologi Sungai Cimanis Hulu melintasi kawasan Sumber."
          }
        ]
      },
      "geometry": {
        "type": "MultiLineString",
        "coordinates": [
          [
            [
              108.48120908100012,
              -6.780410023999954
            ],
            [
              108.48115795000007,
              -6.780104335999974
            ],
            [
              108.48115701900008,
              -6.780102578
            ],
            [
              108.48103535000004,
              -6.779873568999976
            ],
            [
              108.48094316800005,
              -6.779626457999958
            ],
            [
              108.48087096100004,
              -6.779194189999986
            ],
            [
              108.4808727290001,
              -6.779008732
            ],
            [
              108.48087254600007,
              -6.779007347999981
            ],
            [
              108.48081892300009,
              -6.778596830999943
            ],
            [
              108.48071663000006,
              -6.778412965
            ],
            [
              108.48050541700007,
              -6.778112962999964
            ],
            [
              108.48036885400006,
              -6.777860297999931
            ],
            [
              108.4802148830001,
              -6.777606800999918
            ],
            [
              108.47976871800005,
              -6.776950921
            ],
            [
              108.47951207900005,
              -6.776430872999965
            ],
            [
              108.47945615000003,
              -6.775970113999945
            ],
            [
              108.4794095840001,
              -6.775586457
            ],
            [
              108.47930693900012,
              -6.775192105999965
            ],
            [
              108.47919671000007,
              -6.774619903999961
            ],
            [
              108.47928751300012,
              -6.774438034999923
            ],
            [
              108.47941428000003,
              -6.774301441
            ],
            [
              108.47951932200002,
              -6.774143974999928
            ],
            [
              108.47954329000005,
              -6.773990859999961
            ],
            [
              108.47951740600004,
              -6.773592191000015
            ],
            [
              108.47949629000007,
              -6.773145863999945
            ],
            [
              108.47957383300009,
              -6.773010234
            ],
            [
              108.47997847800009,
              -6.77250161699993
            ],
            [
              108.48019190100007,
              -6.772170053999941
            ],
            [
              108.48034703600003,
              -6.771999037999914
            ],
            [
              108.48059620500004,
              -6.771662643999969
            ],
            [
              108.48064249800005,
              -6.771555545999989
            ],
            [
              108.48064430100003,
              -6.771551379999911
            ],
            [
              108.48086651500002,
              -6.771133571999981
            ],
            [
              108.48105443500003,
              -6.77098100899997
            ],
            [
              108.48134828900001,
              -6.770699269999929
            ],
            [
              108.48140337600003,
              -6.770568393999936
            ],
            [
              108.48155412400007,
              -6.770217986999986
            ],
            [
              108.481692734,
              -6.769852686999959
            ],
            [
              108.48160817800002,
              -6.769702207999943
            ],
            [
              108.48138152200009,
              -6.769444477000023
            ],
            [
              108.48121350200005,
              -6.769342692999951
            ],
            [
              108.4810983120001,
              -6.769354974999901
            ],
            [
              108.48075234100008,
              -6.769429059999903
            ],
            [
              108.48061061600008,
              -6.769190430999965
            ],
            [
              108.48043006100006,
              -6.768604931999926
            ],
            [
              108.48020801300007,
              -6.768137156999947
            ],
            [
              108.47991189900009,
              -6.767666639999918
            ],
            [
              108.4796781630001,
              -6.767193471999937
            ],
            [
              108.47951525300005,
              -6.76695711
            ],
            [
              108.47931456100004,
              -6.766613051999963
            ],
            [
              108.47915587500006,
              -6.766540290999982
            ],
            [
              108.47879026000001,
              -6.766337581999908
            ],
            [
              108.47859658900006,
              -6.766150965999921
            ],
            [
              108.47853669700008,
              -6.766066813999975
            ],
            [
              108.47847650500007,
              -6.766021107000013
            ],
            [
              108.4779573230001,
              -6.765660232
            ],
            [
              108.47782640700011,
              -6.765582977999911
            ],
            [
              108.47760368300005,
              -6.76545153799996
            ],
            [
              108.47735797000007,
              -6.765279680999951
            ],
            [
              108.47711168200003,
              -6.76512806499993
            ],
            [
              108.47696021400012,
              -6.764981667999985
            ],
            [
              108.47693999400003,
              -6.764874829999938
            ],
            [
              108.47699169500005,
              -6.76475177299997
            ],
            [
              108.47710144900007,
              -6.764591664999957
            ],
            [
              108.4770630180001,
              -6.764458994999904
            ],
            [
              108.47690304300009,
              -6.76431272499997
            ],
            [
              108.47678265600007,
              -6.76423256999991
            ],
            [
              108.476596069,
              -6.763657145
            ],
            [
              108.47629000700007,
              -6.763444386999977
            ],
            [
              108.47617046800005,
              -6.763350806999961
            ],
            [
              108.4761475000001,
              -6.76328196699995
            ],
            [
              108.4760219450001,
              -6.762905582999982
            ],
            [
              108.47606938500003,
              -6.76225897299995
            ],
            [
              108.47605130600004,
              -6.761992128999987
            ],
            [
              108.47599169800009,
              -6.761827174999928
            ],
            [
              108.47579415800008,
              -6.761743818999959
            ],
            [
              108.475477428,
              -6.761626992999973
            ],
            [
              108.47529499100008,
              -6.761521880999981
            ],
            [
              108.47523494600009,
              -6.761113825999969
            ],
            [
              108.47517330600006,
              -6.760906882999988
            ],
            [
              108.47482538400004,
              -6.760569371999951
            ],
            [
              108.47465914000006,
              -6.760477926999934
            ],
            [
              108.4745157660001,
              -6.760428940999967
            ],
            [
              108.4743634440001,
              -6.760290744
            ],
            [
              108.47428735000003,
              -6.760098980999933
            ],
            [
              108.47426823700005,
              -6.759838051999926
            ],
            [
              108.474243056,
              -6.759577570999957
            ],
            [
              108.47413455600008,
              -6.759468522
            ],
            [
              108.47388730200005,
              -6.759315761999966
            ],
            [
              108.47373888400003,
              -6.759183215999924
            ],
            [
              108.47367985600003,
              -6.758832076
            ],
            [
              108.47371055000008,
              -6.758387989999941
            ],
            [
              108.47371639500004,
              -6.75830342099996
            ],
            [
              108.4736936190001,
              -6.757465106999964
            ],
            [
              108.47366912000003,
              -6.757295997
            ],
            [
              108.47354038800003,
              -6.757070223999976
            ],
            [
              108.47344805700004,
              -6.756990097999919
            ],
            [
              108.47323700700007,
              -6.757061021999926
            ],
            [
              108.47297203800008,
              -6.757314981999977
            ],
            [
              108.47273238000007,
              -6.757494377999899
            ],
            [
              108.47235347200007,
              -6.757671694999916
            ],
            [
              108.47140654300006,
              -6.757830083999965
            ],
            [
              108.47116881,
              -6.757840976999978
            ],
            [
              108.47080741600004,
              -6.757809221999926
            ],
            [
              108.47067199500012,
              -6.757755756999943
            ],
            [
              108.47066443800011,
              -6.757745143999953
            ],
            [
              108.47046626100006,
              -6.757466728999921
            ],
            [
              108.47034620200007,
              -6.757136319999939
            ],
            [
              108.47008133200009,
              -6.756576556999986
            ],
            [
              108.46999865200009,
              -6.756354782999933
            ],
            [
              108.4698579820001,
              -6.755977480999979
            ],
            [
              108.4698537820001,
              -6.755966215999935
            ],
            [
              108.46978970000004,
              -6.755761718999979
            ],
            [
              108.4696304930001,
              -6.755624940999942
            ]
          ]
        ]
      }
    },
    {
      "type": "Feature",
      "id": 36,
      "properties": {
        "id": 36,
        "nama_sungai": "Sungai Cipager",
        "orde_sungai": 3,
        "status": "Aliran Permanen",
        "foto_gallery": [
          {
            "url": "/images/foto_kawasan-znt-sumber.jpg",
            "caption": "Sistem drainase hidrologi Sungai Cipager melintasi kawasan Sumber."
          }
        ]
      },
      "geometry": {
        "type": "MultiLineString",
        "coordinates": [
          [
            [
              108.47112780500008,
              -6.776310196999928
            ],
            [
              108.47108350500005,
              -6.776349992999934
            ],
            [
              108.47076974100013,
              -6.776660239999936
            ],
            [
              108.47053355100012,
              -6.776933402999889
            ],
            [
              108.47054338200005,
              -6.777071274999928
            ],
            [
              108.47059728400006,
              -6.777478791999984
            ],
            [
              108.47062604800004,
              -6.777696227999945
            ],
            [
              108.47053782500002,
              -6.77822347299996
            ],
            [
              108.47034359100003,
              -6.778519537999943
            ],
            [
              108.47017914700011,
              -6.778779111999926
            ],
            [
              108.470158638,
              -6.778930562999934
            ],
            [
              108.47013657800005,
              -6.77942625
            ],
            [
              108.46992681200001,
              -6.779983604999932
            ],
            [
              108.4697668490001,
              -6.780233188999977
            ],
            [
              108.46954957700007,
              -6.780764802
            ],
            [
              108.46954097500006,
              -6.780964754999934
            ],
            [
              108.46947561200007,
              -6.781577132999887
            ],
            [
              108.46943578400005,
              -6.781683078999949
            ],
            [
              108.46935771600009,
              -6.781890766999902
            ],
            [
              108.4692312970001,
              -6.782224581999989
            ],
            [
              108.46917494300006,
              -6.782384141999957
            ],
            [
              108.46908265800006,
              -6.782587353999896
            ],
            [
              108.46905656200003,
              -6.782684930999975
            ]
          ]
        ]
      }
    },
    {
      "type": "Feature",
      "id": 37,
      "properties": {
        "id": 37,
        "nama_sungai": "Sungai Cisanggarung",
        "orde_sungai": 1,
        "status": "Aliran Permanen",
        "foto_gallery": [
          {
            "url": "/images/foto_kawasan-znt-sumber.jpg",
            "caption": "Sistem drainase hidrologi Sungai Cisanggarung melintasi kawasan Sumber."
          }
        ]
      },
      "geometry": {
        "type": "MultiLineString",
        "coordinates": [
          [
            [
              108.4981430979338,
              -6.791432558720826
            ],
            [
              108.49814311500006,
              -6.791432469999974
            ],
            [
              108.49803465500005,
              -6.791059723999952
            ],
            [
              108.49790906100006,
              -6.790640045999956
            ],
            [
              108.49785944400013,
              -6.78936268599996
            ],
            [
              108.49785011600007,
              -6.789122571999899
            ],
            [
              108.49788189500003,
              -6.788902218999963
            ],
            [
              108.49799852500009,
              -6.788682483999901
            ],
            [
              108.498082309,
              -6.788453559999967
            ],
            [
              108.49812660300003,
              -6.788350353999954
            ],
            [
              108.49826953500003,
              -6.78822470999995
            ],
            [
              108.49839085000004,
              -6.787878625999914
            ],
            [
              108.49840926600005,
              -6.787612807999947
            ],
            [
              108.498376555,
              -6.787491859999976
            ],
            [
              108.49830667800009,
              -6.787302144
            ],
            [
              108.49841883900005,
              -6.786977702999978
            ],
            [
              108.4985194270001,
              -6.786773963
            ],
            [
              108.49852149900002,
              -6.786769766
            ],
            [
              108.49865288000005,
              -6.786503631999922
            ],
            [
              108.49871768300008,
              -6.786329539999906
            ],
            [
              108.49873607000009,
              -6.785980023999942
            ],
            [
              108.49860024900005,
              -6.785674222999953
            ],
            [
              108.49854804100008,
              -6.785553978999951
            ],
            [
              108.49865520000006,
              -6.785291148999965
            ],
            [
              108.498655575,
              -6.785290228999978
            ],
            [
              108.49870420700003,
              -6.785174951999943
            ],
            [
              108.49866341900012,
              -6.784881181999973
            ],
            [
              108.49840234500002,
              -6.784585064999897
            ],
            [
              108.49806596000008,
              -6.784193762999939
            ],
            [
              108.49786764000001,
              -6.783910160999922
            ],
            [
              108.49779516000005,
              -6.783692404999934
            ],
            [
              108.49774240600003,
              -6.783457407999942
            ],
            [
              108.49761306100008,
              -6.78329136199997
            ],
            [
              108.49696635400004,
              -6.782998495999985
            ],
            [
              108.49697926900004,
              -6.782896111999952
            ],
            [
              108.49699733100003,
              -6.782625284999925
            ],
            [
              108.49703064700012,
              -6.782397899999941
            ],
            [
              108.49702467100006,
              -6.782306742999948
            ],
            [
              108.4969348640001,
              -6.78216685599992
            ],
            [
              108.49664194900002,
              -6.781665736999935
            ],
            [
              108.49663683800013,
              -6.781484361999938
            ],
            [
              108.49674394100002,
              -6.781331880999934
            ],
            [
              108.49692722600008,
              -6.781005692999946
            ],
            [
              108.49690242000008,
              -6.780896688999986
            ],
            [
              108.49690134800008,
              -6.780895807
            ],
            [
              108.4967684000001,
              -6.780786786999952
            ],
            [
              108.49648968700004,
              -6.780543629
            ],
            [
              108.49643650100008,
              -6.780392327999911
            ],
            [
              108.49633711400011,
              -6.779798459999979
            ],
            [
              108.49636458700007,
              -6.779569634999964
            ],
            [
              108.49644236200002,
              -6.779322233999922
            ],
            [
              108.49673531500011,
              -6.778863080999946
            ],
            [
              108.4968512460001,
              -6.778578199
            ],
            [
              108.49687192100004,
              -6.778350937999937
            ],
            [
              108.49689176000008,
              -6.778038511000021
            ],
            [
              108.4968919170001,
              -6.778036039
            ],
            [
              108.49690664000008,
              -6.777804288
            ],
            [
              108.497069997,
              -6.777274821999983
            ],
            [
              108.49713747100007,
              -6.776896222999921
            ],
            [
              108.49723089100007,
              -6.776392053999951
            ],
            [
              108.49752976800002,
              -6.77545671099992
            ],
            [
              108.4977066920001,
              -6.775307950999958
            ],
            [
              108.4978698840001,
              -6.775116742999947
            ],
            [
              108.49801279500011,
              -6.774836581999947
            ],
            [
              108.49820348400009,
              -6.774208095
            ],
            [
              108.49826608500011,
              -6.774053576
            ]
          ]
        ]
      }
    },
    {
      "type": "Feature",
      "id": 38,
      "properties": {
        "id": 38,
        "nama_sungai": "Saluran Irigasi Sumber",
        "orde_sungai": 2,
        "status": "Aliran Permanen",
        "foto_gallery": [
          {
            "url": "/images/foto_kawasan-znt-sumber.jpg",
            "caption": "Sistem drainase hidrologi Saluran Irigasi Sumber melintasi kawasan Sumber."
          }
        ]
      },
      "geometry": {
        "type": "MultiLineString",
        "coordinates": [
          [
            [
              108.47376037100013,
              -6.749106460999903
            ],
            [
              108.47409275500009,
              -6.749525749999956
            ],
            [
              108.47442816200004,
              -6.75
            ],
            [
              108.47442846000007,
              -6.750000420999884
            ],
            [
              108.4744300090001,
              -6.750002608999976
            ],
            [
              108.47465485500005,
              -6.750320525999902
            ],
            [
              108.47483381400012,
              -6.750428077
            ],
            [
              108.47509893500003,
              -6.750450688999925
            ],
            [
              108.47585260700004,
              -6.750542247999951
            ],
            [
              108.47614734100009,
              -6.750689412999959
            ],
            [
              108.47629057700004,
              -6.75081514399997
            ],
            [
              108.47681276800007,
              -6.751289098000017
            ],
            [
              108.47682351400007,
              -6.751298280999977
            ],
            [
              108.47728063000007,
              -6.751688825999961
            ],
            [
              108.47744547700003,
              -6.75188383200002
            ],
            [
              108.47769346700002,
              -6.752068892999967
            ],
            [
              108.47805967300005,
              -6.752297051000015
            ],
            [
              108.47819800600003,
              -6.752357396999946
            ]
          ]
        ]
      }
    },
    {
      "type": "Feature",
      "id": 39,
      "properties": {
        "id": 39,
        "nama_sungai": "Sungai Cikunten",
        "orde_sungai": 3,
        "status": "Aliran Permanen",
        "foto_gallery": [
          {
            "url": "/images/foto_kawasan-znt-sumber.jpg",
            "caption": "Sistem drainase hidrologi Sungai Cikunten melintasi kawasan Sumber."
          }
        ]
      },
      "geometry": {
        "type": "MultiLineString",
        "coordinates": [
          [
            [
              108.47357850200008,
              -6.771069355
            ],
            [
              108.47356187700004,
              -6.770475074999942
            ],
            [
              108.47351033100004,
              -6.770272647999979
            ],
            [
              108.47325140800011,
              -6.769727744999924
            ],
            [
              108.47311547200005,
              -6.76947030199994
            ],
            [
              108.47286506000003,
              -6.768876080999979
            ],
            [
              108.4725513560001,
              -6.768390973999987
            ],
            [
              108.47228697500007,
              -6.767783303999979
            ],
            [
              108.47220165300011,
              -6.767572206999921
            ],
            [
              108.47192932300005,
              -6.767258483999987
            ],
            [
              108.47175124300006,
              -6.767061291999925
            ],
            [
              108.471663457,
              -6.766873886999962
            ],
            [
              108.47165461300006,
              -6.766632794
            ],
            [
              108.47159318600004,
              -6.766315712999964
            ],
            [
              108.471463972,
              -6.765786684999979
            ],
            [
              108.47144184700004,
              -6.765370152999976
            ],
            [
              108.47142270700006,
              -6.764944759999951
            ],
            [
              108.47134565500008,
              -6.764617674999977
            ],
            [
              108.47122341300009,
              -6.763768667999985
            ],
            [
              108.47119725700006,
              -6.763614354
            ],
            [
              108.47109107400006,
              -6.763477074000017
            ],
            [
              108.47075413800007,
              -6.763294393
            ],
            [
              108.47034679500003,
              -6.763142885999988
            ],
            [
              108.470286479,
              -6.763130063999904
            ],
            [
              108.47023963900004,
              -6.76297902199993
            ],
            [
              108.4702199220001,
              -6.762810443999927
            ],
            [
              108.47006810700006,
              -6.761947863999966
            ],
            [
              108.46989067300004,
              -6.761588832999925
            ],
            [
              108.46962897200005,
              -6.761438073999974
            ],
            [
              108.46948295400006,
              -6.7612299959999
            ],
            [
              108.46922606600003,
              -6.760823394999919
            ],
            [
              108.46898243200012,
              -6.760590309
            ],
            [
              108.46861806800008,
              -6.760317751999915
            ],
            [
              108.46850794800012,
              -6.760197379
            ],
            [
              108.46843119300007,
              -6.759971541999958
            ],
            [
              108.46862783100009,
              -6.759736181999935
            ],
            [
              108.46870198600001,
              -6.759651995999986
            ],
            [
              108.4686795210001,
              -6.75928885499996
            ],
            [
              108.46860419600009,
              -6.758889171999931
            ],
            [
              108.46852999900008,
              -6.758701828999973
            ],
            [
              108.46840202900006,
              -6.758397930999964
            ],
            [
              108.46837055900004,
              -6.758323190999908
            ],
            [
              108.46833582400009,
              -6.758233214000013
            ]
          ]
        ]
      }
    },
    {
      "type": "Feature",
      "id": 40,
      "properties": {
        "id": 40,
        "nama_sungai": "Sungai Cimanis Hulu",
        "orde_sungai": 1,
        "status": "Aliran Permanen",
        "foto_gallery": [
          {
            "url": "/images/foto_kawasan-znt-sumber.jpg",
            "caption": "Sistem drainase hidrologi Sungai Cimanis Hulu melintasi kawasan Sumber."
          }
        ]
      },
      "geometry": {
        "type": "MultiLineString",
        "coordinates": [
          [
            [
              108.44830324456605,
              -6.783587302589249
            ],
            [
              108.44837431000012,
              -6.783391035999957
            ],
            [
              108.44846255200005,
              -6.783248042999938
            ],
            [
              108.44879823300002,
              -6.783103540999972
            ],
            [
              108.44892338300008,
              -6.783066314999912
            ],
            [
              108.44906073900007,
              -6.783025457
            ],
            [
              108.44916816300008,
              -6.782946430999941
            ],
            [
              108.44921323000008,
              -6.782766536999889
            ],
            [
              108.44905370600011,
              -6.781771533999985
            ],
            [
              108.44900781000004,
              -6.78156273999994
            ],
            [
              108.44869245600006,
              -6.781238034999985
            ],
            [
              108.44843818600008,
              -6.781000300999944
            ],
            [
              108.4480746020001,
              -6.780348833999954
            ],
            [
              108.44795295200008,
              -6.779338342999923
            ],
            [
              108.44800756500007,
              -6.778074469999977
            ],
            [
              108.44799434500004,
              -6.777743455999945
            ],
            [
              108.44748067500008,
              -6.776898146999903
            ],
            [
              108.44725384900005,
              -6.77651549199995
            ],
            [
              108.44715607700005,
              -6.776018334999938
            ],
            [
              108.44711944700003,
              -6.775840731999986
            ],
            [
              108.44681679600004,
              -6.775520178999932
            ],
            [
              108.44670134600008,
              -6.77540661499995
            ],
            [
              108.44668908500005,
              -6.775324528999908
            ],
            [
              108.44677403600005,
              -6.775201760999964
            ],
            [
              108.446994536,
              -6.775065047999933
            ],
            [
              108.44720374000008,
              -6.774978820999904
            ],
            [
              108.44741454100003,
              -6.774939613999946
            ],
            [
              108.44764689900006,
              -6.774982180999915
            ],
            [
              108.44786776700005,
              -6.77509853099995
            ],
            [
              108.44812420600003,
              -6.775275924999972
            ],
            [
              108.44830884200003,
              -6.775353757999929
            ],
            [
              108.44848722000005,
              -6.775351323999905
            ],
            [
              108.44860234800007,
              -6.775290538999938
            ],
            [
              108.44867381900012,
              -6.775167663999985
            ],
            [
              108.44869210900004,
              -6.775004338999972
            ],
            [
              108.4486638290001,
              -6.774827294999978
            ],
            [
              108.44847122000006,
              -6.77445875499995
            ],
            [
              108.44834618000002,
              -6.774200408999979
            ],
            [
              108.44830592200006,
              -6.77389436799997
            ],
            [
              108.44833026800003,
              -6.773710351999933
            ],
            [
              108.44843356100004,
              -6.773544763
            ],
            [
              108.44913165700008,
              -6.773080696999971
            ],
            [
              108.44936563300007,
              -6.772927053999959
            ],
            [
              108.44948763800005,
              -6.772696484999889
            ],
            [
              108.44953263500012,
              -6.771961465999913
            ],
            [
              108.44949276200002,
              -6.771585296999964
            ],
            [
              108.44945549700005,
              -6.77120322199997
            ],
            [
              108.44946997300009,
              -6.771060110999942
            ],
            [
              108.44965665700009,
              -6.770780637
            ],
            [
              108.44977376100009,
              -6.770599909999968
            ],
            [
              108.44983142500007,
              -6.770300047999937
            ],
            [
              108.44969157300004,
              -6.769668710999925
            ],
            [
              108.44977934400002,
              -6.768881200999958
            ],
            [
              108.45003661800008,
              -6.768747697000014
            ],
            [
              108.4502686630001,
              -6.768648121999947
            ],
            [
              108.45036086000009,
              -6.768539389999921
            ],
            [
              108.4506315310001,
              -6.767841296999981
            ],
            [
              108.45080301600008,
              -6.767003607999948
            ],
            [
              108.4509696090001,
              -6.766405408000013
            ],
            [
              108.45118459200003,
              -6.765851075999977
            ],
            [
              108.45130310900007,
              -6.765636718999916
            ],
            [
              108.45235249200003,
              -6.764863157999949
            ],
            [
              108.45256940500003,
              -6.764681613999938
            ],
            [
              108.45283668300003,
              -6.764118815
            ],
            [
              108.45386937200004,
              -6.76359041599998
            ],
            [
              108.45417896500007,
              -6.763431715
            ],
            [
              108.45467381200007,
              -6.763036084999944
            ],
            [
              108.45498678000003,
              -6.7628283729999
            ],
            [
              108.45544024700007,
              -6.76259853999998
            ],
            [
              108.45568877500003,
              -6.762392315999969
            ],
            [
              108.45572330700004,
              -6.762351430999962
            ],
            [
              108.45572389800009,
              -6.76235073
            ],
            [
              108.45589093200006,
              -6.762183047999974
            ],
            [
              108.45641969100011,
              -6.761748632
            ],
            [
              108.4573866870001,
              -6.761133102999965
            ],
            [
              108.45782716400004,
              -6.760740083999954
            ],
            [
              108.45806807100007,
              -6.760421040999935
            ],
            [
              108.45815733100008,
              -6.760249408999945
            ],
            [
              108.45822688600006,
              -6.759902295999913
            ],
            [
              108.458277722,
              -6.759613293999982
            ],
            [
              108.45836028600009,
              -6.759198612999954
            ],
            [
              108.45840084700008,
              -6.759048813999906
            ],
            [
              108.45876547900005,
              -6.758643856999972
            ],
            [
              108.45892355500007,
              -6.758472050999968
            ],
            [
              108.45915737100005,
              -6.758113439999962
            ],
            [
              108.45936052000008,
              -6.757898887999973
            ],
            [
              108.459624879,
              -6.757833688999908
            ],
            [
              108.45980568600005,
              -6.75777551899998
            ],
            [
              108.45999711600008,
              -6.757626994999947
            ],
            [
              108.46066640700012,
              -6.75641068799994
            ],
            [
              108.46066655100013,
              -6.756410425999919
            ],
            [
              108.4607960270001,
              -6.7561751179999
            ],
            [
              108.4609172230001,
              -6.755930936999947
            ],
            [
              108.46112804900012,
              -6.755506168999974
            ],
            [
              108.4611921090001,
              -6.755164925999983
            ],
            [
              108.4611856690001,
              -6.754680371999948
            ],
            [
              108.46116588900006,
              -6.754387331999949
            ],
            [
              108.46121402700004,
              -6.754145236999902
            ],
            [
              108.46117028600007,
              -6.754123291999951
            ],
            [
              108.46096011100009,
              -6.753967964999978
            ],
            [
              108.46086379100011,
              -6.753784934999933
            ],
            [
              108.46082019500005,
              -6.753558375999928
            ],
            [
              108.46088458700005,
              -6.753316410999981
            ],
            [
              108.46109989900002,
              -6.752857874999966
            ],
            [
              108.4614293480001,
              -6.75209528399993
            ],
            [
              108.46147218300008,
              -6.751996140999987
            ],
            [
              108.46181528200006,
              -6.751143553999965
            ],
            [
              108.46199856300004,
              -6.750922261999952
            ],
            [
              108.46244956200005,
              -6.750505592999938
            ],
            [
              108.46258388900006,
              -6.750381485999972
            ],
            [
              108.462996618,
              -6.750000176999952
            ],
            [
              108.46299681000002,
              -6.75
            ],
            [
              108.46327538900007,
              -6.749742618999958
            ],
            [
              108.46342555600006,
              -6.749444561999988
            ],
            [
              108.46365735800006,
              -6.748571789999984
            ],
            [
              108.46367009400005,
              -6.748139742999941
            ],
            [
              108.46367361200006,
              -6.748075260999935
            ],
            [
              108.46367384400008,
              -6.748071002999938
            ],
            [
              108.46369399200007,
              -6.747701372999908
            ],
            [
              108.46381173900004,
              -6.746597517999968
            ],
            [
              108.46379614300008,
              -6.746047205
            ],
            [
              108.46381513500006,
              -6.745894743
            ],
            [
              108.46394967700009,
              -6.745735834
            ],
            [
              108.46413972800009,
              -6.745460313999933
            ],
            [
              108.46413133500002,
              -6.745339250999953
            ],
            [
              108.46404973200002,
              -6.74524128599993
            ],
            [
              108.46380630300004,
              -6.744953227999899
            ],
            [
              108.46379285000008,
              -6.744840515999988
            ],
            [
              108.463828483,
              -6.744724742
            ],
            [
              108.46387343500008,
              -6.744635451999985
            ],
            [
              108.46394684300012,
              -6.744581463999959
            ],
            [
              108.46420732100009,
              -6.744325984999959
            ],
            [
              108.46462609400001,
              -6.743823676999964
            ],
            [
              108.46487241800006,
              -6.743541219999953
            ],
            [
              108.46529412700004,
              -6.74320423799996
            ],
            [
              108.46561226200006,
              -6.743027067999956
            ],
            [
              108.46585775500004,
              -6.743033177999928
            ],
            [
              108.46621428600005,
              -6.743112905999952
            ],
            [
              108.46645819300008,
              -6.743253700999967
            ],
            [
              108.46648137300004,
              -6.742811665999985
            ],
            [
              108.46659986900008,
              -6.742299281999957
            ],
            [
              108.46668667600007,
              -6.742090019999962
            ],
            [
              108.4674665840001,
              -6.741408517999973
            ],
            [
              108.46770765000007,
              -6.741156233999972
            ],
            [
              108.46783416700006,
              -6.740935356
            ],
            [
              108.4678701180001,
              -6.740719945999933
            ],
            [
              108.46784894400012,
              -6.740457353999966
            ],
            [
              108.46783782600009,
              -6.740319421000011
            ],
            [
              108.46766795900007,
              -6.740129982999969
            ],
            [
              108.4672593330001,
              -6.739741539999981
            ],
            [
              108.46701796100002,
              -6.739420923999921
            ],
            [
              108.4668750550001,
              -6.739253613999933
            ],
            [
              108.4666130690001,
              -6.739091803999957
            ],
            [
              108.46655985800005,
              -6.739058939
            ],
            [
              108.4664047910001,
              -6.738970244999935
            ],
            [
              108.46631634400006,
              -6.738847970999943
            ],
            [
              108.46625538300007,
              -6.738542207999958
            ],
            [
              108.46628065200004,
              -6.737608956000011
            ],
            [
              108.46624857700004,
              -6.73711108999994
            ],
            [
              108.46615403700004,
              -6.735331450999952
            ],
            [
              108.46614440100005,
              -6.735150110999959
            ],
            [
              108.46617888200005,
              -6.734712653
            ],
            [
              108.46624864200005,
              -6.734636585999924
            ],
            [
              108.46643988000007,
              -6.734583633999895
            ],
            [
              108.46664978900012,
              -6.734615458999953
            ],
            [
              108.46715407800009,
              -6.734848067000014
            ],
            [
              108.4674459970001,
              -6.735000541999929
            ],
            [
              108.46756765300003,
              -6.735034792
            ],
            [
              108.46773713100002,
              -6.734941862999959
            ],
            [
              108.46788493300008,
              -6.734784121999963
            ],
            [
              108.46793674800001,
              -6.734664544999928
            ],
            [
              108.46792489200001,
              -6.734431842999948
            ],
            [
              108.46781218000011,
              -6.734109290999905
            ],
            [
              108.46769065900008,
              -6.733819174999971
            ],
            [
              108.4676575450001,
              -6.733421690999945
            ],
            [
              108.46767325800006,
              -6.733208797
            ],
            [
              108.46795428300005,
              -6.732822818999955
            ],
            [
              108.46809753600009,
              -6.732731379999938
            ],
            [
              108.46829130100005,
              -6.732687955999987
            ],
            [
              108.46849202200005,
              -6.732765597999927
            ],
            [
              108.46889899600005,
              -6.732961143999942
            ],
            [
              108.46922395100003,
              -6.733045103999961
            ],
            [
              108.46933706000006,
              -6.733045074999959
            ],
            [
              108.46940143500007,
              -6.733045055999957
            ],
            [
              108.46982773500007,
              -6.732702142999917
            ],
            [
              108.47036967000005,
              -6.732082965999934
            ],
            [
              108.47049735000006,
              -6.731868671999967
            ],
            [
              108.4706224640001,
              -6.73150229099994
            ],
            [
              108.47056514800006,
              -6.730862234
            ],
            [
              108.4705247260001,
              -6.730410776999955
            ],
            [
              108.4704859930001,
              -6.730221639999938
            ],
            [
              108.47034670600003,
              -6.729990816999935
            ],
            [
              108.47011280200003,
              -6.729755580999923
            ],
            [
              108.4699516680001,
              -6.729651674999941
            ],
            [
              108.469487627,
              -6.729544700999972
            ],
            [
              108.46878717400004,
              -6.729383225999934
            ],
            [
              108.46858948400002,
              -6.729315632999937
            ],
            [
              108.46844801600004,
              -6.729178036999921
            ],
            [
              108.46833242200007,
              -6.728980702999936
            ],
            [
              108.46833622100003,
              -6.728315586999971
            ],
            [
              108.46843515400005,
              -6.727766234999903
            ],
            [
              108.468503313,
              -6.72756094099997
            ],
            [
              108.46860895200004,
              -6.727196566000019
            ],
            [
              108.46870210500002,
              -6.726888447999928
            ],
            [
              108.46895247300004,
              -6.726074070999958
            ],
            [
              108.46927576100005,
              -6.725440240999918
            ],
            [
              108.4693772050001,
              -6.725234540999951
            ],
            [
              108.46937998800006,
              -6.725154446999985
            ],
            [
              108.46910100900007,
              -6.725002097
            ],
            [
              108.468850118,
              -6.724898385999937
            ],
            [
              108.4687954940001,
              -6.723942521999986
            ],
            [
              108.46876442700002,
              -6.723398895999948
            ],
            [
              108.46873084800009,
              -6.722811352999917
            ],
            [
              108.46869903600003,
              -6.722559874999982
            ],
            [
              108.46854258200005,
              -6.722133855
            ],
            [
              108.4683606230001,
              -6.721478169999921
            ],
            [
              108.46832344600004,
              -6.721217048999987
            ],
            [
              108.46832182800009,
              -6.720993481999963
            ],
            [
              108.46840699200003,
              -6.720796374
            ],
            [
              108.46846964300006,
              -6.720767497999917
            ],
            [
              108.46924113900012,
              -6.721019520999986
            ],
            [
              108.4693353800001,
              -6.721042257999914
            ],
            [
              108.46936889400003,
              -6.721050338999961
            ],
            [
              108.46945209700007,
              -6.721012007999986
            ],
            [
              108.46950766600006,
              -6.720751492999925
            ],
            [
              108.46949228200003,
              -6.720453900999905
            ],
            [
              108.46931610900002,
              -6.720066901999948
            ],
            [
              108.46918847100002,
              -6.71980213199989
            ],
            [
              108.46914877200003,
              -6.71868122199996
            ],
            [
              108.46911742100009,
              -6.718426195999909
            ],
            [
              108.46909458800008,
              -6.71830348499997
            ],
            [
              108.46931458800007,
              -6.718055786
            ],
            [
              108.46940438600004,
              -6.71801806699998
            ],
            [
              108.46965684800006,
              -6.718079596999919
            ],
            [
              108.46980484500004,
              -6.718136185999983
            ],
            [
              108.47000060000008,
              -6.718119176999908
            ],
            [
              108.47012034000004,
              -6.718063546999923
            ],
            [
              108.470186561,
              -6.717971860999976
            ],
            [
              108.47018416400007,
              -6.71784968
            ],
            [
              108.47011082000004,
              -6.717598665999917
            ],
            [
              108.46995908000011,
              -6.71690752099993
            ],
            [
              108.46986630400006,
              -6.716661033999964
            ],
            [
              108.4698259400001,
              -6.716488119999957
            ],
            [
              108.46990819500007,
              -6.716253498999906
            ],
            [
              108.47015078600006,
              -6.71598422599992
            ],
            [
              108.47031167200005,
              -6.715860918999931
            ],
            [
              108.47093384100002,
              -6.715877443999966
            ],
            [
              108.47112502000003,
              -6.715862244999952
            ],
            [
              108.47119694500012,
              -6.715801894000021
            ],
            [
              108.47125697600002,
              -6.715581952999942
            ],
            [
              108.47133343900005,
              -6.715185602999922
            ],
            [
              108.47210482600009,
              -6.714363697999952
            ],
            [
              108.47231785800005,
              -6.714125521999962
            ],
            [
              108.47235191800011,
              -6.714073379999911
            ],
            [
              108.47249686800002,
              -6.713851462999935
            ],
            [
              108.4725492110001,
              -6.712934954999954
            ],
            [
              108.47297695200005,
              -6.71124983199997
            ],
            [
              108.47308851100004,
              -6.710843377999913
            ],
            [
              108.47321317900006,
              -6.710631106999935
            ],
            [
              108.4733338870001,
              -6.710341879999897
            ],
            [
              108.47338999100003,
              -6.710051966999979
            ],
            [
              108.47338718700006,
              -6.709701660999949
            ],
            [
              108.47307184300008,
              -6.708978393999969
            ],
            [
              108.47301409100001,
              -6.708790252999945
            ],
            [
              108.47302227700007,
              -6.708317789999933
            ],
            [
              108.4730526340001,
              -6.70818954199998
            ],
            [
              108.47306594100004,
              -6.708133306999946
            ],
            [
              108.47322390600006,
              -6.707900791999981
            ],
            [
              108.473925266,
              -6.707372984999919
            ],
            [
              108.474086228,
              -6.707177835999937
            ],
            [
              108.47446339300002,
              -6.705993005999959
            ],
            [
              108.47474193700006,
              -6.705349489999916
            ],
            [
              108.47514338600007,
              -6.704528169999906
            ],
            [
              108.4755399040001,
              -6.703854875999975
            ],
            [
              108.47580619600011,
              -6.703506387999917
            ],
            [
              108.47603664300007,
              -6.703062051999924
            ],
            [
              108.4763814940001,
              -6.702294401999913
            ],
            [
              108.4765982850001,
              -6.701773501999979
            ],
            [
              108.47667481900004,
              -6.70162489399994
            ],
            [
              108.47671048400005,
              -6.701555633999893
            ],
            [
              108.47683790000012,
              -6.701342344999921
            ],
            [
              108.47697743700012,
              -6.700886749999972
            ],
            [
              108.47716100400002,
              -6.69977723899992
            ],
            [
              108.4771994430001,
              -6.699544594999944
            ],
            [
              108.47725225000002,
              -6.699392060999935
            ],
            [
              108.47736740300004,
              -6.699297433000011
            ],
            [
              108.477939012,
              -6.699171839000011
            ],
            [
              108.47805619300001,
              -6.699122283
            ],
            [
              108.47835888400002,
              -6.698597673999933
            ],
            [
              108.47840514100002,
              -6.698477613999946
            ],
            [
              108.47852658900004,
              -6.698162385999977
            ],
            [
              108.47860379800004,
              -6.697904943
            ],
            [
              108.47874730700009,
              -6.697578114999951
            ],
            [
              108.4787774640001,
              -6.697356100999967
            ],
            [
              108.47869603000002,
              -6.697033586000016
            ],
            [
              108.47858309100009,
              -6.696817000999948
            ],
            [
              108.47846164600008,
              -6.696728803999934
            ],
            [
              108.47826595400005,
              -6.696698273999983
            ],
            [
              108.477887459,
              -6.69690099399997
            ],
            [
              108.47766119100002,
              -6.697008371999972
            ],
            [
              108.4774623970001,
              -6.697032582999933
            ],
            [
              108.47723120800006,
              -6.697005204999888
            ],
            [
              108.47708828600005,
              -6.696936354999965
            ],
            [
              108.47699799800004,
              -6.696825895999973
            ],
            [
              108.47721056000005,
              -6.696140229
            ],
            [
              108.47735895800007,
              -6.695741416999949
            ],
            [
              108.47739459800007,
              -6.69539004999992
            ],
            [
              108.477447339,
              -6.694870068999974
            ],
            [
              108.47724027400001,
              -6.694253895999973
            ],
            [
              108.47706984800003,
              -6.693841552999961
            ],
            [
              108.47700509300009,
              -6.693476475999953
            ],
            [
              108.47700965600002,
              -6.693297529999979
            ],
            [
              108.47706761200003,
              -6.693157673999954
            ],
            [
              108.47722593700007,
              -6.693087326
            ],
            [
              108.47728067800007,
              -6.693063006999937
            ],
            [
              108.47767181800002,
              -6.692886008999947
            ],
            [
              108.47782914400007,
              -6.692754931999938
            ],
            [
              108.47787085700006,
              -6.692702918999986
            ],
            [
              108.4778994690001,
              -6.692667249999966
            ],
            [
              108.47790727700004,
              -6.692299716999932
            ],
            [
              108.47783976600006,
              -6.69181652399992
            ],
            [
              108.47766244200004,
              -6.690849568999939
            ],
            [
              108.477658772,
              -6.690567823999986
            ],
            [
              108.47765332400009,
              -6.690149965999963
            ],
            [
              108.47767859500004,
              -6.689946199999978
            ],
            [
              108.47784945000005,
              -6.689831414999984
            ],
            [
              108.47811370500007,
              -6.689759457999982
            ],
            [
              108.47896389400007,
              -6.689884497000024
            ],
            [
              108.47920217200007,
              -6.689921461999974
            ],
            [
              108.4794075840001,
              -6.689877074999943
            ],
            [
              108.47961767500007,
              -6.689718929
            ],
            [
              108.47977842100005,
              -6.689369973999908
            ],
            [
              108.47991993500004,
              -6.689062754999979
            ],
            [
              108.480017187,
              -6.688746018999973
            ],
            [
              108.48003919600005,
              -6.688552385999939
            ],
            [
              108.47998623600002,
              -6.688299867999918
            ],
            [
              108.47996120700007,
              -6.68824860599994
            ],
            [
              108.47992036200007,
              -6.688164943999945
            ],
            [
              108.47978936500007,
              -6.688090788999938
            ],
            [
              108.47959417000008,
              -6.688076475999909
            ],
            [
              108.47932562300007,
              -6.688245347999937
            ],
            [
              108.47931104000011,
              -6.688254518999985
            ],
            [
              108.47911568500011,
              -6.688379165999907
            ],
            [
              108.47895947300006,
              -6.68841321299997
            ],
            [
              108.47879219700008,
              -6.688364510999937
            ],
            [
              108.47874607200008,
              -6.688242376999957
            ],
            [
              108.47872682600008,
              -6.688191424
            ],
            [
              108.47872194600004,
              -6.68782996199994
            ],
            [
              108.47887824800009,
              -6.687346498
            ],
            [
              108.47901362000002,
              -6.686981643
            ],
            [
              108.47908567400002,
              -6.686840276999943
            ],
            [
              108.47916938300003,
              -6.686800623999948
            ],
            [
              108.47967871700007,
              -6.687032452999945
            ],
            [
              108.47991387700007,
              -6.687137851999962
            ],
            [
              108.48004928100008,
              -6.687115842999917
            ],
            [
              108.48011435700005,
              -6.687073248999946
            ],
            [
              108.48021621900004,
              -6.687006576999936
            ],
            [
              108.48029763400002,
              -6.686842917999984
            ],
            [
              108.48029834700009,
              -6.686652816999976
            ],
            [
              108.4802051780001,
              -6.68634955599993
            ],
            [
              108.480043993,
              -6.68615298699992
            ],
            [
              108.47982361600006,
              -6.685976321999958
            ],
            [
              108.47965488300005,
              -6.685875059999928
            ],
            [
              108.47958450500009,
              -6.685781295999986
            ],
            [
              108.47957357000007,
              -6.685486238
            ],
            [
              108.47954331000005,
              -6.68514705
            ],
            [
              108.47953931300007,
              -6.684953390999963
            ],
            [
              108.47971937500006,
              -6.684575903999905
            ],
            [
              108.47989005300005,
              -6.684382182999952
            ],
            [
              108.48041967600008,
              -6.684236977999928
            ],
            [
              108.48072490900003,
              -6.684153289999932
            ],
            [
              108.4812194900001,
              -6.683963214999926
            ],
            [
              108.48146759000011,
              -6.683823914999946
            ],
            [
              108.48156591300007,
              -6.683729930999986
            ],
            [
              108.48162494100006,
              -6.683582984999907
            ],
            [
              108.48160552400006,
              -6.6832458399999
            ],
            [
              108.4815447230001,
              -6.682787489
            ],
            [
              108.48166083100001,
              -6.682697625999927
            ],
            [
              108.48198849000003,
              -6.682605005
            ],
            [
              108.482171576,
              -6.682561558999948
            ],
            [
              108.48234002900008,
              -6.682457910999988
            ],
            [
              108.48241329800001,
              -6.68236501799994
            ],
            [
              108.48242515100011,
              -6.68223727899994
            ],
            [
              108.48230402000003,
              -6.682137634999956
            ],
            [
              108.48183980900008,
              -6.681909918999944
            ],
            [
              108.48161841300006,
              -6.681743443999936
            ],
            [
              108.48151625200005,
              -6.681497967999965
            ],
            [
              108.48161975200009,
              -6.681441199999975
            ],
            [
              108.481846358,
              -6.681479720999965
            ],
            [
              108.48197055200006,
              -6.681517925000017
            ],
            [
              108.48209735400008,
              -6.681477352999947
            ],
            [
              108.48230793800009,
              -6.681333052999909
            ],
            [
              108.48248547400004,
              -6.681268456999893
            ],
            [
              108.4829285600001,
              -6.681337121999979
            ],
            [
              108.48302844200002,
              -6.681344473999966
            ],
            [
              108.48315755900005,
              -6.681227818
            ],
            [
              108.48332582100002,
              -6.680970466999929
            ],
            [
              108.48340791100007,
              -6.680877627999974
            ],
            [
              108.48355044900005,
              -6.680828351999894
            ],
            [
              108.48377146600004,
              -6.680874624
            ],
            [
              108.48414704600003,
              -6.681012513999944
            ],
            [
              108.48435736300011,
              -6.681049603
            ],
            [
              108.48435844600002,
              -6.68104979899992
            ],
            [
              108.48553923200011,
              -6.680696452999905
            ],
            [
              108.4857086800001,
              -6.680608325999986
            ],
            [
              108.48606749000002,
              -6.680304381999973
            ],
            [
              108.48618562400013,
              -6.68031328099991
            ],
            [
              108.48640300500008,
              -6.680494392999973
            ],
            [
              108.48664816600002,
              -6.680728315999966
            ],
            [
              108.48717057900008,
              -6.680926908999966
            ],
            [
              108.48736484400008,
              -6.681000760999948
            ],
            [
              108.48778356900009,
              -6.681091239999974
            ],
            [
              108.48783027000005,
              -6.681094081999943
            ],
            [
              108.48809944800011,
              -6.681110439999964
            ],
            [
              108.4882237130001,
              -6.68107448099992
            ],
            [
              108.48836710300006,
              -6.680932834000012
            ],
            [
              108.48824613900008,
              -6.680539815
            ],
            [
              108.48801999800011,
              -6.680105308999932
            ],
            [
              108.48822534500005,
              -6.679876496
            ],
            [
              108.48869885000006,
              -6.679950407
            ],
            [
              108.4892757550001,
              -6.680058185999942
            ],
            [
              108.489615997,
              -6.680055565
            ],
            [
              108.48977980600006,
              -6.68002015
            ],
            [
              108.4898812090001,
              -6.679931385000019
            ],
            [
              108.4899187440001,
              -6.679732188999969
            ],
            [
              108.48963811300005,
              -6.678999852999949
            ],
            [
              108.48956832800006,
              -6.678775193000012
            ],
            [
              108.48955195900004,
              -6.678572902999973
            ],
            [
              108.48980155600007,
              -6.678164049999983
            ],
            [
              108.4899757950001,
              -6.678056152999938
            ],
            [
              108.49034855700005,
              -6.677975990999967
            ],
            [
              108.49081398,
              -6.678026831
            ]
          ],
          [
            [
              108.44790030377696,
              -6.78476162202543
            ],
            [
              108.44787685500009,
              -6.784672739999957
            ],
            [
              108.44789945700009,
              -6.784478828999989
            ],
            [
              108.4481453130001,
              -6.784161821999961
            ],
            [
              108.44828304300003,
              -6.784014054999902
            ],
            [
              108.44829906000011,
              -6.783858607999919
            ],
            [
              108.44830306593134,
              -6.783594496133853
            ]
          ],
          [
            [
              108.44840914736093,
              -6.785438955834737
            ],
            [
              108.44838221300006,
              -6.785364988999946
            ],
            [
              108.44814907937166,
              -6.785103800822194
            ]
          ],
          [
            [
              108.44853662523195,
              -6.785579419586123
            ],
            [
              108.44847416500004,
              -6.785549219
            ],
            [
              108.44845583292897,
              -6.785533271936599
            ]
          ],
          [
            [
              108.4497300324268,
              -6.786209344487697
            ],
            [
              108.44970236600005,
              -6.786097348999968
            ],
            [
              108.44956291400005,
              -6.785878391999971
            ],
            [
              108.44934973300009,
              -6.785721313999941
            ],
            [
              108.4492422622422,
              -6.78570425166715
            ]
          ],
          [
            [
              108.44988242780853,
              -6.786785039304226
            ],
            [
              108.449875649,
              -6.786771437999965
            ],
            [
              108.44983861549707,
              -6.786670083930828
            ]
          ],
          [
            [
              108.45001231974787,
              -6.787406419669255
            ],
            [
              108.4499531470001,
              -6.787037785999887
            ],
            [
              108.44994323531627,
              -6.786979087895199
            ]
          ],
          [
            [
              108.45098377243097,
              -6.788536488400114
            ],
            [
              108.45078649100013,
              -6.788446002999963
            ],
            [
              108.45058726800008,
              -6.788184084999964
            ],
            [
              108.45039716300008,
              -6.787978001999965
            ],
            [
              108.45015141700007,
              -6.787714066999976
            ],
            [
              108.45006941934315,
              -6.787594995091643
            ]
          ],
          [
            [
              108.45243812196964,
              -6.790906129725675
            ],
            [
              108.45220503200008,
              -6.790547611999946
            ],
            [
              108.45212266634614,
              -6.790400429165226
            ]
          ]
        ]
      }
    },
    {
      "type": "Feature",
      "id": 41,
      "properties": {
        "id": 41,
        "nama_sungai": "Sungai Cipager",
        "orde_sungai": 2,
        "status": "Aliran Permanen",
        "foto_gallery": [
          {
            "url": "/images/foto_kawasan-znt-sumber.jpg",
            "caption": "Sistem drainase hidrologi Sungai Cipager melintasi kawasan Sumber."
          }
        ]
      },
      "geometry": {
        "type": "MultiLineString",
        "coordinates": [
          [
            [
              108.47280119500007,
              -6.78353133699993
            ],
            [
              108.47282172900009,
              -6.783401115999903
            ],
            [
              108.47294701600006,
              -6.783060369999953
            ],
            [
              108.47306428500008,
              -6.782864768999934
            ],
            [
              108.47329445200003,
              -6.782651618999973
            ],
            [
              108.47347287000005,
              -6.782278469999918
            ],
            [
              108.47348586100006,
              -6.782221439999907
            ],
            [
              108.47352776700006,
              -6.782037401999956
            ],
            [
              108.47359965600006,
              -6.781856241999977
            ],
            [
              108.47376062800005,
              -6.781693890999955
            ],
            [
              108.47385314200007,
              -6.781607775999936
            ],
            [
              108.47380243600004,
              -6.78141079399998
            ],
            [
              108.473738558,
              -6.781241361999905
            ],
            [
              108.47373621400007,
              -6.781063049999984
            ],
            [
              108.47374437000003,
              -6.781040434999978
            ],
            [
              108.47380421800001,
              -6.780874448999922
            ],
            [
              108.47387531000004,
              -6.78066413799993
            ],
            [
              108.47386366400005,
              -6.780391905999965
            ],
            [
              108.4737815060001,
              -6.780090458999981
            ],
            [
              108.47368126900005,
              -6.779741697
            ],
            [
              108.4736548770001,
              -6.77964985699994
            ],
            [
              108.47360699400004,
              -6.779350169999924
            ],
            [
              108.47358486300007,
              -6.779066992999942
            ],
            [
              108.4736023330001,
              -6.778780180999926
            ],
            [
              108.47364114900003,
              -6.778564496999932
            ],
            [
              108.47369515900006,
              -6.778264336999966
            ],
            [
              108.47366612100005,
              -6.777713904999898
            ],
            [
              108.47349991500006,
              -6.777269030999948
            ],
            [
              108.47346550200005,
              -6.777054401999953
            ],
            [
              108.47340839500004,
              -6.776806994
            ],
            [
              108.47326722500009,
              -6.77662748999998
            ],
            [
              108.47310241600003,
              -6.776482023999934
            ],
            [
              108.47171787200006,
              -6.776377417999983
            ],
            [
              108.47120170200007,
              -6.776300486999924
            ],
            [
              108.47112780500008,
              -6.776310196999928
            ]
          ]
        ]
      }
    },
    {
      "type": "Feature",
      "id": 42,
      "properties": {
        "id": 42,
        "nama_sungai": "Sungai Cisanggarung",
        "orde_sungai": 3,
        "status": "Aliran Permanen",
        "foto_gallery": [
          {
            "url": "/images/foto_kawasan-znt-sumber.jpg",
            "caption": "Sistem drainase hidrologi Sungai Cisanggarung melintasi kawasan Sumber."
          }
        ]
      },
      "geometry": {
        "type": "MultiLineString",
        "coordinates": [
          [
            [
              108.45398669500007,
              -6.78537267399996
            ],
            [
              108.45395632300004,
              -6.785975446999919
            ],
            [
              108.45401522700011,
              -6.78651327800001
            ],
            [
              108.45399094300006,
              -6.787185742999961
            ],
            [
              108.45401186,
              -6.787585464
            ],
            [
              108.4540085890001,
              -6.788101051999933
            ],
            [
              108.45402637800007,
              -6.788155025999957
            ],
            [
              108.45406946900007,
              -6.788237364999931
            ],
            [
              108.4542866290001,
              -6.788840209999895
            ],
            [
              108.45429810600007,
              -6.788889306999961
            ],
            [
              108.45439896900007,
              -6.78932069999995
            ],
            [
              108.45445668900005,
              -6.790008163999987
            ],
            [
              108.45450361400012,
              -6.790207085999926
            ],
            [
              108.45460832400008,
              -6.790433162999891
            ],
            [
              108.45487524600013,
              -6.791041356999942
            ],
            [
              108.45489883100004,
              -6.791279107999985
            ],
            [
              108.45492072400008,
              -6.791603336999989
            ],
            [
              108.45492788483537,
              -6.791709426463337
            ]
          ],
          [
            [
              108.45496124291061,
              -6.792845376042893
            ],
            [
              108.45496415000011,
              -6.792966246999958
            ],
            [
              108.45508125000003,
              -6.793241325999892
            ],
            [
              108.4551513884755,
              -6.793338735073233
            ]
          ],
          [
            [
              108.45582587111689,
              -6.793862275711808
            ],
            [
              108.45582590300009,
              -6.793862297999935
            ],
            [
              108.45585854700005,
              -6.794055677999948
            ],
            [
              108.45590513400008,
              -6.794277815999942
            ],
            [
              108.45599559100002,
              -6.79447018099996
            ],
            [
              108.45614946700005,
              -6.794612061999976
            ],
            [
              108.45639811875034,
              -6.794710890064019
            ]
          ],
          [
            [
              108.45640811866342,
              -6.794715003507827
            ],
            [
              108.45658300800004,
              -6.794796224999937
            ],
            [
              108.45659294403443,
              -6.794800838026431
            ]
          ],
          [
            [
              108.45677522145985,
              -6.795046369426975
            ],
            [
              108.45678798900012,
              -6.795083503999903
            ],
            [
              108.45693571900009,
              -6.79537117
            ],
            [
              108.45703974208392,
              -6.795534063934864
            ]
          ],
          [
            [
              108.45724684395788,
              -6.796253155258063
            ],
            [
              108.45723948600008,
              -6.796335764999954
            ],
            [
              108.45710944500007,
              -6.796765846000012
            ],
            [
              108.45708787574826,
              -6.796849766772743
            ]
          ],
          [
            [
              108.45704579891016,
              -6.796972089744139
            ],
            [
              108.45700218100008,
              -6.797082031999972
            ],
            [
              108.45686065904903,
              -6.797256576089554
            ]
          ],
          [
            [
              108.45672312349728,
              -6.797386067903536
            ],
            [
              108.4565053600001,
              -6.797580115999972
            ],
            [
              108.45642404000003,
              -6.797800704999927
            ],
            [
              108.45623337080457,
              -6.798337850352302
            ]
          ],
          [
            [
              108.45598138927515,
              -6.798965563988839
            ],
            [
              108.45594417990871,
              -6.79912376842479
            ]
          ]
        ]
      }
    },
    {
      "type": "Feature",
      "id": 43,
      "properties": {
        "id": 43,
        "nama_sungai": "Saluran Irigasi Sumber",
        "orde_sungai": 1,
        "status": "Aliran Permanen",
        "foto_gallery": [
          {
            "url": "/images/foto_kawasan-znt-sumber.jpg",
            "caption": "Sistem drainase hidrologi Saluran Irigasi Sumber melintasi kawasan Sumber."
          }
        ]
      },
      "geometry": {
        "type": "MultiLineString",
        "coordinates": [
          [
            [
              108.46666154700003,
              -6.768716191999983
            ],
            [
              108.46666654900008,
              -6.768708826
            ],
            [
              108.46673693600005,
              -6.768548443999959
            ],
            [
              108.46688848100005,
              -6.768221745999929
            ],
            [
              108.4669158300001,
              -6.768176539
            ],
            [
              108.46707504800004,
              -6.767836567999945
            ],
            [
              108.46744670700006,
              -6.767274118999948
            ],
            [
              108.4676286490001,
              -6.766898278999937
            ],
            [
              108.467682245,
              -6.766646342999964
            ],
            [
              108.46767846700006,
              -6.766396411999979
            ],
            [
              108.46769674800005,
              -6.766096274999926
            ],
            [
              108.46788183600009,
              -6.765690835999953
            ],
            [
              108.46827442700007,
              -6.76519127699992
            ],
            [
              108.46886903000006,
              -6.764860557999912
            ],
            [
              108.46902784300006,
              -6.764713938999948
            ],
            [
              108.469227877,
              -6.764215770999941
            ],
            [
              108.46930878500004,
              -6.764031222999948
            ],
            [
              108.46953871100006,
              -6.763761469000011
            ],
            [
              108.46990195700009,
              -6.763507725999977
            ],
            [
              108.47010479300008,
              -6.763414023999951
            ],
            [
              108.47024111200008,
              -6.763227459999969
            ],
            [
              108.470286479,
              -6.763130063999904
            ]
          ]
        ]
      }
    },
    {
      "type": "Feature",
      "id": 44,
      "properties": {
        "id": 44,
        "nama_sungai": "Sungai Cikunten",
        "orde_sungai": 2,
        "status": "Aliran Permanen",
        "foto_gallery": [
          {
            "url": "/images/foto_kawasan-znt-sumber.jpg",
            "caption": "Sistem drainase hidrologi Sungai Cikunten melintasi kawasan Sumber."
          }
        ]
      },
      "geometry": {
        "type": "MultiLineString",
        "coordinates": [
          [
            [
              108.46046273800006,
              -6.739291938999907
            ],
            [
              108.46048998300009,
              -6.739325257
            ],
            [
              108.46076001900005,
              -6.739699163999939
            ],
            [
              108.46081411300008,
              -6.739982603999943
            ],
            [
              108.46094460800005,
              -6.740359526999955
            ],
            [
              108.46095786800008,
              -6.740595931999975
            ],
            [
              108.46097814400007,
              -6.740957396999951
            ],
            [
              108.46094011000012,
              -6.741094882999958
            ],
            [
              108.46074820400005,
              -6.741325927999979
            ],
            [
              108.46062404500007,
              -6.741459685999944
            ],
            [
              108.46064412500006,
              -6.741516743999957
            ],
            [
              108.46064525500006,
              -6.741518512000015
            ],
            [
              108.46087455200002,
              -6.741877593999972
            ],
            [
              108.46085973500004,
              -6.742382714999932
            ],
            [
              108.4607542890001,
              -6.742565081999922
            ],
            [
              108.46054198000004,
              -6.742788844999962
            ],
            [
              108.46041052800008,
              -6.742927389999968
            ],
            [
              108.45975433400007,
              -6.74342191399994
            ],
            [
              108.45973412900008,
              -6.74343757
            ],
            [
              108.45972180200003,
              -6.743447120999983
            ],
            [
              108.45967524100008,
              -6.743626613999913
            ],
            [
              108.45959865900006,
              -6.744036401999979
            ],
            [
              108.45953943400005,
              -6.744186050999927
            ],
            [
              108.45943006600005,
              -6.744298602
            ],
            [
              108.45925422700007,
              -6.744353508999927
            ],
            [
              108.45903274100004,
              -6.744372634999911
            ],
            [
              108.45884279700005,
              -6.74446100699994
            ],
            [
              108.45864702100002,
              -6.744658681999953
            ],
            [
              108.45856547500001,
              -6.744908907999962
            ],
            [
              108.4585247130001,
              -6.745059700999915
            ],
            [
              108.45830568900001,
              -6.745265333999965
            ],
            [
              108.45819260200007,
              -6.745446006
            ],
            [
              108.45815478300005,
              -6.745599298999975
            ],
            [
              108.45821451500011,
              -6.745851661999984
            ],
            [
              108.45824951800007,
              -6.745974933999969
            ],
            [
              108.45817696200002,
              -6.746411420999936
            ],
            [
              108.4580533390001,
              -6.746840582999917
            ],
            [
              108.45763003800006,
              -6.747280364999979
            ],
            [
              108.45741374300012,
              -6.747532734999899
            ],
            [
              108.45728352300009,
              -6.747760339
            ],
            [
              108.457310422,
              -6.748436679999907
            ],
            [
              108.45727967000003,
              -6.749016246999899
            ],
            [
              108.45720048100006,
              -6.749309953999953
            ],
            [
              108.45709962600006,
              -6.749751643
            ],
            [
              108.4570047010001,
              -6.75
            ],
            [
              108.45700468000011,
              -6.750000054999942
            ],
            [
              108.45694946600007,
              -6.750144525999906
            ],
            [
              108.45669363000003,
              -6.75073557899996
            ],
            [
              108.45611812500003,
              -6.751485844999953
            ],
            [
              108.45583265300003,
              -6.751816758999977
            ],
            [
              108.45583265300003,
              -6.751816758999977
            ],
            [
              108.45501571800011,
              -6.75276374
            ],
            [
              108.45466131200001,
              -6.753174559999968
            ],
            [
              108.454286445,
              -6.753803404999951
            ],
            [
              108.45398980400006,
              -6.754301021999913
            ],
            [
              108.45383306900005,
              -6.754563947
            ],
            [
              108.45380648900007,
              -6.754628090999974
            ],
            [
              108.45353078300009,
              -6.755293394999955
            ],
            [
              108.45336316200007,
              -6.75573107199993
            ],
            [
              108.45327517500007,
              -6.755891023999931
            ],
            [
              108.45316438800006,
              -6.756092436999987
            ],
            [
              108.45306565600006,
              -6.756275847999975
            ],
            [
              108.45297934100003,
              -6.756539357999928
            ],
            [
              108.45292314900009,
              -6.756818434999927
            ],
            [
              108.45271748600003,
              -6.757183207
            ],
            [
              108.45255331700012,
              -6.757458427999945
            ],
            [
              108.4525058080001,
              -6.757564069999981
            ],
            [
              108.45211542300004,
              -6.758432209999958
            ],
            [
              108.45196871500008,
              -6.758768569999988
            ],
            [
              108.45185022700004,
              -6.759167885999988
            ],
            [
              108.451819807,
              -6.759502486999962
            ],
            [
              108.45199500200003,
              -6.760089174999921
            ],
            [
              108.45210820300007,
              -6.76038149999995
            ],
            [
              108.45214242400006,
              -6.760600074999916
            ],
            [
              108.45214812500008,
              -6.760921642999966
            ],
            [
              108.45210880400003,
              -6.761237895999932
            ],
            [
              108.4520548870001,
              -6.761462163999925
            ],
            [
              108.45204900100005,
              -6.761822649
            ],
            [
              108.45205436500005,
              -6.761903199
            ]
          ]
        ]
      }
    },
    {
      "type": "Feature",
      "id": 45,
      "properties": {
        "id": 45,
        "nama_sungai": "Sungai Cimanis Hulu",
        "orde_sungai": 3,
        "status": "Aliran Permanen",
        "foto_gallery": [
          {
            "url": "/images/foto_kawasan-znt-sumber.jpg",
            "caption": "Sistem drainase hidrologi Sungai Cimanis Hulu melintasi kawasan Sumber."
          }
        ]
      },
      "geometry": {
        "type": "MultiLineString",
        "coordinates": [
          [
            [
              108.441113192,
              -6.771615387999967
            ],
            [
              108.44120474100004,
              -6.771585531999984
            ],
            [
              108.4413086520001,
              -6.771446914999972
            ],
            [
              108.44083530000002,
              -6.770746142999899
            ],
            [
              108.44061369100007,
              -6.770373409999968
            ],
            [
              108.44059809200012,
              -6.770281419999906
            ],
            [
              108.44064706500008,
              -6.770178608000014
            ],
            [
              108.44094972300007,
              -6.769969878999975
            ],
            [
              108.44123652000009,
              -6.769725947999953
            ],
            [
              108.44132220200007,
              -6.769653070999963
            ],
            [
              108.44148356,
              -6.769491421999911
            ],
            [
              108.44153883500006,
              -6.769372854999959
            ],
            [
              108.44145610900004,
              -6.769064981999977
            ],
            [
              108.44134905000007,
              -6.768771720999959
            ],
            [
              108.44133698700006,
              -6.768634824999912
            ],
            [
              108.44151767700008,
              -6.768131073999976
            ],
            [
              108.44179653900007,
              -6.767699260999953
            ],
            [
              108.44197033500005,
              -6.767414247
            ],
            [
              108.4420310840001,
              -6.767219172999932
            ],
            [
              108.4421082010001,
              -6.766842987999981
            ],
            [
              108.44216797200006,
              -6.766754629999953
            ],
            [
              108.44280451200007,
              -6.76628334299995
            ],
            [
              108.44305468800006,
              -6.766141400000018
            ],
            [
              108.44331399500003,
              -6.766030096999957
            ],
            [
              108.44349669700004,
              -6.765827086999947
            ],
            [
              108.443643331,
              -6.765683442999963
            ],
            [
              108.44422490400008,
              -6.765436855999988
            ],
            [
              108.44427743400007,
              -6.765417095999952
            ]
          ]
        ]
      }
    },
    {
      "type": "Feature",
      "id": 46,
      "properties": {
        "id": 46,
        "nama_sungai": "Sungai Cipager",
        "orde_sungai": 1,
        "status": "Aliran Permanen",
        "foto_gallery": [
          {
            "url": "/images/foto_kawasan-znt-sumber.jpg",
            "caption": "Sistem drainase hidrologi Sungai Cipager melintasi kawasan Sumber."
          }
        ]
      },
      "geometry": {
        "type": "MultiLineString",
        "coordinates": [
          [
            [
              108.44301380300006,
              -6.762973976999957
            ],
            [
              108.44306505100003,
              -6.762895378999938
            ],
            [
              108.44313740000007,
              -6.762718673999972
            ],
            [
              108.44293309200005,
              -6.761746512999915
            ],
            [
              108.44284942900005,
              -6.761466785999952
            ],
            [
              108.44275833300006,
              -6.761125756999979
            ],
            [
              108.44266991400012,
              -6.76066226099991
            ],
            [
              108.44247574900004,
              -6.760202337999958
            ],
            [
              108.441965441,
              -6.758688837999964
            ],
            [
              108.44190647600001,
              -6.758447342999967
            ],
            [
              108.44189847200006,
              -6.75824330299996
            ],
            [
              108.44223841700003,
              -6.757376891999948
            ],
            [
              108.44238861200002,
              -6.756897587
            ],
            [
              108.44242912500009,
              -6.755834170999934
            ],
            [
              108.4424420340001,
              -6.755495414999972
            ],
            [
              108.44241186600009,
              -6.754823003999936
            ],
            [
              108.44237990600001,
              -6.754056243
            ],
            [
              108.44241196100009,
              -6.75384166899992
            ],
            [
              108.44254271900007,
              -6.753556299999934
            ],
            [
              108.44265307300006,
              -6.753367060999908
            ],
            [
              108.44278411400006,
              -6.75299329099998
            ],
            [
              108.44292638300001,
              -6.752755427999928
            ],
            [
              108.44317076100008,
              -6.75257283
            ],
            [
              108.44343370100007,
              -6.752439681999915
            ],
            [
              108.44404436600006,
              -6.752317041999982
            ],
            [
              108.44409890400004,
              -6.752305245999894
            ]
          ]
        ]
      }
    },
    {
      "type": "Feature",
      "id": 47,
      "properties": {
        "id": 47,
        "nama_sungai": "Sungai Cisanggarung",
        "orde_sungai": 2,
        "status": "Aliran Permanen",
        "foto_gallery": [
          {
            "url": "/images/foto_kawasan-znt-sumber.jpg",
            "caption": "Sistem drainase hidrologi Sungai Cisanggarung melintasi kawasan Sumber."
          }
        ]
      },
      "geometry": {
        "type": "MultiLineString",
        "coordinates": [
          [
            [
              108.471710725,
              -6.784063435
            ],
            [
              108.4717699510001,
              -6.783864549999967
            ],
            [
              108.47188926800003,
              -6.783463836999941
            ],
            [
              108.47193710600007,
              -6.783240003999895
            ],
            [
              108.47188627800004,
              -6.782901774999976
            ],
            [
              108.47184837200011,
              -6.782494006999988
            ],
            [
              108.47187850400012,
              -6.782248292
            ],
            [
              108.47192729000007,
              -6.782017558999913
            ],
            [
              108.47193005400003,
              -6.781674819999976
            ],
            [
              108.471869725,
              -6.781411082
            ],
            [
              108.47163771600009,
              -6.781065925999956
            ],
            [
              108.47130395200008,
              -6.780567814999953
            ],
            [
              108.47121403800011,
              -6.780380885999941
            ],
            [
              108.47104936900007,
              -6.779728528999966
            ],
            [
              108.47104713700007,
              -6.779719678999944
            ],
            [
              108.47097395000006,
              -6.779480537999964
            ],
            [
              108.47088506900008,
              -6.779190876999978
            ],
            [
              108.47072950000008,
              -6.77889475
            ],
            [
              108.47053812800006,
              -6.778655869999943
            ],
            [
              108.47041249000004,
              -6.778552802999942
            ],
            [
              108.47034359100003,
              -6.778519537999943
            ]
          ]
        ]
      }
    },
    {
      "type": "Feature",
      "id": 48,
      "properties": {
        "id": 48,
        "nama_sungai": "Saluran Irigasi Sumber",
        "orde_sungai": 3,
        "status": "Aliran Permanen",
        "foto_gallery": [
          {
            "url": "/images/foto_kawasan-znt-sumber.jpg",
            "caption": "Sistem drainase hidrologi Saluran Irigasi Sumber melintasi kawasan Sumber."
          }
        ]
      },
      "geometry": {
        "type": "MultiLineString",
        "coordinates": [
          [
            [
              108.46498289720131,
              -6.793965766751901
            ],
            [
              108.46479307100006,
              -6.793983951999964
            ]
          ]
        ]
      }
    },
    {
      "type": "Feature",
      "id": 49,
      "properties": {
        "id": 49,
        "nama_sungai": "Sungai Cikunten",
        "orde_sungai": 1,
        "status": "Aliran Permanen",
        "foto_gallery": [
          {
            "url": "/images/foto_kawasan-znt-sumber.jpg",
            "caption": "Sistem drainase hidrologi Sungai Cikunten melintasi kawasan Sumber."
          }
        ]
      },
      "geometry": {
        "type": "MultiLineString",
        "coordinates": [
          [
            [
              108.4513614360001,
              -6.748419300999979
            ],
            [
              108.45131146600005,
              -6.748453011000015
            ],
            [
              108.4511994730001,
              -6.748565734999927
            ],
            [
              108.45107608700002,
              -6.748796354
            ],
            [
              108.45099475000005,
              -6.749213008999925
            ],
            [
              108.45090937600008,
              -6.749777302999986
            ],
            [
              108.45084957300011,
              -6.75
            ],
            [
              108.45084950200001,
              -6.75000026399996
            ],
            [
              108.45084950200001,
              -6.75000026399996
            ],
            [
              108.45084854400002,
              -6.750003828999988
            ],
            [
              108.45073481400003,
              -6.750427300999943
            ],
            [
              108.45060587300011,
              -6.750727504999913
            ],
            [
              108.45060403500004,
              -6.750731625999988
            ],
            [
              108.45029833700006,
              -6.7514186409999
            ],
            [
              108.4501891930001,
              -6.751663928999944
            ],
            [
              108.45015872300006,
              -6.752034090999929
            ],
            [
              108.45021527000003,
              -6.752522508999929
            ],
            [
              108.45026995900011,
              -6.753074124
            ],
            [
              108.450264255,
              -6.753250077
            ],
            [
              108.45022063200012,
              -6.754594868999979
            ],
            [
              108.45012510000004,
              -6.755383793999973
            ],
            [
              108.45004016400011,
              -6.755874091999951
            ],
            [
              108.44996720600003,
              -6.756295190999976
            ],
            [
              108.44995476500006,
              -6.756454163999896
            ],
            [
              108.44992719,
              -6.756806347
            ],
            [
              108.44988028400012,
              -6.757405536
            ],
            [
              108.44982772000012,
              -6.758076947999962
            ],
            [
              108.44978207100007,
              -6.758244982999921
            ],
            [
              108.44951363200006,
              -6.759169318999929
            ],
            [
              108.44949589900001,
              -6.759230381999918
            ],
            [
              108.4493627300001,
              -6.76082698699995
            ],
            [
              108.44925830600008,
              -6.761190117999975
            ],
            [
              108.44914197000004,
              -6.761614387
            ],
            [
              108.44907296100011,
              -6.76184593999997
            ],
            [
              108.4489139040001,
              -6.762148857999899
            ],
            [
              108.44875883300006,
              -6.762308835999901
            ],
            [
              108.44823691700012,
              -6.762690841999889
            ],
            [
              108.44813357000001,
              -6.762762497999956
            ],
            [
              108.44808949900009,
              -6.762834438999958
            ],
            [
              108.44769482200003,
              -6.763549774
            ],
            [
              108.44766408900007,
              -6.763819184999901
            ],
            [
              108.44766747700008,
              -6.764193075000017
            ],
            [
              108.44769382300004,
              -6.764480209999972
            ],
            [
              108.44774517200003,
              -6.765039731999904
            ],
            [
              108.44781539400006,
              -6.765517395
            ],
            [
              108.4478899650001,
              -6.765922800999961
            ],
            [
              108.44801819600005,
              -6.76661992299991
            ],
            [
              108.44799277800008,
              -6.767131868
            ],
            [
              108.44790623900012,
              -6.767447238999972
            ],
            [
              108.44775475100002,
              -6.767686997999915
            ],
            [
              108.44726567100005,
              -6.768268706999907
            ],
            [
              108.44707880200005,
              -6.768528423
            ],
            [
              108.44699137400009,
              -6.768849219999977
            ],
            [
              108.44676423300004,
              -6.770048455999904
            ],
            [
              108.44671959100008,
              -6.770316645999978
            ],
            [
              108.44669321800002,
              -6.770475074999942
            ],
            [
              108.44655493100004,
              -6.770851752999933
            ],
            [
              108.44627672300003,
              -6.771587305999953
            ]
          ]
        ]
      }
    },
    {
      "type": "Feature",
      "id": 50,
      "properties": {
        "id": 50,
        "nama_sungai": "Sungai Cimanis Hulu",
        "orde_sungai": 2,
        "status": "Aliran Permanen",
        "foto_gallery": [
          {
            "url": "/images/foto_kawasan-znt-sumber.jpg",
            "caption": "Sistem drainase hidrologi Sungai Cimanis Hulu melintasi kawasan Sumber."
          }
        ]
      },
      "geometry": {
        "type": "MultiLineString",
        "coordinates": [
          [
            [
              108.45731897300008,
              -6.789350852999958
            ],
            [
              108.45730173200008,
              -6.789343947999919
            ],
            [
              108.45711119000003,
              -6.7892030959999
            ],
            [
              108.45698085200009,
              -6.78900546099989
            ],
            [
              108.45691610700005,
              -6.788654762
            ],
            [
              108.45683811,
              -6.788143445999976
            ],
            [
              108.45677612400003,
              -6.787990326999919
            ],
            [
              108.45663802100006,
              -6.787871745999967
            ],
            [
              108.45637645400008,
              -6.787775553999913
            ],
            [
              108.4557915600001,
              -6.787583351
            ],
            [
              108.45560122500007,
              -6.787477373999932
            ],
            [
              108.4554717330001,
              -6.787327107999934
            ],
            [
              108.45538662900007,
              -6.78717236699992
            ],
            [
              108.45536940800007,
              -6.787141053
            ],
            [
              108.45506904200009,
              -6.786861704999973
            ],
            [
              108.45473118800003,
              -6.786610500999972
            ],
            [
              108.45454506200008,
              -6.786472752999943
            ],
            [
              108.45445411500002,
              -6.78636334899995
            ],
            [
              108.45442142800006,
              -6.786007974999945
            ],
            [
              108.4543713400001,
              -6.785755192
            ],
            [
              108.45425889600003,
              -6.785586840999917
            ],
            [
              108.45405514900004,
              -6.785411459999972
            ],
            [
              108.45398669500007,
              -6.78537267399996
            ]
          ]
        ]
      }
    },
    {
      "type": "Feature",
      "id": 51,
      "properties": {
        "id": 51,
        "nama_sungai": "Sungai Cipager",
        "orde_sungai": 3,
        "status": "Aliran Permanen",
        "foto_gallery": [
          {
            "url": "/images/foto_kawasan-znt-sumber.jpg",
            "caption": "Sistem drainase hidrologi Sungai Cipager melintasi kawasan Sumber."
          }
        ]
      },
      "geometry": {
        "type": "MultiLineString",
        "coordinates": [
          [
            [
              108.44891107800004,
              -6.731718800999912
            ],
            [
              108.44932748800002,
              -6.731659412999973
            ],
            [
              108.44976358000005,
              -6.731962874999946
            ],
            [
              108.44993037500008,
              -6.732046184
            ],
            [
              108.4505853910001,
              -6.732113938999921
            ],
            [
              108.45082274200011,
              -6.732086600999969
            ],
            [
              108.45115433400011,
              -6.7320751
            ],
            [
              108.45135063,
              -6.732114396999959
            ],
            [
              108.45149713800005,
              -6.732201485999971
            ],
            [
              108.45150697600006,
              -6.732757096999935
            ],
            [
              108.45152156800002,
              -6.733581094999989
            ],
            [
              108.45154003800005,
              -6.734008457
            ],
            [
              108.45153215500001,
              -6.734121056999902
            ],
            [
              108.45142439900006,
              -6.735660034999961
            ],
            [
              108.4513849590001,
              -6.736166921999979
            ],
            [
              108.45138337500005,
              -6.736906245999956
            ],
            [
              108.45134932000008,
              -6.737112407999961
            ],
            [
              108.4511832540001,
              -6.737908567999932
            ],
            [
              108.45107276200011,
              -6.739473260999988
            ],
            [
              108.45110532400004,
              -6.739983703999945
            ],
            [
              108.45109335200003,
              -6.740940744999905
            ],
            [
              108.45108956600008,
              -6.741045911
            ],
            [
              108.45115126400012,
              -6.741291604999981
            ],
            [
              108.45119453400005,
              -6.741479444999891
            ],
            [
              108.45124529300008,
              -6.741694174999983
            ],
            [
              108.45128912800007,
              -6.742007238999951
            ],
            [
              108.45140646400009,
              -6.742845256999923
            ],
            [
              108.45153837600009,
              -6.743513016999929
            ],
            [
              108.45158442000007,
              -6.743746075999939
            ],
            [
              108.45167454200006,
              -6.744086602999959
            ],
            [
              108.45175257900004,
              -6.744317887
            ],
            [
              108.45176306600011,
              -6.744444011999954
            ],
            [
              108.45178606400006,
              -6.74472067299993
            ],
            [
              108.45177444200007,
              -6.744944801
            ],
            [
              108.45175804700006,
              -6.744989107000025
            ],
            [
              108.45168937400005,
              -6.745466892999945
            ],
            [
              108.45163524200011,
              -6.74584349299993
            ],
            [
              108.45160736300002,
              -6.746813130999955
            ],
            [
              108.45158554900007,
              -6.747571671999923
            ],
            [
              108.45154638100003,
              -6.747762966999941
            ],
            [
              108.45139767500008,
              -6.748146970999917
            ],
            [
              108.4513280560001,
              -6.748309386999944
            ],
            [
              108.4513614360001,
              -6.748419300999979
            ],
            [
              108.45157369700007,
              -6.748663929999969
            ],
            [
              108.45191987500003,
              -6.748921621999974
            ],
            [
              108.4523779770001,
              -6.749326863999931
            ],
            [
              108.45298299800007,
              -6.75
            ],
            [
              108.45298317600007,
              -6.750000197999954
            ],
            [
              108.45298317600007,
              -6.750000197999954
            ],
            [
              108.45308260000004,
              -6.750110818999959
            ],
            [
              108.45318477000006,
              -6.750218460999983
            ],
            [
              108.4531852120001,
              -6.750218926999933
            ],
            [
              108.45356461400004,
              -6.750618641999965
            ],
            [
              108.45405816300011,
              -6.751801568999964
            ],
            [
              108.45405820400003,
              -6.751801666999972
            ],
            [
              108.45418374100002,
              -6.752153747999971
            ],
            [
              108.45436121600005,
              -6.752593797999966
            ],
            [
              108.4544959200001,
              -6.752914947999981
            ],
            [
              108.45461917900008,
              -6.753125365999983
            ],
            [
              108.45466131200001,
              -6.753174559999968
            ]
          ]
        ]
      }
    },
    {
      "type": "Feature",
      "id": 52,
      "properties": {
        "id": 52,
        "nama_sungai": "Sungai Cisanggarung",
        "orde_sungai": 1,
        "status": "Aliran Permanen",
        "foto_gallery": [
          {
            "url": "/images/foto_kawasan-znt-sumber.jpg",
            "caption": "Sistem drainase hidrologi Sungai Cisanggarung melintasi kawasan Sumber."
          }
        ]
      },
      "geometry": {
        "type": "MultiLineString",
        "coordinates": [
          [
            [
              108.4546645380001,
              -6.774612739
            ],
            [
              108.45511471800005,
              -6.77430347399998
            ],
            [
              108.45525681400008,
              -6.774141121999959
            ],
            [
              108.4554707510001,
              -6.773703824999926
            ],
            [
              108.45554338000008,
              -6.773439203999969
            ],
            [
              108.45555037600003,
              -6.77323776199991
            ],
            [
              108.45554871100008,
              -6.773220880999935
            ],
            [
              108.45549283600008,
              -6.772654012000016
            ],
            [
              108.45549888500004,
              -6.772429835999942
            ],
            [
              108.45557882500007,
              -6.772201827999906
            ],
            [
              108.45576196000005,
              -6.77196430099997
            ],
            [
              108.45603139600004,
              -6.771763483999964
            ],
            [
              108.4564957690001,
              -6.771590148999922
            ],
            [
              108.45669101200009,
              -6.77157975699995
            ],
            [
              108.45673542500003,
              -6.771585754999913
            ],
            [
              108.45693047900009,
              -6.771658324999967
            ],
            [
              108.45699379600009,
              -6.77175748
            ],
            [
              108.45726664400011,
              -6.772066674
            ],
            [
              108.45754751500007,
              -6.77233725799992
            ],
            [
              108.45767827900006,
              -6.772416964999943
            ],
            [
              108.4581338420001,
              -6.772413546999926
            ],
            [
              108.45836615400013,
              -6.772340882999954
            ],
            [
              108.45846324100009,
              -6.772256737999919
            ],
            [
              108.4586255360001,
              -6.771867408999947
            ],
            [
              108.4586770240001,
              -6.771639168999981
            ],
            [
              108.45852829800005,
              -6.771244814999948
            ],
            [
              108.45845383800011,
              -6.771041211999977
            ],
            [
              108.45844444600004,
              -6.770927047999946
            ],
            [
              108.45888004000003,
              -6.770720933999945
            ],
            [
              108.45950686100011,
              -6.770619062999954
            ],
            [
              108.45973279300006,
              -6.770600967999966
            ],
            [
              108.45992769600011,
              -6.770512290999912
            ],
            [
              108.46001788900011,
              -6.770418547999972
            ],
            [
              108.45982409200006,
              -6.770133418999917
            ],
            [
              108.45972201400005,
              -6.76998985099994
            ],
            [
              108.459690155,
              -6.769832533999891
            ],
            [
              108.45972639000006,
              -6.76955427299996
            ],
            [
              108.46002009800011,
              -6.768919578999936
            ],
            [
              108.46014376800004,
              -6.768486974999936
            ],
            [
              108.4602066630001,
              -6.768312657
            ],
            [
              108.46038441400006,
              -6.768080511999967
            ],
            [
              108.46063441100004,
              -6.767887876999927
            ],
            [
              108.46088902300006,
              -6.767687573999963
            ],
            [
              108.46098834000011,
              -6.767548130999971
            ],
            [
              108.46098975700005,
              -6.767424172999929
            ],
            [
              108.46097242700004,
              -6.767283768999947
            ],
            [
              108.46103991700002,
              -6.767140110999962
            ],
            [
              108.4612994830001,
              -6.766889469
            ],
            [
              108.4616891890001,
              -6.766663066000016
            ],
            [
              108.46186151100007,
              -6.766556177999965
            ],
            [
              108.46192709200007,
              -6.766493944999967
            ]
          ]
        ]
      }
    }
  ]
}