{
  "type": "FeatureCollection",
  "features": [
    {
      "type": "Feature",
      "id": 26,
      "properties": {
        "object_id": 1,
        "kode_zona": "AA",
        "kelas_nilai": 2,
        "range_nilai": "Rp 250.000–Rp 500.000",
        "nir_m2": 350000,
        "penggunaan_dominan": "Permukiman Kepadatan Rendah",
        "klasifikasi_tekstual": "Sedang Rendah",
        "kantor_pertanahan": "Kantor Pertanahan Kab. Cirebon",
        "tahun_penilaian": "2026",
        "warna_simbologi": "#66bf50",
        "foto_gallery": [
          {
            "url": "/images/foto_kawasan-znt-sumber.jpg",
            "caption": "Verifikasi batas delineasi dan tutupan fisik Zona AA (Kelas 2)."
          },
          {
            "url": "/images/foto_pelayanan-bpn-cirebon.jpg",
            "caption": "Pencatatan sampel transaksi pembanding dan validasi batas zona nilai tanah."
          },
          {
            "url": "/images/foto_kantor-bpn-cirebon.jpg",
            "caption": "Peta Zona Nilai Tanah resmi terbitan Kantor Pertanahan ATR/BPN Kabupaten Cirebon."
          }
        ],
        "rpbulat": 350000,
        "jenis_zona": "Pertanian",
        "jumlah_sampel": 4,
        "nilai_tertinggi": 402500,
        "nilai_terendah": 308000,
        "simpangan_baku": 28000,
        "simpangan_baku_relatif": "7.5%",
        "satuan_wilayah_provinsi": "Jawa Barat",
        "satuan_wilayah_kabupaten": "Kabupaten Cirebon"
      },
      "geometry": {
        "type": "MultiPolygon",
        "coordinates": [
          [
            [
              [
                108.47563000032432,
                -6.797459999579246
              ],
              [
                108.4762221247513,
                -6.797934447716557
              ],
              [
                108.47562983664773,
                -6.79746012368571
              ],
              [
                108.47563000032432,
                -6.797459999579246
              ]
            ]
          ],
          [
            [
              [
                108.47834379902719,
                -6.799137636292812
              ],
              [
                108.47828678560671,
                -6.799146062940395
              ],
              [
                108.4779821321697,
                -6.799115077698616
              ],
              [
                108.47791974530008,
                -6.799108732981608
              ],
              [
                108.47777562714356,
                -6.799094075830908
              ],
              [
                108.47761221852915,
                -6.798997348348905
              ],
              [
                108.47777600036221,
                -6.799093999388504
              ],
              [
                108.4778793117809,
                -6.799104512463259
              ],
              [
                108.47828699964538,
                -6.799145999987843
              ],
              [
                108.47893499985042,
                -6.799050000057434
              ],
              [
                108.47933200017172,
                -6.798865999666077
              ],
              [
                108.47959100042436,
                -6.798654999828329
              ],
              [
                108.47985800014663,
                -6.79795900010771
              ],
              [
                108.48016185768364,
                -6.797217814850228
              ],
              [
                108.47985844261308,
                -6.797959225837531
              ],
              [
                108.47959708074075,
                -6.798640166410507
              ],
              [
                108.47959142580373,
                -6.798654900003612
              ],
              [
                108.47959136464982,
                -6.798654950365631
              ],
              [
                108.47959127741558,
                -6.79865502141206
              ],
              [
                108.47933200197036,
                -6.798866157946804
              ],
              [
                108.47893528583484,
                -6.799050214096042
              ],
              [
                108.47834379902719,
                -6.799137636292812
              ]
            ]
          ],
          [
            [
              [
                108.48031621282303,
                -6.796764264259366
              ],
              [
                108.48019791240381,
                -6.797119122349557
              ],
              [
                108.48031599968368,
                -6.796763999858683
              ],
              [
                108.48038463594224,
                -6.796615180945821
              ],
              [
                108.48031621282303,
                -6.796764264259366
              ]
            ]
          ],
          [
            [
              [
                108.48077398303298,
                -6.796282194367734
              ],
              [
                108.4806695393678,
                -6.796356402825666
              ],
              [
                108.48077400012005,
                -6.796282000114161
              ],
              [
                108.4811549997035,
                -6.796103999999559
              ],
              [
                108.48141512410876,
                -6.796006453235179
              ],
              [
                108.48115544306933,
                -6.796104328252113
              ],
              [
                108.48077398303298,
                -6.796282194367734
              ]
            ]
          ],
          [
            [
              [
                108.48210911474393,
                -6.795555497188388
              ],
              [
                108.48194071669076,
                -6.795722593023186
              ],
              [
                108.48210899963067,
                -6.795554999863327
              ],
              [
                108.48226839367152,
                -6.79532621503273
              ],
              [
                108.48210911474393,
                -6.795555497188388
              ]
            ]
          ],
          [
            [
              [
                108.48235860196797,
                -6.795196361922535
              ],
              [
                108.48234139703789,
                -6.795221127453033
              ],
              [
                108.4824534741486,
                -6.794974366074086
              ],
              [
                108.48235800122086,
                -6.795193000256688
              ],
              [
                108.48235860196797,
                -6.795196361922535
              ]
            ]
          ],
          [
            [
              [
                108.48241899863791,
                -6.794067001390943
              ],
              [
                108.48241976935691,
                -6.794069589639776
              ],
              [
                108.48235959661815,
                -6.793962615282396
              ],
              [
                108.48241899863791,
                -6.794067001390943
              ]
            ]
          ],
          [
            [
              [
                108.48206863535927,
                -6.793434817562741
              ],
              [
                108.48211489198872,
                -6.793526367647701
              ],
              [
                108.4819900004382,
                -6.79330000019479
              ],
              [
                108.48195589544827,
                -6.793163582033628
              ],
              [
                108.48196557305283,
                -6.793193535753005
              ],
              [
                108.48196559913316,
                -6.793193614893369
              ],
              [
                108.48199930032752,
                -6.793297241074754
              ],
              [
                108.48206863535927,
                -6.793434817562741
              ]
            ]
          ],
          [
            [
              [
                108.48194438772339,
                -6.792980064578273
              ],
              [
                108.48193999993111,
                -6.793043694310995
              ],
              [
                108.48193999993111,
                -6.792979999827082
              ],
              [
                108.48226999986065,
                -6.792529999759608
              ],
              [
                108.48227664045464,
                -6.792524530982291
              ],
              [
                108.48227437686108,
                -6.792526561651471
              ],
              [
                108.48227300179764,
                -6.792528452925694
              ],
              [
                108.48208010441334,
                -6.792793552380488
              ],
              [
                108.48194438772339,
                -6.792980064578273
              ]
            ]
          ],
          [
            [
              [
                108.48356521336399,
                -6.792205945248156
              ],
              [
                108.48321000004154,
                -6.792443000244191
              ],
              [
                108.48312042127048,
                -6.792438023396016
              ],
              [
                108.48302999983468,
                -6.792432999783045
              ],
              [
                108.48277569404308,
                -6.792413047424134
              ],
              [
                108.48274862175157,
                -6.792410923225475
              ],
              [
                108.48302999983468,
                -6.792429999644696
              ],
              [
                108.48321000004154,
                -6.792440000105898
              ],
              [
                108.48368999969381,
                -6.792119999738134
              ],
              [
                108.48381910456806,
                -6.792014677435361
              ],
              [
                108.48369099884059,
                -6.792121999830385
              ],
              [
                108.48356521336399,
                -6.792205945248156
              ]
            ]
          ],
          [
            [
              [
                108.48428400010658,
                -6.791567001216094
              ],
              [
                108.4842413353694,
                -6.791614187744528
              ],
              [
                108.48427999992214,
                -6.791569999555804
              ],
              [
                108.48450999973676,
                -6.791190000018446
              ],
              [
                108.4845499997827,
                -6.791049999857535
              ],
              [
                108.48450263159123,
                -6.790962368118755
              ],
              [
                108.48455199987495,
                -6.791052999995884
              ],
              [
                108.48453412584928,
                -6.791113771683172
              ],
              [
                108.48451199982901,
                -6.791188999972348
              ],
              [
                108.48437450428003,
                -6.791416954728618
              ],
              [
                108.48428400010658,
                -6.791567001216094
              ]
            ]
          ],
          [
            [
              [
                108.48409041384161,
                -6.790154209449156
              ],
              [
                108.48409015303821,
                -6.790160382395698
              ],
              [
                108.48409000015346,
                -6.790160000183789
              ],
              [
                108.48409041384161,
                -6.790154209449156
              ]
            ]
          ],
          [
            [
              [
                108.48530047054032,
                -6.789921756284002
              ],
              [
                108.4854200003328,
                -6.789929999469848
              ],
              [
                108.48548157961125,
                -6.789926758313186
              ],
              [
                108.48541500010225,
                -6.789933001406837
              ],
              [
                108.48530047054032,
                -6.789921756284002
              ]
            ]
          ],
          [
            [
              [
                108.48462999987464,
                -6.789810000231284
              ],
              [
                108.48476920143753,
                -6.789837840543839
              ],
              [
                108.48462999987464,
                -6.789812001222856
              ],
              [
                108.4843769998987,
                -6.789813001268953
              ],
              [
                108.48429445652403,
                -6.789846018079231
              ],
              [
                108.48438000003705,
                -6.789810000231284
              ],
              [
                108.48462999987464,
                -6.789810000231284
              ]
            ]
          ],
          [
            [
              [
                108.48575200035458,
                -6.789792000300508
              ],
              [
                108.48570396306752,
                -6.789832748582455
              ],
              [
                108.48575000026239,
                -6.789790000208313
              ],
              [
                108.48585999993912,
                -6.789599999540314
              ],
              [
                108.48600300023833,
                -6.789151999565092
              ],
              [
                108.48600361267665,
                -6.78915225677116
              ],
              [
                108.48585899989297,
                -6.789604999770859
              ],
              [
                108.48582724663021,
                -6.789660489739788
              ],
              [
                108.48575200035458,
                -6.789792000300508
              ]
            ]
          ]
        ]
      }
    },
    {
      "type": "Feature",
      "id": 27,
      "properties": {
        "object_id": 2,
        "kode_zona": "AB",
        "kelas_nilai": 1,
        "range_nilai": "Rp < 250.000",
        "nir_m2": 75000,
        "penggunaan_dominan": "Pertanian Terbuka dan Lahan Konservasi",
        "klasifikasi_tekstual": "Sangat Rendah",
        "kantor_pertanahan": "Kantor Pertanahan Kab. Cirebon",
        "tahun_penilaian": "2026",
        "warna_simbologi": "#38a850",
        "foto_gallery": [
          {
            "url": "/images/foto_kawasan-znt-sumber.jpg",
            "caption": "Verifikasi batas delineasi dan tutupan fisik Zona AB (Kelas 1)."
          },
          {
            "url": "/images/foto_pelayanan-bpn-cirebon.jpg",
            "caption": "Pencatatan sampel transaksi pembanding dan validasi batas zona nilai tanah."
          },
          {
            "url": "/images/foto_kantor-bpn-cirebon.jpg",
            "caption": "Peta Zona Nilai Tanah resmi terbitan Kantor Pertanahan ATR/BPN Kabupaten Cirebon."
          }
        ],
        "rpbulat": 75000,
        "jenis_zona": "Pertanian",
        "jumlah_sampel": 5,
        "nilai_tertinggi": 86250,
        "nilai_terendah": 66000,
        "simpangan_baku": 6000,
        "simpangan_baku_relatif": "8.5%",
        "satuan_wilayah_provinsi": "Jawa Barat",
        "satuan_wilayah_kabupaten": "Kabupaten Cirebon"
      },
      "geometry": {
        "type": "MultiPolygon",
        "coordinates": [
          [
            [
              [
                108.4700540012912,
                -6.791828998909125
              ],
              [
                108.47007076015751,
                -6.791838958900769
              ],
              [
                108.47005391855356,
                -6.791829166183049
              ],
              [
                108.4700540012912,
                -6.791828998909125
              ]
            ]
          ],
          [
            [
              [
                108.47488900032715,
                -6.789305999472276
              ],
              [
                108.47430600042162,
                -6.792208000199025
              ],
              [
                108.47484800023506,
                -6.795446999379465
              ],
              [
                108.47477201201878,
                -6.79662981831143
              ],
              [
                108.47450676687384,
                -6.796343787136038
              ],
              [
                108.47444920037037,
                -6.796281708733829
              ],
              [
                108.47422033909743,
                -6.796031835700603
              ],
              [
                108.47375492824739,
                -6.795507789053147
              ],
              [
                108.47325902588341,
                -6.794946094086924
              ],
              [
                108.47286228456682,
                -6.794534095771837
              ],
              [
                108.4726181671947,
                -6.794222226174725
              ],
              [
                108.47242741289483,
                -6.793985264708169
              ],
              [
                108.47145848422173,
                -6.792936228024473
              ],
              [
                108.47087103806803,
                -6.792411213706487
              ],
              [
                108.47017819226983,
                -6.791909268797667
              ],
              [
                108.47016957316731,
                -6.791903024804697
              ],
              [
                108.4701779998149,
                -6.791908999900386
              ],
              [
                108.4702789999759,
                -6.791424000017514
              ],
              [
                108.47027499979146,
                -6.790923999442953
              ],
              [
                108.47072199972058,
                -6.790520999744274
              ],
              [
                108.47086600006594,
                -6.789669000024276
              ],
              [
                108.47086299992759,
                -6.789168999449714
              ],
              [
                108.47075799958208,
                -6.788469999590745
              ],
              [
                108.47088900022726,
                -6.787833999939096
              ],
              [
                108.47100300008844,
                -6.78742700005597
              ],
              [
                108.47188100010811,
                -6.787808999685524
              ],
              [
                108.47296599978114,
                -6.788221999845348
              ],
              [
                108.47402500005376,
                -6.788454999798375
              ],
              [
                108.47488900032715,
                -6.789305999472276
              ]
            ]
          ]
        ]
      }
    },
    {
      "type": "Feature",
      "id": 29,
      "properties": {
        "object_id": 3,
        "kode_zona": "AC",
        "kelas_nilai": 2,
        "range_nilai": "Rp 250.000–Rp 500.000",
        "nir_m2": 350000,
        "penggunaan_dominan": "Permukiman Kepadatan Rendah",
        "klasifikasi_tekstual": "Sedang Rendah",
        "kantor_pertanahan": "Kantor Pertanahan Kab. Cirebon",
        "tahun_penilaian": "2026",
        "warna_simbologi": "#66bf50",
        "foto_gallery": [
          {
            "url": "/images/foto_kawasan-znt-sumber.jpg",
            "caption": "Verifikasi batas delineasi dan tutupan fisik Zona AC (Kelas 2)."
          },
          {
            "url": "/images/foto_pelayanan-bpn-cirebon.jpg",
            "caption": "Pencatatan sampel transaksi pembanding dan validasi batas zona nilai tanah."
          },
          {
            "url": "/images/foto_kantor-bpn-cirebon.jpg",
            "caption": "Peta Zona Nilai Tanah resmi terbitan Kantor Pertanahan ATR/BPN Kabupaten Cirebon."
          }
        ],
        "rpbulat": 350000,
        "jenis_zona": "Pertanian",
        "jumlah_sampel": 6,
        "nilai_tertinggi": 402500,
        "nilai_terendah": 308000,
        "simpangan_baku": 28000,
        "simpangan_baku_relatif": "9.5%",
        "satuan_wilayah_provinsi": "Jawa Barat",
        "satuan_wilayah_kabupaten": "Kabupaten Cirebon"
      },
      "geometry": {
        "type": "MultiPolygon",
        "coordinates": [
          [
            [
              [
                108.45715891025554,
                -6.7965954776991
              ],
              [
                108.45710999972675,
                -6.796757999581985
              ],
              [
                108.45710994486814,
                -6.796757857489069
              ],
              [
                108.45715891025554,
                -6.7965954776991
              ]
            ]
          ],
          [
            [
              [
                108.45714599958825,
                -6.795695000024182
              ],
              [
                108.45719988336799,
                -6.79584459774992
              ],
              [
                108.4571457387849,
                -6.795694721234327
              ],
              [
                108.45707572386561,
                -6.795588601232907
              ],
              [
                108.45714599958825,
                -6.795695000024182
              ]
            ]
          ],
          [
            [
              [
                108.45678706127393,
                -6.795083121089135
              ],
              [
                108.45682527526628,
                -6.795159022970495
              ],
              [
                108.45678715390409,
                -6.795083408872188
              ],
              [
                108.45678706127393,
                -6.795083121089135
              ]
            ]
          ],
          [
            [
              [
                108.45661200014376,
                -6.794808999635563
              ],
              [
                108.45668415365083,
                -6.794882831277619
              ],
              [
                108.45661187064138,
                -6.794808945676266
              ],
              [
                108.45661200014376,
                -6.794808999635563
              ]
            ]
          ],
          [
            [
              [
                108.45599400042283,
                -6.794470000190302
              ],
              [
                108.45607052733305,
                -6.794541491796338
              ],
              [
                108.45599372073366,
                -6.794470212430326
              ],
              [
                108.45594713765036,
                -6.794372199817133
              ],
              [
                108.45599400042283,
                -6.794470000190302
              ]
            ]
          ],
          [
            [
              [
                108.45582599987006,
                -6.793862000031254
              ],
              [
                108.45583644189833,
                -6.793929175790765
              ],
              [
                108.45582586497176,
                -6.793862236552911
              ],
              [
                108.45545202309245,
                -6.793600443005971
              ],
              [
                108.45521552117941,
                -6.793424004114456
              ],
              [
                108.45507818031382,
                -6.793241398571638
              ],
              [
                108.45507803192567,
                -6.793241041540796
              ],
              [
                108.45521599961876,
                -6.793423999617858
              ],
              [
                108.45545199971008,
                -6.793599999640207
              ],
              [
                108.45582599987006,
                -6.793862000031254
              ]
            ]
          ],
          [
            [
              [
                108.45496399968891,
                -6.79296600008081
              ],
              [
                108.45507402005006,
                -6.793231397211173
              ],
              [
                108.45496371280518,
                -6.792966258186198
              ],
              [
                108.45494086372992,
                -6.791848067234469
              ],
              [
                108.45491796519201,
                -6.791603465127764
              ],
              [
                108.45481877986288,
                -6.791512379992298
              ],
              [
                108.45477001142694,
                -6.791477525867094
              ],
              [
                108.45481900019678,
                -6.791511999579086
              ],
              [
                108.45491800026554,
                -6.79160300017827
              ],
              [
                108.45493706139632,
                -6.791806042814585
              ],
              [
                108.45494100042691,
                -6.791847999785318
              ],
              [
                108.45496399968891,
                -6.79296600008081
              ]
            ]
          ],
          [
            [
              [
                108.4547650004045,
                -6.791473999625339
              ],
              [
                108.45476510742384,
                -6.791474075168367
              ],
              [
                108.45459955302704,
                -6.791387229437021
              ],
              [
                108.45451358413465,
                -6.7913421311344
              ],
              [
                108.45429482584558,
                -6.791260238868858
              ],
              [
                108.45454300005946,
                -6.791300999741281
              ],
              [
                108.45460600026678,
                -6.791339999741126
              ],
              [
                108.45459999999008,
                -6.791387000109921
              ],
              [
                108.4547650004045,
                -6.791473999625339
              ]
            ]
          ]
        ]
      }
    },
    {
      "type": "Feature",
      "id": 30,
      "properties": {
        "object_id": 4,
        "kode_zona": "AD",
        "kelas_nilai": 1,
        "range_nilai": "Rp < 250.000",
        "nir_m2": 150000,
        "penggunaan_dominan": "Permukiman Pedesaan dan Tegalan",
        "klasifikasi_tekstual": "Rendah",
        "kantor_pertanahan": "Kantor Pertanahan Kab. Cirebon",
        "tahun_penilaian": "2026",
        "warna_simbologi": "#38a850",
        "foto_gallery": [
          {
            "url": "/images/foto_kawasan-znt-sumber.jpg",
            "caption": "Verifikasi batas delineasi dan tutupan fisik Zona AD (Kelas 1)."
          },
          {
            "url": "/images/foto_pelayanan-bpn-cirebon.jpg",
            "caption": "Pencatatan sampel transaksi pembanding dan validasi batas zona nilai tanah."
          },
          {
            "url": "/images/foto_kantor-bpn-cirebon.jpg",
            "caption": "Peta Zona Nilai Tanah resmi terbitan Kantor Pertanahan ATR/BPN Kabupaten Cirebon."
          }
        ],
        "rpbulat": 150000,
        "jenis_zona": "Pertanian",
        "jumlah_sampel": 7,
        "nilai_tertinggi": 172500,
        "nilai_terendah": 132000,
        "simpangan_baku": 12000,
        "simpangan_baku_relatif": "10.5%",
        "satuan_wilayah_provinsi": "Jawa Barat",
        "satuan_wilayah_kabupaten": "Kabupaten Cirebon"
      },
      "geometry": {
        "type": "MultiPolygon",
        "coordinates": [
          [
            [
              [
                108.45594299986959,
                -6.799123877564853
              ],
              [
                108.4559403081987,
                -6.799124129375002
              ],
              [
                108.45594035046685,
                -6.799123967497053
              ],
              [
                108.45658571565832,
                -6.799064024085396
              ],
              [
                108.45594299986959,
                -6.799123877564853
              ]
            ]
          ],
          [
            [
              [
                108.45884705374857,
                -6.79880018907744
              ],
              [
                108.45774846711811,
                -6.799020181236301
              ],
              [
                108.45739863713743,
                -6.799018401478008
              ],
              [
                108.45774800036997,
                -6.799019999573261
              ],
              [
                108.45884705374857,
                -6.79880018907744
              ]
            ]
          ],
          [
            [
              [
                108.46057296876756,
                -6.798653595087274
              ],
              [
                108.46055944476262,
                -6.798657104241897
              ],
              [
                108.46061999971329,
                -6.798641000082057
              ],
              [
                108.46062101684652,
                -6.798641125987103
              ],
              [
                108.4606203846231,
                -6.798641289663749
              ],
              [
                108.46057296876756,
                -6.798653595087274
              ]
            ]
          ],
          [
            [
              [
                108.45610099996122,
                -6.798666999482407
              ],
              [
                108.45602194595608,
                -6.798842498582417
              ],
              [
                108.45610052332057,
                -6.798666842101056
              ],
              [
                108.45619897210491,
                -6.798423968491306
              ],
              [
                108.45610099996122,
                -6.798666999482407
              ]
            ]
          ],
          [
            [
              [
                108.45650498351824,
                -6.797580041985327
              ],
              [
                108.45647238849,
                -6.797665410130548
              ],
              [
                108.45650488009619,
                -6.797580133716167
              ],
              [
                108.45650498351824,
                -6.797580041985327
              ]
            ]
          ],
          [
            [
              [
                108.45684099991229,
                -6.797281999464644
              ],
              [
                108.45651705691671,
                -6.79756930587871
              ],
              [
                108.45684056733836,
                -6.797281635239244
              ],
              [
                108.45700078156091,
                -6.797081813974501
              ],
              [
                108.45707289190051,
                -6.796906054970407
              ],
              [
                108.45700100009611,
                -6.797082000134139
              ],
              [
                108.45684099991229,
                -6.797281999464644
              ]
            ]
          ],
          [
            [
              [
                108.45710799963456,
                -6.796765999950878
              ],
              [
                108.4570793058653,
                -6.796886331938595
              ],
              [
                108.45710758324844,
                -6.796765688785456
              ],
              [
                108.45710994486814,
                -6.796757857489069
              ],
              [
                108.45710999972675,
                -6.796757999581985
              ],
              [
                108.45710799963456,
                -6.796765999950878
              ]
            ]
          ],
          [
            [
              [
                108.44994100007716,
                -6.783644000070524
              ],
              [
                108.45074800041994,
                -6.784529999559766
              ],
              [
                108.4517319999319,
                -6.784523000136289
              ],
              [
                108.45206700009203,
                -6.784058999423223
              ],
              [
                108.45214099990727,
                -6.783803000208252
              ],
              [
                108.45261800032051,
                -6.783655999724544
              ],
              [
                108.45283400038886,
                -6.783653999632349
              ],
              [
                108.45332699974131,
                -6.7838349998853
              ],
              [
                108.45378400013158,
                -6.784135000230037
              ],
              [
                108.45378900036212,
                -6.784794000043007
              ],
              [
                108.4538359998316,
                -6.785517000109394
              ],
              [
                108.4537539996474,
                -6.78585699960081
              ],
              [
                108.45375799983191,
                -6.786452000059683
              ],
              [
                108.45380500020065,
                -6.787003999435001
              ],
              [
                108.4539790001308,
                -6.787597999847776
              ],
              [
                108.45381299967028,
                -6.788193999453483
              ],
              [
                108.45402899973863,
                -6.78861800012055
              ],
              [
                108.45416000038375,
                -6.78912700021084
              ],
              [
                108.45416299962278,
                -6.78950899984045
              ],
              [
                108.45454900033616,
                -6.789973999700294
              ],
              [
                108.45468200017422,
                -6.790781000043069
              ],
              [
                108.45466361443431,
                -6.790916230199798
              ],
              [
                108.45462371151513,
                -6.791209728446177
              ],
              [
                108.45460600026678,
                -6.791339999741126
              ],
              [
                108.45454300005946,
                -6.791300999741281
              ],
              [
                108.45429482584558,
                -6.791260238868858
              ],
              [
                108.45378117985763,
                -6.79106795662085
              ],
              [
                108.45371251032418,
                -6.790960188162103
              ],
              [
                108.45253757035266,
                -6.791057002878347
              ],
              [
                108.45220188311049,
                -6.790547730293497
              ],
              [
                108.45211033842145,
                -6.790377504817968
              ],
              [
                108.45215611031631,
                -6.789894006802911
              ],
              [
                108.45218662521262,
                -6.789611225777378
              ],
              [
                108.4521484939579,
                -6.789373273257922
              ],
              [
                108.45188145286681,
                -6.789025181666773
              ],
              [
                108.45167546585014,
                -6.788823958358932
              ],
              [
                108.45102696562202,
                -6.788555973879056
              ],
              [
                108.45078282396821,
                -6.788445835706682
              ],
              [
                108.45058445330994,
                -6.788184066441488
              ],
              [
                108.45039372419109,
                -6.787978055143071
              ],
              [
                108.45014958073864,
                -6.787713891882561
              ],
              [
                108.45003513931027,
                -6.787544150242297
              ],
              [
                108.44995123526138,
                -6.787037730306963
              ],
              [
                108.44992833672342,
                -6.786869875444324
              ],
              [
                108.44987492418846,
                -6.786771173051136
              ],
              [
                108.44980625375564,
                -6.786579984378704
              ],
              [
                108.44975286460306,
                -6.786292922580287
              ],
              [
                108.4496994520681,
                -6.786097404571535
              ],
              [
                108.44956211120251,
                -6.785878070716365
              ],
              [
                108.44934850692812,
                -6.785721168696909
              ],
              [
                108.44887547971967,
                -6.78564584867695
              ],
              [
                108.44861608016805,
                -6.785616277169424
              ],
              [
                108.44847112204468,
                -6.785549033960706
              ],
              [
                108.44844060804769,
                -6.785517575675556
              ],
              [
                108.44837955397333,
                -6.785365002093101
              ],
              [
                108.448036226091,
                -6.784975902315978
              ],
              [
                108.44792180804507,
                -6.784840470711117
              ],
              [
                108.4478760361502,
                -6.784672640130168
              ],
              [
                108.44789891040642,
                -6.784478549345522
              ],
              [
                108.44811192292696,
                -6.784202336968235
              ],
              [
                108.44943700021747,
                -6.784048999861398
              ],
              [
                108.44925399987227,
                -6.783807999539476
              ],
              [
                108.44919099966495,
                -6.783475999517691
              ],
              [
                108.44918999961885,
                -6.783264999679943
              ],
              [
                108.44924799959557,
                -6.782962000096177
              ],
              [
                108.44945900033264,
                -6.782899999935012
              ],
              [
                108.44976900023926,
                -6.782835999681595
              ],
              [
                108.44994100007716,
                -6.783644000070524
              ]
            ]
          ]
        ]
      }
    },
    {
      "type": "Feature",
      "id": 38,
      "properties": {
        "object_id": 5,
        "kode_zona": "AE",
        "kelas_nilai": 3,
        "range_nilai": "Rp 500.000–Rp 1.000.000",
        "nir_m2": 750000,
        "penggunaan_dominan": "Permukiman Terencana dan Koridor Lingkungan",
        "klasifikasi_tekstual": "Sedang",
        "kantor_pertanahan": "Kantor Pertanahan Kab. Cirebon",
        "tahun_penilaian": "2026",
        "warna_simbologi": "#9bd950",
        "foto_gallery": [
          {
            "url": "/images/foto_kawasan-znt-sumber.jpg",
            "caption": "Verifikasi batas delineasi dan tutupan fisik Zona AE (Kelas 3)."
          },
          {
            "url": "/images/foto_pelayanan-bpn-cirebon.jpg",
            "caption": "Pencatatan sampel transaksi pembanding dan validasi batas zona nilai tanah."
          },
          {
            "url": "/images/foto_kantor-bpn-cirebon.jpg",
            "caption": "Peta Zona Nilai Tanah resmi terbitan Kantor Pertanahan ATR/BPN Kabupaten Cirebon."
          }
        ],
        "rpbulat": 750000,
        "jenis_zona": "Non Pertanian",
        "jumlah_sampel": 4,
        "nilai_tertinggi": 862500,
        "nilai_terendah": 660000,
        "simpangan_baku": 60000,
        "simpangan_baku_relatif": "11.5%",
        "satuan_wilayah_provinsi": "Jawa Barat",
        "satuan_wilayah_kabupaten": "Kabupaten Cirebon"
      },
      "geometry": {
        "type": "MultiPolygon",
        "coordinates": [
          [
            [
              [
                108.500855325413,
                -6.760469126548912
              ],
              [
                108.50074717024575,
                -6.760495506362474
              ],
              [
                108.50053777839582,
                -6.760495506362474
              ],
              [
                108.50022368927188,
                -6.760495506362474
              ],
              [
                108.49995718867336,
                -6.760533577362651
              ],
              [
                108.49986201072329,
                -6.760666827212276
              ],
              [
                108.49980042874682,
                -6.760828478551389
              ],
              [
                108.49977982258082,
                -6.760823596132013
              ],
              [
                108.49984299995452,
                -6.760433999929091
              ],
              [
                108.50063699969786,
                -6.760395999975344
              ],
              [
                108.5008539998123,
                -6.76041700004447
              ],
              [
                108.500855325413,
                -6.760469126548912
              ]
            ]
          ]
        ]
      }
    },
    {
      "type": "Feature",
      "id": 40,
      "properties": {
        "object_id": 6,
        "kode_zona": "AF",
        "kelas_nilai": 7,
        "range_nilai": "Rp 4.000.000–Rp 6.000.000",
        "nir_m2": 3500000,
        "penggunaan_dominan": "Pusat Perdagangan, Jasa Komersial, dan Koridor Utama Sumber",
        "klasifikasi_tekstual": "Sangat Tinggi",
        "kantor_pertanahan": "Kantor Pertanahan Kab. Cirebon",
        "tahun_penilaian": "2026",
        "warna_simbologi": "#ff4850",
        "foto_gallery": [
          {
            "url": "/images/foto_kawasan-znt-sumber.jpg",
            "caption": "Verifikasi batas delineasi dan tutupan fisik Zona AF (Kelas 7)."
          },
          {
            "url": "/images/foto_pelayanan-bpn-cirebon.jpg",
            "caption": "Pencatatan sampel transaksi pembanding dan validasi batas zona nilai tanah."
          },
          {
            "url": "/images/foto_kantor-bpn-cirebon.jpg",
            "caption": "Peta Zona Nilai Tanah resmi terbitan Kantor Pertanahan ATR/BPN Kabupaten Cirebon."
          }
        ],
        "rpbulat": 3500000,
        "jenis_zona": "Non Pertanian",
        "jumlah_sampel": 5,
        "nilai_tertinggi": 4025000,
        "nilai_terendah": 3080000,
        "simpangan_baku": 280000,
        "simpangan_baku_relatif": "7.5%",
        "satuan_wilayah_provinsi": "Jawa Barat",
        "satuan_wilayah_kabupaten": "Kabupaten Cirebon"
      },
      "geometry": {
        "type": "MultiPolygon",
        "coordinates": [
          [
            [
              [
                108.50146001696629,
                -6.760324713414718
              ],
              [
                108.50124231268262,
                -6.76037573824965
              ],
              [
                108.50124199971856,
                -6.760374999906276
              ],
              [
                108.50146451717382,
                -6.760252142622221
              ],
              [
                108.50146001696629,
                -6.760324713414718
              ]
            ]
          ],
          [
            [
              [
                108.5041032018014,
                -6.759775460569017
              ],
              [
                108.50392474213322,
                -6.759804014943313
              ],
              [
                108.50388904983981,
                -6.759768322649904
              ],
              [
                108.50388904983981,
                -6.759675524305976
              ],
              [
                108.50388904983981,
                -6.75962331686253
              ],
              [
                108.50423672234695,
                -6.759701932897826
              ],
              [
                108.5041032018014,
                -6.759775460569017
              ]
            ]
          ],
          [
            [
              [
                108.50387899991597,
                -6.759092000095677
              ],
              [
                108.50385126032745,
                -6.75945261744431
              ],
              [
                108.50373315685977,
                -6.759361604254593
              ],
              [
                108.50285061436443,
                -6.759562757415267
              ],
              [
                108.50230809744079,
                -6.75964841784014
              ],
              [
                108.50185124004275,
                -6.759705524790093
              ],
              [
                108.50157522281836,
                -6.759743595790269
              ],
              [
                108.50150147841055,
                -6.759833727644377
              ],
              [
                108.50150200001735,
                -6.759399999910045
              ],
              [
                108.50160300017836,
                -6.759385000117618
              ],
              [
                108.50169599997048,
                -6.759338999794977
              ],
              [
                108.50177199987797,
                -6.759241999818414
              ],
              [
                108.50203000008452,
                -6.759184999887793
              ],
              [
                108.50221000029131,
                -6.759314999587502
              ],
              [
                108.50224900029121,
                -6.75946200007121
              ],
              [
                108.50324700044877,
                -6.759219999703191
              ],
              [
                108.50387899991597,
                -6.759092000095677
              ]
            ]
          ]
        ]
      }
    },
    {
      "type": "Feature",
      "id": 42,
      "properties": {
        "object_id": 7,
        "kode_zona": "AG",
        "kelas_nilai": 1,
        "range_nilai": "Rp < 250.000",
        "nir_m2": 150000,
        "penggunaan_dominan": "Permukiman Pedesaan dan Tegalan",
        "klasifikasi_tekstual": "Rendah",
        "kantor_pertanahan": "Kantor Pertanahan Kab. Cirebon",
        "tahun_penilaian": "2026",
        "warna_simbologi": "#38a850",
        "foto_gallery": [
          {
            "url": "/images/foto_kawasan-znt-sumber.jpg",
            "caption": "Verifikasi batas delineasi dan tutupan fisik Zona AG (Kelas 1)."
          },
          {
            "url": "/images/foto_pelayanan-bpn-cirebon.jpg",
            "caption": "Pencatatan sampel transaksi pembanding dan validasi batas zona nilai tanah."
          },
          {
            "url": "/images/foto_kantor-bpn-cirebon.jpg",
            "caption": "Peta Zona Nilai Tanah resmi terbitan Kantor Pertanahan ATR/BPN Kabupaten Cirebon."
          }
        ],
        "rpbulat": 150000,
        "jenis_zona": "Pertanian",
        "jumlah_sampel": 6,
        "nilai_tertinggi": 172500,
        "nilai_terendah": 132000,
        "simpangan_baku": 12000,
        "simpangan_baku_relatif": "8.5%",
        "satuan_wilayah_provinsi": "Jawa Barat",
        "satuan_wilayah_kabupaten": "Kabupaten Cirebon"
      },
      "geometry": {
        "type": "MultiPolygon",
        "coordinates": [
          [
            [
              [
                108.46783899987003,
                -6.77256800011304
              ],
              [
                108.46923799963406,
                -6.773660000108862
              ],
              [
                108.4709569997658,
                -6.774754000196879
              ],
              [
                108.4708577442895,
                -6.775203922023309
              ],
              [
                108.47058516697194,
                -6.775412556644142
              ],
              [
                108.4707905577381,
                -6.775508480132203
              ],
              [
                108.47075999967433,
                -6.775647000008973
              ],
              [
                108.47030500027563,
                -6.777176999518872
              ],
              [
                108.47004399993074,
                -6.778324000252383
              ],
              [
                108.46984499974701,
                -6.779791999601059
              ],
              [
                108.46951799995577,
                -6.781130000149346
              ],
              [
                108.46874700037381,
                -6.782084000076509
              ],
              [
                108.46759500030907,
                -6.782588999982295
              ],
              [
                108.4672549999184,
                -6.784454999698426
              ],
              [
                108.46705699978077,
                -6.784486000228696
              ],
              [
                108.46572100022405,
                -6.78430700006794
              ],
              [
                108.46524399981081,
                -6.783892999862019
              ],
              [
                108.4644229997217,
                -6.783409000025301
              ],
              [
                108.46374199979351,
                -6.782582999705653
              ],
              [
                108.46271600014336,
                -6.782132999638179
              ],
              [
                108.46138800005622,
                -6.781334999710396
              ],
              [
                108.46090700035785,
                -6.78119799968789
              ],
              [
                108.46052199969057,
                -6.781118999642047
              ],
              [
                108.46002200001533,
                -6.780768999689542
              ],
              [
                108.45996600013086,
                -6.78042199987533
              ],
              [
                108.4596429996248,
                -6.779630000224302
              ],
              [
                108.45927699983372,
                -6.779416000248148
              ],
              [
                108.45895000004253,
                -6.779395000179079
              ],
              [
                108.45866000015894,
                -6.779451000063546
              ],
              [
                108.45837000027535,
                -6.779603999924632
              ],
              [
                108.45804200043801,
                -6.779717999785817
              ],
              [
                108.45759699970182,
                -6.779830999600904
              ],
              [
                108.4575789997711,
                -6.779714999647467
              ],
              [
                108.4576209999093,
                -6.779117999995663
              ],
              [
                108.45764199997836,
                -6.778655999374848
              ],
              [
                108.45743200018671,
                -6.77824999953782
              ],
              [
                108.4565459997981,
                -6.778168000252947
              ],
              [
                108.45596600003091,
                -6.778337999998655
              ],
              [
                108.45561800017066,
                -6.778625999789995
              ],
              [
                108.45551900010184,
                -6.778990999534926
              ],
              [
                108.45532400010256,
                -6.779395000179079
              ],
              [
                108.45482200033513,
                -6.779584999947758
              ],
              [
                108.45437799964503,
                -6.779640999832225
              ],
              [
                108.45420299966878,
                -6.78002499955403
              ],
              [
                108.4540079996695,
                -6.780352000244591
              ],
              [
                108.45373699976278,
                -6.780527000220843
              ],
              [
                108.45269300018185,
                -6.780460999875174
              ],
              [
                108.45210299995352,
                -6.780252000129678
              ],
              [
                108.45148600027875,
                -6.780197999438087
              ],
              [
                108.45127799967997,
                -6.780684999413154
              ],
              [
                108.45109500023415,
                -6.781249000241132
              ],
              [
                108.45145299965628,
                -6.781584999548045
              ],
              [
                108.45232600034473,
                -6.781795000239015
              ],
              [
                108.45327700013348,
                -6.781775000216044
              ],
              [
                108.45394500036156,
                -6.781880999708335
              ],
              [
                108.45484499959713,
                -6.781859999639209
              ],
              [
                108.45556500042449,
                -6.78199199943117
              ],
              [
                108.45630899966068,
                -6.78220200012214
              ],
              [
                108.45700200014227,
                -6.782410999867693
              ],
              [
                108.45756700011702,
                -6.782619999613246
              ],
              [
                108.45802899983852,
                -6.782751000258429
              ],
              [
                108.45895400022698,
                -6.782780999843226
              ],
              [
                108.45993100031546,
                -6.782837999773847
              ],
              [
                108.46031600008342,
                -6.782942000073206
              ],
              [
                108.46106100026503,
                -6.783178000164526
              ],
              [
                108.4617539998473,
                -6.783309999956487
              ],
              [
                108.46234400007563,
                -6.783570000255281
              ],
              [
                108.46247199968309,
                -6.783775999862485
              ],
              [
                108.46303200032662,
                -6.784833000042852
              ],
              [
                108.46284899998142,
                -6.785268999464733
              ],
              [
                108.46310300000351,
                -6.785937999738849
              ],
              [
                108.46286900000439,
                -6.786527999967177
              ],
              [
                108.46263700009752,
                -6.786655999574691
              ],
              [
                108.46240400014455,
                -6.786833999689293
              ],
              [
                108.46188699968536,
                -6.787319999618262
              ],
              [
                108.46160200003231,
                -6.787831999846844
              ],
              [
                108.46121400012606,
                -6.788241999868376
              ],
              [
                108.46087799991983,
                -6.788624999544027
              ],
              [
                108.46101499994234,
                -6.789433999979053
              ],
              [
                108.4596859998091,
                -6.79006699949241
              ],
              [
                108.45845000036729,
                -6.790472000182604
              ],
              [
                108.45835599962976,
                -6.790973999950097
              ],
              [
                108.45771199960916,
                -6.791655999924387
              ],
              [
                108.45793800013865,
                -6.792250999483997
              ],
              [
                108.4579820003691,
                -6.792570999851705
              ],
              [
                108.45784700043879,
                -6.793352999940964
              ],
              [
                108.45764800025506,
                -6.793368999779489
              ],
              [
                108.45760800020912,
                -6.793326999641295
              ],
              [
                108.45757200034762,
                -6.793291999825897
              ],
              [
                108.45703800000376,
                -6.7928310001505
              ],
              [
                108.45667999968231,
                -6.792469999690695
              ],
              [
                108.45666599993604,
                -6.792458000036618
              ],
              [
                108.45609399963843,
                -6.791927999877259
              ],
              [
                108.45605200039955,
                -6.791893000061862
              ],
              [
                108.45546600035567,
                -6.791469999440892
              ],
              [
                108.45533399966439,
                -6.791370000225299
              ],
              [
                108.455227000126,
                -6.791270000110387
              ],
              [
                108.45512599996499,
                -6.791178999511146
              ],
              [
                108.4550900001035,
                -6.791148999926349
              ],
              [
                108.45503700035732,
                -6.791109999926505
              ],
              [
                108.45497600024225,
                -6.791071999972758
              ],
              [
                108.45472000012796,
                -6.790940000180797
              ],
              [
                108.45467099966697,
                -6.790919000111728
              ],
              [
                108.45466361443431,
                -6.790916230199798
              ],
              [
                108.45466300019734,
                -6.790915999973379
              ],
              [
                108.45468200017422,
                -6.790781000043069
              ],
              [
                108.45454900033616,
                -6.789973999700294
              ],
              [
                108.45416299962278,
                -6.78950899984045
              ],
              [
                108.45416000038375,
                -6.78912700021084
              ],
              [
                108.45402899973863,
                -6.78861800012055
              ],
              [
                108.45381299967028,
                -6.788193999453483
              ],
              [
                108.4539790001308,
                -6.787597999847776
              ],
              [
                108.45380500020065,
                -6.787003999435001
              ],
              [
                108.45375799983191,
                -6.786452000059683
              ],
              [
                108.4537539996474,
                -6.78585699960081
              ],
              [
                108.4538359998316,
                -6.785517000109394
              ],
              [
                108.45378900036212,
                -6.784794000043007
              ],
              [
                108.45378400013158,
                -6.784135000230037
              ],
              [
                108.45332699974131,
                -6.7838349998853
              ],
              [
                108.45283400038886,
                -6.783653999632349
              ],
              [
                108.45261800032051,
                -6.783655999724544
              ],
              [
                108.45214099990727,
                -6.783803000208252
              ],
              [
                108.45206700009203,
                -6.784058999423223
              ],
              [
                108.4517319999319,
                -6.784523000136289
              ],
              [
                108.45074800041994,
                -6.784529999559766
              ],
              [
                108.44994100007716,
                -6.783644000070524
              ],
              [
                108.44976900023926,
                -6.782835999681595
              ],
              [
                108.44945900033264,
                -6.782899999935012
              ],
              [
                108.44935600007938,
                -6.782929999519808
              ],
              [
                108.44935199989493,
                -6.782926000234681
              ],
              [
                108.44933299991806,
                -6.782875999727537
              ],
              [
                108.44930699961839,
                -6.782828000212021
              ],
              [
                108.44919362118873,
                -6.782644730070217
              ],
              [
                108.44910793288483,
                -6.782108505702922
              ],
              [
                108.44909434862535,
                -6.782023494588543
              ],
              [
                108.44905399964244,
                -6.781771000031597
              ],
              [
                108.44900800111844,
                -6.781562999432822
              ],
              [
                108.44869300008196,
                -6.781237999733833
              ],
              [
                108.44843800001377,
                -6.781000000449637
              ],
              [
                108.44807500036103,
                -6.780349000106241
              ],
              [
                108.44796536760771,
                -6.779440486988847
              ],
              [
                108.4479819996696,
                -6.779349999902536
              ],
              [
                108.44803700040728,
                -6.779031999627023
              ],
              [
                108.44804399983082,
                -6.778956999765683
              ],
              [
                108.44804399983082,
                -6.77893499965046
              ],
              [
                108.44803400026893,
                -6.778703999789684
              ],
              [
                108.44802799999229,
                -6.778647999905218
              ],
              [
                108.44800799996926,
                -6.778573000043878
              ],
              [
                108.44798871220934,
                -6.778517278949209
              ],
              [
                108.44800799996926,
                -6.778074000414733
              ],
              [
                108.44800174068786,
                -6.777925996287649
              ],
              [
                108.44802699994614,
                -6.77791699946988
              ],
              [
                108.44803200017674,
                -6.777025999750037
              ],
              [
                108.44789800029253,
                -6.776442999844505
              ],
              [
                108.44762700038581,
                -6.775755999639614
              ],
              [
                108.44749299960233,
                -6.775309999756644
              ],
              [
                108.44800599987707,
                -6.775449999917498
              ],
              [
                108.44872499975901,
                -6.775624999893807
              ],
              [
                108.44903499966557,
                -6.775283999456974
              ],
              [
                108.44896800017312,
                -6.775009000265129
              ],
              [
                108.4486980003125,
                -6.774219999853074
              ],
              [
                108.44890600001196,
                -6.773808999785444
              ],
              [
                108.4489361812598,
                -6.773590925880455
              ],
              [
                108.44917148707452,
                -6.773683722425801
              ],
              [
                108.44944512469283,
                -6.77377890127525
              ],
              [
                108.44976635083646,
                -6.773862182093978
              ],
              [
                108.45025414221493,
                -6.773969258074771
              ],
              [
                108.45092039056362,
                -6.774064436024844
              ],
              [
                108.45144387243681,
                -6.774242894793701
              ],
              [
                108.45194355824867,
                -6.774349971673814
              ],
              [
                108.45245514299052,
                -6.774433251593223
              ],
              [
                108.45287154888291,
                -6.774504636179984
              ],
              [
                108.45310949420787,
                -6.774766376666889
              ],
              [
                108.45333554330074,
                -6.774659301585473
              ],
              [
                108.4535972837877,
                -6.774504637079303
              ],
              [
                108.45391851083065,
                -6.77461171216072
              ],
              [
                108.45425163590431,
                -6.774813966990962
              ],
              [
                108.45466453803806,
                -6.774612739186523
              ],
              [
                108.45525681355116,
                -6.774141122115054
              ],
              [
                108.45547075057476,
                -6.773703824971506
              ],
              [
                108.45554871100427,
                -6.773220880938879
              ],
              [
                108.45550689972373,
                -6.772796692313477
              ],
              [
                108.4554988849656,
                -6.772429836367792
              ],
              [
                108.45568523888272,
                -6.772063808697794
              ],
              [
                108.45603139603219,
                -6.771763483697782
              ],
              [
                108.45639551713947,
                -6.771627570056239
              ],
              [
                108.45673542489999,
                -6.771585755178421
              ],
              [
                108.45699379562723,
                -6.771757479823805
              ],
              [
                108.45715633010059,
                -6.771941664576104
              ],
              [
                108.45737786459682,
                -6.772173821864328
              ],
              [
                108.45754751540557,
                -6.772337258357766
              ],
              [
                108.45813384190336,
                -6.772413546947575
              ],
              [
                108.45833887473935,
                -6.7723159417273
              ],
              [
                108.45843599972164,
                -6.772376000252166
              ],
              [
                108.45893999958139,
                -6.771850999424032
              ],
              [
                108.45956300043218,
                -6.771636999447935
              ],
              [
                108.4605429997597,
                -6.772212999929934
              ],
              [
                108.46142700005606,
                -6.77247799956001
              ],
              [
                108.46185800014666,
                -6.772813999766242
              ],
              [
                108.46228800019111,
                -6.773005999627117
              ],
              [
                108.46267199991291,
                -6.772623999997563
              ],
              [
                108.46260100023602,
                -6.771977999884712
              ],
              [
                108.46341500000233,
                -6.771764999954712
              ],
              [
                108.46401499979248,
                -6.771048000165024
              ],
              [
                108.46423600009138,
                -6.770028999938347
              ],
              [
                108.46446699995215,
                -6.770188000076075
              ],
              [
                108.46631199959916,
                -6.771474000025023
              ],
              [
                108.46783899987003,
                -6.77256800011304
              ]
            ]
          ]
        ]
      }
    },
    {
      "type": "Feature",
      "id": 43,
      "properties": {
        "object_id": 8,
        "kode_zona": "AH",
        "kelas_nilai": 3,
        "range_nilai": "Rp 500.000–Rp 1.000.000",
        "nir_m2": 750000,
        "penggunaan_dominan": "Permukiman Terencana dan Koridor Lingkungan",
        "klasifikasi_tekstual": "Sedang",
        "kantor_pertanahan": "Kantor Pertanahan Kab. Cirebon",
        "tahun_penilaian": "2026",
        "warna_simbologi": "#9bd950",
        "foto_gallery": [
          {
            "url": "/images/foto_kawasan-znt-sumber.jpg",
            "caption": "Verifikasi batas delineasi dan tutupan fisik Zona AH (Kelas 3)."
          },
          {
            "url": "/images/foto_pelayanan-bpn-cirebon.jpg",
            "caption": "Pencatatan sampel transaksi pembanding dan validasi batas zona nilai tanah."
          },
          {
            "url": "/images/foto_kantor-bpn-cirebon.jpg",
            "caption": "Peta Zona Nilai Tanah resmi terbitan Kantor Pertanahan ATR/BPN Kabupaten Cirebon."
          }
        ],
        "rpbulat": 750000,
        "jenis_zona": "Non Pertanian",
        "jumlah_sampel": 7,
        "nilai_tertinggi": 862500,
        "nilai_terendah": 660000,
        "simpangan_baku": 60000,
        "simpangan_baku_relatif": "9.5%",
        "satuan_wilayah_provinsi": "Jawa Barat",
        "satuan_wilayah_kabupaten": "Kabupaten Cirebon"
      },
      "geometry": {
        "type": "MultiPolygon",
        "coordinates": [
          [
            [
              [
                108.4575789997711,
                -6.779714999647467
              ],
              [
                108.45759699970182,
                -6.779830999600904
              ],
              [
                108.45804200043801,
                -6.779717999785817
              ],
              [
                108.45837000027535,
                -6.779603999924632
              ],
              [
                108.45866000015894,
                -6.779451000063546
              ],
              [
                108.45895000004253,
                -6.779395000179079
              ],
              [
                108.45927699983372,
                -6.779416000248148
              ],
              [
                108.4596429996248,
                -6.779630000224302
              ],
              [
                108.45996600013086,
                -6.78042199987533
              ],
              [
                108.46002200001533,
                -6.780768999689542
              ],
              [
                108.46052199969057,
                -6.781118999642047
              ],
              [
                108.46090700035785,
                -6.78119799968789
              ],
              [
                108.46138800005622,
                -6.781334999710396
              ],
              [
                108.46271600014336,
                -6.782132999638179
              ],
              [
                108.46374199979351,
                -6.782582999705653
              ],
              [
                108.4644229997217,
                -6.783409000025301
              ],
              [
                108.46524399981081,
                -6.783892999862019
              ],
              [
                108.46572100022405,
                -6.78430700006794
              ],
              [
                108.46705699978077,
                -6.784486000228696
              ],
              [
                108.4672549999184,
                -6.784454999698426
              ],
              [
                108.46770900017026,
                -6.784386000113784
              ],
              [
                108.46873799995882,
                -6.784322999906465
              ],
              [
                108.4686050001207,
                -6.783636999747671
              ],
              [
                108.46943000039425,
                -6.78309299984204
              ],
              [
                108.47117900011085,
                -6.783067999588468
              ],
              [
                108.4713829996258,
                -6.783376999448933
              ],
              [
                108.4721709999917,
                -6.783415999448778
              ],
              [
                108.47272200022019,
                -6.782904000119458
              ],
              [
                108.47361500003228,
                -6.782669000074236
              ],
              [
                108.47467899963618,
                -6.782435000075168
              ],
              [
                108.47529700025643,
                -6.782266999522335
              ],
              [
                108.47691500022717,
                -6.78206999943086
              ],
              [
                108.47856099969044,
                -6.781987000099946
              ],
              [
                108.47998000037677,
                -6.781537000032472
              ],
              [
                108.48052999965984,
                -6.781219999803113
              ],
              [
                108.48077417728649,
                -6.781234198299558
              ],
              [
                108.48098076864761,
                -6.781459570202969
              ],
              [
                108.48118225815477,
                -6.7817754588703
              ],
              [
                108.48119299156338,
                -6.781805152685592
              ],
              [
                108.48127106440813,
                -6.782021123076333
              ],
              [
                108.48134244809557,
                -6.782178168087967
              ],
              [
                108.48135672393374,
                -6.7823637656752
              ],
              [
                108.4812853402463,
                -6.782549364161753
              ],
              [
                108.4812282332964,
                -6.782734961749043
              ],
              [
                108.4812282332964,
                -6.782906282598844
              ],
              [
                108.48114068879181,
                -6.783003554170648
              ],
              [
                108.48074382786541,
                -6.783840603560975
              ],
              [
                108.48065857843073,
                -6.784020411312895
              ],
              [
                108.48055938860495,
                -6.784201938568572
              ],
              [
                108.48054294899794,
                -6.784232026286929
              ],
              [
                108.48047909533403,
                -6.784348887790884
              ],
              [
                108.48046368095419,
                -6.784377095026855
              ],
              [
                108.48098604856733,
                -6.784965263336176
              ],
              [
                108.48102108075835,
                -6.785004707601104
              ],
              [
                108.48105861486323,
                -6.785032799723865
              ],
              [
                108.48146264878227,
                -6.785335185070664
              ],
              [
                108.48175085631703,
                -6.785550885664804
              ],
              [
                108.48165000004752,
                -6.785657999417083
              ],
              [
                108.48146100032494,
                -6.786798999873895
              ],
              [
                108.48081500021215,
                -6.788075000261017
              ],
              [
                108.48007900044558,
                -6.788847999935228
              ],
              [
                108.47976000012397,
                -6.789289999633752
              ],
              [
                108.48035299959133,
                -6.789987999446566
              ],
              [
                108.4808099999816,
                -6.791263999833689
              ],
              [
                108.48108099988832,
                -6.791264999879786
              ],
              [
                108.4813850004175,
                -6.79120899999532
              ],
              [
                108.48168699995517,
                -6.791513999671281
              ],
              [
                108.48184400000065,
                -6.791919999508309
              ],
              [
                108.48185699970082,
                -6.792324000152462
              ],
              [
                108.48175400034688,
                -6.792555000013181
              ],
              [
                108.48152200044001,
                -6.792784999827859
              ],
              [
                108.48104299993457,
                -6.793114999757393
              ],
              [
                108.48082499977397,
                -6.793259000102751
              ],
              [
                108.48054899963671,
                -6.793545999847993
              ],
              [
                108.48044600028277,
                -6.793848999431759
              ],
              [
                108.4804149997525,
                -6.794109999776595
              ],
              [
                108.4803850001677,
                -6.794413000259681
              ],
              [
                108.48038300007545,
                -6.794788999612592
              ],
              [
                108.48041199961415,
                -6.794861000234903
              ],
              [
                108.48042500021364,
                -6.795005999727039
              ],
              [
                108.48043899995992,
                -6.795135999426805
              ],
              [
                108.48039399968337,
                -6.795453999702261
              ],
              [
                108.4803490003062,
                -6.795727999747328
              ],
              [
                108.48007300016889,
                -6.795943999815677
              ],
              [
                108.47991400003116,
                -6.795929000023307
              ],
              [
                108.47949599964073,
                -6.795766999747173
              ],
              [
                108.47923600024126,
                -6.795707999724357
              ],
              [
                108.47916999989565,
                -6.795629999724667
              ],
              [
                108.47794900024621,
                -6.797200000179828
              ],
              [
                108.47817099969194,
                -6.797436999417926
              ],
              [
                108.4782269995764,
                -6.797654999578526
              ],
              [
                108.47832699969132,
                -6.798030999830758
              ],
              [
                108.47829700010652,
                -6.798175000176059
              ],
              [
                108.47820899964569,
                -6.798464000013553
              ],
              [
                108.47796099990029,
                -6.798867999758329
              ],
              [
                108.47775700038534,
                -6.799039999596232
              ],
              [
                108.47771999957837,
                -6.79905999961926
              ],
              [
                108.47777700040831,
                -6.799093999388504
              ],
              [
                108.4778793117809,
                -6.799104512463259
              ],
              [
                108.4779821321697,
                -6.799115077698616
              ],
              [
                108.47791974530008,
                -6.799108732981608
              ],
              [
                108.47777600036221,
                -6.799093999388504
              ],
              [
                108.47761221852915,
                -6.798997348348905
              ],
              [
                108.47737126856924,
                -6.798854721268299
              ],
              [
                108.4762221247513,
                -6.797934447716557
              ],
              [
                108.47562983664773,
                -6.79746012368571
              ],
              [
                108.47553151646639,
                -6.79738138534259
              ],
              [
                108.47528845309967,
                -6.797186731582372
              ],
              [
                108.47477201201878,
                -6.79662981831143
              ],
              [
                108.47484800023506,
                -6.795446999379465
              ],
              [
                108.47430600042162,
                -6.792208000199025
              ],
              [
                108.47488900032715,
                -6.789305999472276
              ],
              [
                108.47402500005376,
                -6.788454999798375
              ],
              [
                108.47296599978114,
                -6.788221999845348
              ],
              [
                108.47188100010811,
                -6.787808999685524
              ],
              [
                108.47100300008844,
                -6.78742700005597
              ],
              [
                108.47088900022726,
                -6.787833999939096
              ],
              [
                108.47075799958208,
                -6.788469999590745
              ],
              [
                108.47086299992759,
                -6.789168999449714
              ],
              [
                108.47086600006594,
                -6.789669000024276
              ],
              [
                108.47072199972058,
                -6.790520999744274
              ],
              [
                108.47027499979146,
                -6.790923999442953
              ],
              [
                108.4702789999759,
                -6.791424000017514
              ],
              [
                108.4701779998149,
                -6.791908999900386
              ],
              [
                108.47012500006878,
                -6.791869999900541
              ],
              [
                108.4700540012912,
                -6.791828998909125
              ],
              [
                108.47000019665182,
                -6.791797927332425
              ],
              [
                108.46944433828565,
                -6.791474709190425
              ],
              [
                108.46908748999573,
                -6.791373221596871
              ],
              [
                108.46892000025787,
                -6.791324999948756
              ],
              [
                108.46891789944158,
                -6.791324990955502
              ],
              [
                108.46825414041632,
                -6.791321628390392
              ],
              [
                108.46825168706579,
                -6.791322002508366
              ],
              [
                108.4682509999837,
                -6.791321999810407
              ],
              [
                108.46792439589422,
                -6.791371967042608
              ],
              [
                108.46752935339703,
                -6.791432273780345
              ],
              [
                108.46724273136704,
                -6.791541268914386
              ],
              [
                108.46689400035791,
                -6.791672999809066
              ],
              [
                108.46643599992154,
                -6.791882999600716
              ],
              [
                108.46616204214462,
                -6.792135798128527
              ],
              [
                108.46594243939211,
                -6.792336812793621
              ],
              [
                108.46579875111155,
                -6.792551932425681
              ],
              [
                108.46545000031733,
                -6.793067999388597
              ],
              [
                108.46505500008823,
                -6.79378299998541
              ],
              [
                108.46484376732604,
                -6.794307735513542
              ],
              [
                108.4647064687286,
                -6.794645200715422
              ],
              [
                108.46462199720747,
                -6.794963542733285
              ],
              [
                108.46447500032104,
                -6.795507999494532
              ],
              [
                108.46411115530566,
                -6.79640261718697
              ],
              [
                108.46372989761676,
                -6.796922107868909
              ],
              [
                108.46343016257202,
                -6.797221268246858
              ],
              [
                108.4632240001875,
                -6.797424999763905
              ],
              [
                108.46285961827681,
                -6.79774616025702
              ],
              [
                108.4626160360013,
                -6.797959682693147
              ],
              [
                108.46226432733692,
                -6.798133822018201
              ],
              [
                108.46212599991503,
                -6.798201999622563
              ],
              [
                108.46164900040111,
                -6.798353999437495
              ],
              [
                108.46163399970936,
                -6.798313000244718
              ],
              [
                108.46162700028589,
                -6.798295999460777
              ],
              [
                108.46160300007847,
                -6.798244999806855
              ],
              [
                108.4615729995943,
                -6.798199999530311
              ],
              [
                108.46146900019426,
                -6.798059999369457
              ],
              [
                108.46145300035573,
                -6.798040000245749
              ],
              [
                108.46076500010474,
                -6.7972139999261
              ],
              [
                108.46072500005874,
                -6.797170999741809
              ],
              [
                108.4604780003595,
                -6.796943000019382
              ],
              [
                108.46016100013009,
                -6.796574000090004
              ],
              [
                108.45988299990057,
                -6.796139999861055
              ],
              [
                108.4598639999237,
                -6.796111999469133
              ],
              [
                108.45926300008745,
                -6.795147999980145
              ],
              [
                108.45922700022595,
                -6.795097999473057
              ],
              [
                108.45917399958046,
                -6.795043999680786
              ],
              [
                108.45915999983418,
                -6.794998000257465
              ],
              [
                108.45914099985731,
                -6.794954000027019
              ],
              [
                108.45911599960374,
                -6.794912999934979
              ],
              [
                108.45908700006504,
                -6.794873999935078
              ],
              [
                108.4588629996278,
                -6.794610999497991
              ],
              [
                108.4588279998124,
                -6.794573999590341
              ],
              [
                108.45860100013613,
                -6.794360999660341
              ],
              [
                108.45815100006865,
                -6.793910999592924
              ],
              [
                108.45764800025506,
                -6.793368999779489
              ],
              [
                108.45784700043879,
                -6.793352999940964
              ],
              [
                108.4579820003691,
                -6.792570999851705
              ],
              [
                108.45793800013865,
                -6.792250999483997
              ],
              [
                108.45771199960916,
                -6.791655999924387
              ],
              [
                108.45835599962976,
                -6.790973999950097
              ],
              [
                108.45845000036729,
                -6.790472000182604
              ],
              [
                108.4596859998091,
                -6.79006699949241
              ],
              [
                108.46101499994234,
                -6.789433999979053
              ],
              [
                108.46087799991983,
                -6.788624999544027
              ],
              [
                108.46121400012606,
                -6.788241999868376
              ],
              [
                108.46160200003231,
                -6.787831999846844
              ],
              [
                108.46188699968536,
                -6.787319999618262
              ],
              [
                108.46240400014455,
                -6.786833999689293
              ],
              [
                108.46263700009752,
                -6.786655999574691
              ],
              [
                108.46286900000439,
                -6.786527999967177
              ],
              [
                108.46310300000351,
                -6.785937999738849
              ],
              [
                108.46284899998142,
                -6.785268999464733
              ],
              [
                108.46303200032662,
                -6.784833000042852
              ],
              [
                108.46247199968309,
                -6.783775999862485
              ],
              [
                108.46234400007563,
                -6.783570000255281
              ],
              [
                108.4617539998473,
                -6.783309999956487
              ],
              [
                108.46106100026503,
                -6.783178000164526
              ],
              [
                108.46031600008342,
                -6.782942000073206
              ],
              [
                108.45993100031546,
                -6.782837999773847
              ],
              [
                108.45895400022698,
                -6.782780999843226
              ],
              [
                108.45802899983852,
                -6.782751000258429
              ],
              [
                108.45756700011702,
                -6.782619999613246
              ],
              [
                108.45700200014227,
                -6.782410999867693
              ],
              [
                108.45630899966068,
                -6.78220200012214
              ],
              [
                108.45556500042449,
                -6.78199199943117
              ],
              [
                108.45484499959713,
                -6.781859999639209
              ],
              [
                108.45394500036156,
                -6.781880999708335
              ],
              [
                108.45327700013348,
                -6.781775000216044
              ],
              [
                108.45232600034473,
                -6.781795000239015
              ],
              [
                108.45145299965628,
                -6.781584999548045
              ],
              [
                108.45109500023415,
                -6.781249000241132
              ],
              [
                108.45127799967997,
                -6.780684999413154
              ],
              [
                108.45148600027875,
                -6.780197999438087
              ],
              [
                108.45210299995352,
                -6.780252000129678
              ],
              [
                108.45269300018185,
                -6.780460999875174
              ],
              [
                108.45373699976278,
                -6.780527000220843
              ],
              [
                108.4540079996695,
                -6.780352000244591
              ],
              [
                108.45420299966878,
                -6.78002499955403
              ],
              [
                108.45437799964503,
                -6.779640999832225
              ],
              [
                108.45482200033513,
                -6.779584999947758
              ],
              [
                108.45532400010256,
                -6.779395000179079
              ],
              [
                108.45551900010184,
                -6.778990999534926
              ],
              [
                108.45561800017066,
                -6.778625999789995
              ],
              [
                108.45596600003091,
                -6.778337999998655
              ],
              [
                108.4565459997981,
                -6.778168000252947
              ],
              [
                108.45743200018671,
                -6.77824999953782
              ],
              [
                108.45764199997836,
                -6.778655999374848
              ],
              [
                108.4576209999093,
                -6.779117999995663
              ],
              [
                108.4575789997711,
                -6.779714999647467
              ]
            ]
          ]
        ]
      }
    },
    {
      "type": "Feature",
      "id": 44,
      "properties": {
        "object_id": 9,
        "kode_zona": "AJ",
        "kelas_nilai": 3,
        "range_nilai": "Rp 500.000–Rp 1.000.000",
        "nir_m2": 750000,
        "penggunaan_dominan": "Permukiman Terencana dan Koridor Lingkungan",
        "klasifikasi_tekstual": "Sedang",
        "kantor_pertanahan": "Kantor Pertanahan Kab. Cirebon",
        "tahun_penilaian": "2026",
        "warna_simbologi": "#9bd950",
        "foto_gallery": [
          {
            "url": "/images/foto_kawasan-znt-sumber.jpg",
            "caption": "Verifikasi batas delineasi dan tutupan fisik Zona AJ (Kelas 3)."
          },
          {
            "url": "/images/foto_pelayanan-bpn-cirebon.jpg",
            "caption": "Pencatatan sampel transaksi pembanding dan validasi batas zona nilai tanah."
          },
          {
            "url": "/images/foto_kantor-bpn-cirebon.jpg",
            "caption": "Peta Zona Nilai Tanah resmi terbitan Kantor Pertanahan ATR/BPN Kabupaten Cirebon."
          }
        ],
        "rpbulat": 750000,
        "jenis_zona": "Non Pertanian",
        "jumlah_sampel": 4,
        "nilai_tertinggi": 862500,
        "nilai_terendah": 660000,
        "simpangan_baku": 60000,
        "simpangan_baku_relatif": "10.5%",
        "satuan_wilayah_provinsi": "Jawa Barat",
        "satuan_wilayah_kabupaten": "Kabupaten Cirebon"
      },
      "geometry": {
        "type": "MultiPolygon",
        "coordinates": [
          [
            [
              [
                108.46132665280282,
                -6.798458003334133
              ],
              [
                108.46075058487168,
                -6.798607501235153
              ],
              [
                108.4600890004071,
                -6.797814999762409
              ],
              [
                108.45984499994682,
                -6.797589000132177
              ],
              [
                108.45980900008533,
                -6.797552000224584
              ],
              [
                108.45945399990222,
                -6.797140000110858
              ],
              [
                108.45941599994848,
                -6.797087999511518
              ],
              [
                108.45912500001879,
                -6.796634000158917
              ],
              [
                108.45909999976521,
                -6.79659600020517
              ],
              [
                108.45849499974452,
                -6.795625999540221
              ],
              [
                108.45847499972155,
                -6.795588999632571
              ],
              [
                108.45845899988302,
                -6.795549999632726
              ],
              [
                108.45844700022894,
                -6.795509999586784
              ],
              [
                108.4583969997218,
                -6.795457999886764
              ],
              [
                108.45819100011465,
                -6.795215999518689
              ],
              [
                108.4579770001385,
                -6.795016000188184
              ],
              [
                108.45796599963126,
                -6.795004999680941
              ],
              [
                108.45750499995586,
                -6.794542999959447
              ],
              [
                108.45749400034788,
                -6.794530999406049
              ],
              [
                108.45696300014242,
                -6.793960000053914
              ],
              [
                108.45643500007526,
                -6.793503999709799
              ],
              [
                108.45640899977559,
                -6.793480999548422
              ],
              [
                108.45604500007676,
                -6.793113999711295
              ],
              [
                108.45550000012497,
                -6.792608999805452
              ],
              [
                108.4554749998714,
                -6.792590999874676
              ],
              [
                108.4554880004709,
                -6.792550999828734
              ],
              [
                108.45531399964142,
                -6.792374999806327
              ],
              [
                108.4551189996422,
                -6.791958999508154
              ],
              [
                108.45496699982726,
                -6.791826999716193
              ],
              [
                108.45493706139632,
                -6.791806042814585
              ],
              [
                108.45493700024241,
                -6.791805999647124
              ],
              [
                108.45491800026554,
                -6.79160300017827
              ],
              [
                108.45481900019678,
                -6.791511999579086
              ],
              [
                108.45477001142694,
                -6.791477525867094
              ],
              [
                108.45476539071029,
                -6.79147422355652
              ],
              [
                108.45476510742384,
                -6.791474075168367
              ],
              [
                108.4547650004045,
                -6.791473999625339
              ],
              [
                108.45459999999008,
                -6.791387000109921
              ],
              [
                108.45462371151513,
                -6.791209728446177
              ],
              [
                108.45466300019734,
                -6.790915999973379
              ],
              [
                108.45466361443431,
                -6.790916230199798
              ],
              [
                108.45467099966697,
                -6.790919000111728
              ],
              [
                108.45472000012796,
                -6.790940000180797
              ],
              [
                108.45497600024225,
                -6.791071999972758
              ],
              [
                108.45503700035732,
                -6.791109999926505
              ],
              [
                108.4550900001035,
                -6.791148999926349
              ],
              [
                108.45512599996499,
                -6.791178999511146
              ],
              [
                108.455227000126,
                -6.791270000110387
              ],
              [
                108.45533399966439,
                -6.791370000225299
              ],
              [
                108.45546600035567,
                -6.791469999440892
              ],
              [
                108.45605200039955,
                -6.791893000061862
              ],
              [
                108.45609399963843,
                -6.791927999877259
              ],
              [
                108.45666599993604,
                -6.792458000036618
              ],
              [
                108.45667999968231,
                -6.792469999690695
              ],
              [
                108.45703800000376,
                -6.7928310001505
              ],
              [
                108.45757200034762,
                -6.793291999825897
              ],
              [
                108.45760800020912,
                -6.793326999641295
              ],
              [
                108.45815100006865,
                -6.793910999592924
              ],
              [
                108.45860100013613,
                -6.794360999660341
              ],
              [
                108.4588279998124,
                -6.794573999590341
              ],
              [
                108.4588629996278,
                -6.794610999497991
              ],
              [
                108.45908700006504,
                -6.794873999935078
              ],
              [
                108.45911599960374,
                -6.794912999934979
              ],
              [
                108.45914099985731,
                -6.794954000027019
              ],
              [
                108.45915999983418,
                -6.794998000257465
              ],
              [
                108.45917399958046,
                -6.795043999680786
              ],
              [
                108.45922700022595,
                -6.795097999473057
              ],
              [
                108.45926300008745,
                -6.795147999980145
              ],
              [
                108.4598639999237,
                -6.796111999469133
              ],
              [
                108.45988299990057,
                -6.796139999861055
              ],
              [
                108.46016100013009,
                -6.796574000090004
              ],
              [
                108.4604780003595,
                -6.796943000019382
              ],
              [
                108.46072500005874,
                -6.797170999741809
              ],
              [
                108.46076500010474,
                -6.7972139999261
              ],
              [
                108.46145300035573,
                -6.798040000245749
              ],
              [
                108.46146900019426,
                -6.798059999369457
              ],
              [
                108.4615729995943,
                -6.798199999530311
              ],
              [
                108.46160300007847,
                -6.798244999806855
              ],
              [
                108.46162700028589,
                -6.798295999460777
              ],
              [
                108.46163399970936,
                -6.798313000244718
              ],
              [
                108.46164897701874,
                -6.798354778250371
              ],
              [
                108.46132665280282,
                -6.798458003334133
              ]
            ]
          ],
          [
            [
              [
                108.44917499982643,
                -6.784078999446194
              ],
              [
                108.44905100040341,
                -6.784093000091843
              ],
              [
                108.44898500005775,
                -6.783974
              ],
              [
                108.44869400012806,
                -6.783562999932428
              ],
              [
                108.44866100040491,
                -6.783510000186311
              ],
              [
                108.4486309999208,
                -6.783452000209593
              ],
              [
                108.44860699971332,
                -6.783395999425807
              ],
              [
                108.44860399957497,
                -6.783383999771729
              ],
              [
                108.44857500003627,
                -6.78335500023303
              ],
              [
                108.44853900017478,
                -6.783303999679788
              ],
              [
                108.4485057135679,
                -6.783250248100444
              ],
              [
                108.44857311325865,
                -6.783200339324139
              ],
              [
                108.4487407621765,
                -6.783127773927561
              ],
              [
                108.44879799862878,
                -6.783103000303186
              ],
              [
                108.44892299989658,
                -6.783066000395536
              ],
              [
                108.44906099996524,
                -6.783025000303496
              ],
              [
                108.44910882591165,
                -6.782989689322676
              ],
              [
                108.44919220565583,
                -6.782849177447531
              ],
              [
                108.44921188462087,
                -6.782759020412414
              ],
              [
                108.44919362118873,
                -6.782644730070217
              ],
              [
                108.44930699961839,
                -6.782828000212021
              ],
              [
                108.44933299991806,
                -6.782875999727537
              ],
              [
                108.44935199989493,
                -6.782926000234681
              ],
              [
                108.44935600007938,
                -6.782929999519808
              ],
              [
                108.44924799959557,
                -6.782962000096177
              ],
              [
                108.44918999961885,
                -6.783264999679943
              ],
              [
                108.44919099966495,
                -6.783475999517691
              ],
              [
                108.44925399987227,
                -6.783807999539476
              ],
              [
                108.44943700021747,
                -6.784048999861398
              ],
              [
                108.44917499982643,
                -6.784078999446194
              ]
            ]
          ],
          [
            [
              [
                108.4479819996696,
                -6.779349999902536
              ],
              [
                108.44796536760771,
                -6.779440486988847
              ],
              [
                108.4479530001309,
                -6.779338000248458
              ],
              [
                108.44798871220934,
                -6.778517278949209
              ],
              [
                108.44800799996926,
                -6.778573000043878
              ],
              [
                108.44802799999229,
                -6.778647999905218
              ],
              [
                108.44803400026893,
                -6.778703999789684
              ],
              [
                108.44804399983082,
                -6.77893499965046
              ],
              [
                108.44804399983082,
                -6.778956999765683
              ],
              [
                108.44803700040728,
                -6.779031999627023
              ],
              [
                108.4479819996696,
                -6.779349999902536
              ]
            ]
          ]
        ]
      }
    },
    {
      "type": "Feature",
      "id": 45,
      "properties": {
        "object_id": 10,
        "kode_zona": "AK",
        "kelas_nilai": 3,
        "range_nilai": "Rp 500.000–Rp 1.000.000",
        "nir_m2": 750000,
        "penggunaan_dominan": "Permukiman Terencana dan Koridor Lingkungan",
        "klasifikasi_tekstual": "Sedang",
        "kantor_pertanahan": "Kantor Pertanahan Kab. Cirebon",
        "tahun_penilaian": "2026",
        "warna_simbologi": "#9bd950",
        "foto_gallery": [
          {
            "url": "/images/foto_kawasan-znt-sumber.jpg",
            "caption": "Verifikasi batas delineasi dan tutupan fisik Zona AK (Kelas 3)."
          },
          {
            "url": "/images/foto_pelayanan-bpn-cirebon.jpg",
            "caption": "Pencatatan sampel transaksi pembanding dan validasi batas zona nilai tanah."
          },
          {
            "url": "/images/foto_kantor-bpn-cirebon.jpg",
            "caption": "Peta Zona Nilai Tanah resmi terbitan Kantor Pertanahan ATR/BPN Kabupaten Cirebon."
          }
        ],
        "rpbulat": 750000,
        "jenis_zona": "Non Pertanian",
        "jumlah_sampel": 5,
        "nilai_tertinggi": 862500,
        "nilai_terendah": 660000,
        "simpangan_baku": 60000,
        "simpangan_baku_relatif": "11.5%",
        "satuan_wilayah_provinsi": "Jawa Barat",
        "satuan_wilayah_kabupaten": "Kabupaten Cirebon"
      },
      "geometry": {
        "type": "MultiPolygon",
        "coordinates": [
          [
            [
              [
                108.48601199975406,
                -6.789126000164742
              ],
              [
                108.48600361267665,
                -6.78915225677116
              ],
              [
                108.48600300023833,
                -6.789151999565092
              ],
              [
                108.48585999993912,
                -6.789599999540314
              ],
              [
                108.48575000026239,
                -6.789790000208313
              ],
              [
                108.48570396306752,
                -6.789832748582455
              ],
              [
                108.48560699996312,
                -6.789914999677421
              ],
              [
                108.48560692711806,
                -6.789915006872036
              ],
              [
                108.48560640101465,
                -6.789915453835079
              ],
              [
                108.48550916721433,
                -6.789924171862992
              ],
              [
                108.48548157961125,
                -6.789926758313186
              ],
              [
                108.4854200003328,
                -6.789929999469848
              ],
              [
                108.48530047054032,
                -6.789921756284002
              ],
              [
                108.48526181228289,
                -6.789917960245646
              ],
              [
                108.48514000001103,
                -6.78990600016175
              ],
              [
                108.48513099959604,
                -6.789905000115596
              ],
              [
                108.48496289112461,
                -6.789873793640595
              ],
              [
                108.48476920143753,
                -6.789837840543839
              ],
              [
                108.48462999987464,
                -6.789810000231284
              ],
              [
                108.48438000003705,
                -6.789810000231284
              ],
              [
                108.48429445652403,
                -6.789846018079231
              ],
              [
                108.48418199989942,
                -6.789891000369323
              ],
              [
                108.48418196392657,
                -6.789891054328621
              ],
              [
                108.48416088381782,
                -6.78992316372296
              ],
              [
                108.48409599863152,
                -6.790022000115187
              ],
              [
                108.48409264595892,
                -6.790101358990455
              ],
              [
                108.48409041384161,
                -6.790154209449156
              ],
              [
                108.48409000015346,
                -6.790160000183789
              ],
              [
                108.48409015303821,
                -6.790160382395698
              ],
              [
                108.48409000015346,
                -6.790164000368293
              ],
              [
                108.48410723476115,
                -6.790207375569878
              ],
              [
                108.48415000022237,
                -6.790315000137127
              ],
              [
                108.48450263159123,
                -6.790962368118755
              ],
              [
                108.4845499997827,
                -6.791049999857535
              ],
              [
                108.48450999973676,
                -6.791190000018446
              ],
              [
                108.48427999992214,
                -6.791569999555804
              ],
              [
                108.4842413353694,
                -6.791614187744528
              ],
              [
                108.48406699999214,
                -6.791806999693222
              ],
              [
                108.48381910456806,
                -6.792014677435361
              ],
              [
                108.48368999969381,
                -6.792119999738134
              ],
              [
                108.48321000004154,
                -6.792440000105898
              ],
              [
                108.48302999983468,
                -6.792429999644696
              ],
              [
                108.48274862175157,
                -6.792410923225475
              ],
              [
                108.48243105584862,
                -6.792386004810226
              ],
              [
                108.48229097744672,
                -6.792511669777696
              ],
              [
                108.48227664045464,
                -6.792524530982291
              ],
              [
                108.48226999986065,
                -6.792529999759608
              ],
              [
                108.48193999993111,
                -6.792979999827082
              ],
              [
                108.48193999993111,
                -6.793043694310995
              ],
              [
                108.48193641523346,
                -6.793095678722523
              ],
              [
                108.48193640534089,
                -6.793095826211356
              ],
              [
                108.48193599974667,
                -6.793102000057218
              ],
              [
                108.48195589544827,
                -6.793163582033628
              ],
              [
                108.4819900004382,
                -6.79330000019479
              ],
              [
                108.48211489198872,
                -6.793526367647701
              ],
              [
                108.48214300119861,
                -6.793581999709488
              ],
              [
                108.48235959661815,
                -6.793962615282396
              ],
              [
                108.48241976935691,
                -6.794069589639776
              ],
              [
                108.48248192060419,
                -6.794278420312821
              ],
              [
                108.48251899875282,
                -6.794402999798535
              ],
              [
                108.48251699955995,
                -6.794683000120301
              ],
              [
                108.48246121101613,
                -6.794948476391028
              ],
              [
                108.48245936290931,
                -6.794957270861289
              ],
              [
                108.48245899958323,
                -6.79495900025762
              ],
              [
                108.48245873428323,
                -6.794960330354911
              ],
              [
                108.48245800043645,
                -6.794964001387484
              ],
              [
                108.4824534741486,
                -6.794974366074086
              ],
              [
                108.48234139703789,
                -6.795221127453033
              ],
              [
                108.48234113173788,
                -6.795221508765565
              ],
              [
                108.48226839367152,
                -6.79532621503273
              ],
              [
                108.48210899963067,
                -6.795554999863327
              ],
              [
                108.48194071669076,
                -6.795722593023186
              ],
              [
                108.48186499557318,
                -6.795797728682203
              ],
              [
                108.48165898517408,
                -6.795914540723402
              ],
              [
                108.48141512410876,
                -6.796006453235179
              ],
              [
                108.4811549997035,
                -6.796103999999559
              ],
              [
                108.48077400012005,
                -6.796282000114161
              ],
              [
                108.4806695393678,
                -6.796356402825666
              ],
              [
                108.48042301540988,
                -6.796531559284006
              ],
              [
                108.48038463594224,
                -6.796615180945821
              ],
              [
                108.48031599968368,
                -6.796763999858683
              ],
              [
                108.48019791240381,
                -6.797119122349557
              ],
              [
                108.48017887195743,
                -6.797176238292707
              ],
              [
                108.48016185768364,
                -6.797217814850228
              ],
              [
                108.47985800014663,
                -6.79795900010771
              ],
              [
                108.47959100042436,
                -6.798654999828329
              ],
              [
                108.47933200017172,
                -6.798865999666077
              ],
              [
                108.47893499985042,
                -6.799050000057434
              ],
              [
                108.47828699964538,
                -6.799145999987843
              ],
              [
                108.47777700040831,
                -6.799093999388504
              ],
              [
                108.47771999957837,
                -6.79905999961926
              ],
              [
                108.47775700038534,
                -6.799039999596232
              ],
              [
                108.47796099990029,
                -6.798867999758329
              ],
              [
                108.47820899964569,
                -6.798464000013553
              ],
              [
                108.47829700010652,
                -6.798175000176059
              ],
              [
                108.47832699969132,
                -6.798030999830758
              ],
              [
                108.4782269995764,
                -6.797654999578526
              ],
              [
                108.47817099969194,
                -6.797436999417926
              ],
              [
                108.47794900024621,
                -6.797200000179828
              ],
              [
                108.47916999989565,
                -6.795629999724667
              ],
              [
                108.47923600024126,
                -6.795707999724357
              ],
              [
                108.47949599964073,
                -6.795766999747173
              ],
              [
                108.47991400003116,
                -6.795929000023307
              ],
              [
                108.48007300016889,
                -6.795943999815677
              ],
              [
                108.4803490003062,
                -6.795727999747328
              ],
              [
                108.48039399968337,
                -6.795453999702261
              ],
              [
                108.48043899995992,
                -6.795135999426805
              ],
              [
                108.48042500021364,
                -6.795005999727039
              ],
              [
                108.48041199961415,
                -6.794861000234903
              ],
              [
                108.48038300007545,
                -6.794788999612592
              ],
              [
                108.4803850001677,
                -6.794413000259681
              ],
              [
                108.4804149997525,
                -6.794109999776595
              ],
              [
                108.48044600028277,
                -6.793848999431759
              ],
              [
                108.48054899963671,
                -6.793545999847993
              ],
              [
                108.48082499977397,
                -6.793259000102751
              ],
              [
                108.48104299993457,
                -6.793114999757393
              ],
              [
                108.48152200044001,
                -6.792784999827859
              ],
              [
                108.48175400034688,
                -6.792555000013181
              ],
              [
                108.48185699970082,
                -6.792324000152462
              ],
              [
                108.48184400000065,
                -6.791919999508309
              ],
              [
                108.48168699995517,
                -6.791513999671281
              ],
              [
                108.4813850004175,
                -6.79120899999532
              ],
              [
                108.48108099988832,
                -6.791264999879786
              ],
              [
                108.4808099999816,
                -6.791263999833689
              ],
              [
                108.48035299959133,
                -6.789987999446566
              ],
              [
                108.47976000012397,
                -6.789289999633752
              ],
              [
                108.48007900044558,
                -6.788847999935228
              ],
              [
                108.48081500021215,
                -6.788075000261017
              ],
              [
                108.48146100032494,
                -6.786798999873895
              ],
              [
                108.48165000004752,
                -6.785657999417083
              ],
              [
                108.48175085631703,
                -6.785550885664804
              ],
              [
                108.48181968233251,
                -6.78560239613364
              ],
              [
                108.4818232166682,
                -6.785605041939107
              ],
              [
                108.48184689311967,
                -6.785695011015889
              ],
              [
                108.48204140478708,
                -6.785841885594493
              ],
              [
                108.48231326804296,
                -6.786047171140012
              ],
              [
                108.48240844599303,
                -6.786199456939357
              ],
              [
                108.48250362484248,
                -6.786475474163751
              ],
              [
                108.48257976684283,
                -6.786665830963273
              ],
              [
                108.48263240506151,
                -6.786697085102332
              ],
              [
                108.48285039982613,
                -6.786767983155869
              ],
              [
                108.4834850810717,
                -6.787158179206585
              ],
              [
                108.4837425623694,
                -6.787449425550506
              ],
              [
                108.48428023914181,
                -6.788057612768569
              ],
              [
                108.48456012435031,
                -6.788374200209148
              ],
              [
                108.48590177704546,
                -6.788967429003606
              ],
              [
                108.48604195167479,
                -6.78902940937968
              ],
              [
                108.48604313698127,
                -6.78903008117328
              ],
              [
                108.48601207439776,
                -6.789125772636226
              ],
              [
                108.48601199975406,
                -6.789126000164742
              ]
            ]
          ],
          [
            [
              [
                108.47344263686824,
                -6.776986184065095
              ],
              [
                108.47365202961754,
                -6.777043291015048
              ],
              [
                108.47393756526651,
                -6.777043291015048
              ],
              [
                108.47410888611626,
                -6.777005219115495
              ],
              [
                108.47424213596588,
                -6.776948112165599
              ],
              [
                108.47447056376558,
                -6.776948112165599
              ],
              [
                108.47458477766543,
                -6.777252682864969
              ],
              [
                108.47475609941449,
                -6.777633397363331
              ],
              [
                108.47485127826394,
                -6.777995075012655
              ],
              [
                108.47532716981311,
                -6.778490003410866
              ],
              [
                108.47530813386334,
                -6.778699396160164
              ],
              [
                108.47534620576283,
                -6.779003966859534
              ],
              [
                108.47544138371296,
                -6.779213358709512
              ],
              [
                108.47570788431148,
                -6.779403716408353
              ],
              [
                108.47614570486047,
                -6.779708287107724
              ],
              [
                108.47622184686082,
                -6.779860572907069
              ],
              [
                108.47643123961006,
                -6.780184178656896
              ],
              [
                108.47671677525904,
                -6.780374536355737
              ],
              [
                108.47692616800833,
                -6.780602965054754
              ],
              [
                108.47724977465742,
                -6.780793320954956
              ],
              [
                108.47736398855727,
                -6.780831392854452
              ],
              [
                108.47780181000559,
                -6.780926570804525
              ],
              [
                108.47827770155476,
                -6.780983677754477
              ],
              [
                108.47871552300302,
                -6.781002713704254
              ],
              [
                108.47898202180295,
                -6.780907535754125
              ],
              [
                108.47941984325121,
                -6.780907535754125
              ],
              [
                108.47972441395058,
                -6.780907535754125
              ],
              [
                108.48020030639907,
                -6.780850427904852
              ],
              [
                108.48035259219841,
                -6.780850427904852
              ],
              [
                108.48056198404839,
                -6.781002713704254
              ],
              [
                108.48077417728649,
                -6.781234198299558
              ],
              [
                108.48052999965984,
                -6.781219999803113
              ],
              [
                108.47998000037677,
                -6.781537000032472
              ],
              [
                108.47856099969044,
                -6.781987000099946
              ],
              [
                108.47691500022717,
                -6.78206999943086
              ],
              [
                108.47529700025643,
                -6.782266999522335
              ],
              [
                108.47467899963618,
                -6.782435000075168
              ],
              [
                108.47361500003228,
                -6.782669000074236
              ],
              [
                108.47272200022019,
                -6.782904000119458
              ],
              [
                108.4721709999917,
                -6.783415999448778
              ],
              [
                108.4713829996258,
                -6.783376999448933
              ],
              [
                108.47117900011085,
                -6.783067999588468
              ],
              [
                108.46943000039425,
                -6.78309299984204
              ],
              [
                108.4686050001207,
                -6.783636999747671
              ],
              [
                108.46873799995882,
                -6.784322999906465
              ],
              [
                108.46770900017026,
                -6.784386000113784
              ],
              [
                108.4672549999184,
                -6.784454999698426
              ],
              [
                108.46759500030907,
                -6.782588999982295
              ],
              [
                108.46874700037381,
                -6.782084000076509
              ],
              [
                108.46951799995577,
                -6.781130000149346
              ],
              [
                108.46984499974701,
                -6.779791999601059
              ],
              [
                108.47004399993074,
                -6.778324000252383
              ],
              [
                108.47030500027563,
                -6.777176999518872
              ],
              [
                108.47075999967433,
                -6.775647000008973
              ],
              [
                108.4707905577381,
                -6.775508480132203
              ],
              [
                108.47138678307363,
                -6.775786935418694
              ],
              [
                108.47161521087332,
                -6.775977292218215
              ],
              [
                108.47184363867302,
                -6.776224755967689
              ],
              [
                108.47212917522131,
                -6.776319934817082
              ],
              [
                108.47249085287064,
                -6.776472219717107
              ],
              [
                108.47273831662005,
                -6.776643540566909
              ],
              [
                108.4730999951687,
                -6.776852934215469
              ],
              [
                108.47344263686824,
                -6.776986184065095
              ]
            ]
          ],
          [
            [
              [
                108.46791199963911,
                -6.760089000207131
              ],
              [
                108.46805299984612,
                -6.760558000251478
              ],
              [
                108.46776900023923,
                -6.760721999720488
              ],
              [
                108.46745900033267,
                -6.760891999466139
              ],
              [
                108.46684199975851,
                -6.76092299999641
              ],
              [
                108.46633299966828,
                -6.760430999790742
              ],
              [
                108.46560500027061,
                -6.760639999536295
              ],
              [
                108.46497299990409,
                -6.761097999972662
              ],
              [
                108.46437800034448,
                -6.761689999393923
              ],
              [
                108.46359400016303,
                -6.761151999764934
              ],
              [
                108.463210999588,
                -6.761456999440952
              ],
              [
                108.46320900039512,
                -6.762260999645378
              ],
              [
                108.46289999963534,
                -6.763484999433103
              ],
              [
                108.46276499970503,
                -6.763963999938596
              ],
              [
                108.46316700025693,
                -6.764078999845935
              ],
              [
                108.46310800023406,
                -6.764864000073487
              ],
              [
                108.46320200007233,
                -6.765609999401931
              ],
              [
                108.46356499972501,
                -6.765956000069309
              ],
              [
                108.46408200018425,
                -6.765784999378184
              ],
              [
                108.46544700017898,
                -6.765473999425467
              ],
              [
                108.46613300033778,
                -6.765339999541311
              ],
              [
                108.46681999964335,
                -6.765034999865293
              ],
              [
                108.46750799989434,
                -6.764661999751468
              ],
              [
                108.46805800007672,
                -6.764356000029352
              ],
              [
                108.46850500000579,
                -6.764152999661178
              ],
              [
                108.46888300035027,
                -6.763914999477606
              ],
              [
                108.46912599986507,
                -6.76340200010219
              ],
              [
                108.46895700016546,
                -6.762989999988463
              ],
              [
                108.46847799966002,
                -6.762817000104405
              ],
              [
                108.46830699986822,
                -6.762609999551785
              ],
              [
                108.46854900023624,
                -6.76219999953031
              ],
              [
                108.46872400021249,
                -6.76148099964837
              ],
              [
                108.46906899993445,
                -6.761174999926254
              ],
              [
                108.46958300025534,
                -6.761245999603148
              ],
              [
                108.46989000002355,
                -6.761521999740467
              ],
              [
                108.47002499995386,
                -6.761830999600932
              ],
              [
                108.47019499969952,
                -6.76213999946134
              ],
              [
                108.47027699988371,
                -6.763327000240849
              ],
              [
                108.47074199974355,
                -6.764224999384169
              ],
              [
                108.47077500036602,
                -6.765229999864573
              ],
              [
                108.47052100034398,
                -6.766701000250919
              ],
              [
                108.46969099983983,
                -6.768564999874798
              ],
              [
                108.46975900027769,
                -6.77057499993623
              ],
              [
                108.47029499981443,
                -6.771795999585663
              ],
              [
                108.47190899960071,
                -6.772337999399099
              ],
              [
                108.47424200016826,
                -6.772521999790399
              ],
              [
                108.4742470003988,
                -6.770405000190578
              ],
              [
                108.47274100019706,
                -6.769540999917183
              ],
              [
                108.4720269996464,
                -6.767708999970353
              ],
              [
                108.47278400038135,
                -6.766311000252415
              ],
              [
                108.47368300047015,
                -6.765452000209621
              ],
              [
                108.47400900021523,
                -6.763837999524014
              ],
              [
                108.47368307601323,
                -6.762922211790567
              ],
              [
                108.47368300047015,
                -6.762921999550599
              ],
              [
                108.4747490001663,
                -6.763226000079783
              ],
              [
                108.47519099986482,
                -6.763811000077567
              ],
              [
                108.47580800043892,
                -6.763986000053819
              ],
              [
                108.4762510001836,
                -6.76433099977578
              ],
              [
                108.47635000025235,
                -6.765084999473117
              ],
              [
                108.47651799990581,
                -6.765736999862611
              ],
              [
                108.47733699990266,
                -6.766494999744395
              ],
              [
                108.47798800024606,
                -6.766635999951404
              ],
              [
                108.47908400042633,
                -6.766709999766647
              ],
              [
                108.47953000030935,
                -6.76678099944354
              ],
              [
                108.48014800003023,
                -6.766577999974686
              ],
              [
                108.48086799995826,
                -6.766512999675172
              ],
              [
                108.48155400011706,
                -6.766516999859618
              ],
              [
                108.48189499965457,
                -6.766860999535481
              ],
              [
                108.48216600046061,
                -6.767444999487111
              ],
              [
                108.4822309998608,
                -6.768200000129866
              ],
              [
                108.48239800036748,
                -6.769057000080466
              ],
              [
                108.4820169998847,
                -6.769671999662989
              ],
              [
                108.48156899990948,
                -6.770183999891628
              ],
              [
                108.4814620003711,
                -6.770971000211432
              ],
              [
                108.48163000002455,
                -6.771692000185624
              ],
              [
                108.4822790002757,
                -6.772141000206943
              ],
              [
                108.48286000008898,
                -6.77245200015966
              ],
              [
                108.48371599999348,
                -6.77266199995131
              ],
              [
                108.4842009998763,
                -6.7731710000416
              ],
              [
                108.48430300008346,
                -6.773309000110203
              ],
              [
                108.48442300022134,
                -6.773336999602805
              ],
              [
                108.48457500003627,
                -6.77308499967296
              ],
              [
                108.4848029997587,
                -6.772902999373855
              ],
              [
                108.48516800040295,
                -6.772834999835311
              ],
              [
                108.48589799989281,
                -6.773019000226611
              ],
              [
                108.48704000039578,
                -6.773466000155736
              ],
              [
                108.48699099993473,
                -6.773750999808726
              ],
              [
                108.48733200037157,
                -6.774161999876355
              ],
              [
                108.48737100037141,
                -6.77422400003752
              ],
              [
                108.48789999958535,
                -6.773876000177211
              ],
              [
                108.48851600011335,
                -6.774084999922763
              ],
              [
                108.4886938491419,
                -6.77503026743284
              ],
              [
                108.48828928372353,
                -6.77503026743284
              ],
              [
                108.48800702610345,
                -6.775021161797156
              ],
              [
                108.48736724300392,
                -6.775000524154791
              ],
              [
                108.486118026226,
                -6.774792321208622
              ],
              [
                108.48507701239424,
                -6.774643603919117
              ],
              [
                108.48470975355235,
                -6.774591139269603
              ],
              [
                108.4844524026563,
                -6.774554374984348
              ],
              [
                108.48180525271033,
                -6.774227198926042
              ],
              [
                108.47999091364983,
                -6.774197454748673
              ],
              [
                108.47927707497706,
                -6.773989252701824
              ],
              [
                108.47862272375977,
                -6.773989252701824
              ],
              [
                108.47790888508706,
                -6.774048739257864
              ],
              [
                108.47649938214084,
                -6.774116628179797
              ],
              [
                108.47648164930871,
                -6.774139427792306
              ],
              [
                108.476410264722,
                -6.774353579753836
              ],
              [
                108.476410264722,
                -6.774567730816102
              ],
              [
                108.476410264722,
                -6.774746191383599
              ],
              [
                108.47642216185335,
                -6.774900855889769
              ],
              [
                108.47643405988401,
                -6.775103109820634
              ],
              [
                108.47634566192284,
                -6.775304772896902
              ],
              [
                108.4754730011781,
                -6.774831000150471
              ],
              [
                108.475107031964,
                -6.774265858982176
              ],
              [
                108.47516607965093,
                -6.774173661385305
              ],
              [
                108.47431589925941,
                -6.774173661385305
              ],
              [
                108.47131777809307,
                -6.774851806865342
              ],
              [
                108.4708577442895,
                -6.775203922023309
              ],
              [
                108.4709569997658,
                -6.774754000196879
              ],
              [
                108.46923799963406,
                -6.773660000108862
              ],
              [
                108.46783899987003,
                -6.77256800011304
              ],
              [
                108.46631199959916,
                -6.771474000025023
              ],
              [
                108.46446699995215,
                -6.770188000076075
              ],
              [
                108.4632579999568,
                -6.769352000194601
              ],
              [
                108.46224299991457,
                -6.76806999953078
              ],
              [
                108.46113012755342,
                -6.767052992201798
              ],
              [
                108.46129999959538,
                -6.766888999927346
              ],
              [
                108.46168899864841,
                -6.766663000297171
              ],
              [
                108.46186200033111,
                -6.766555999859463
              ],
              [
                108.46192022963493,
                -6.766500456830556
              ],
              [
                108.46192699883198,
                -6.766493999698298
              ],
              [
                108.46192703660353,
                -6.766493988906404
              ],
              [
                108.46192706987841,
                -6.766493966423354
              ],
              [
                108.46192709236146,
                -6.766493944839624
              ],
              [
                108.46168797162267,
                -6.766154299681148
              ],
              [
                108.46162918923574,
                -6.766070805723075
              ],
              [
                108.46142581924624,
                -6.765783665683557
              ],
              [
                108.46134544143905,
                -6.765654655238109
              ],
              [
                108.46141100021754,
                -6.765609000255097
              ],
              [
                108.46191900026173,
                -6.764743999935604
              ],
              [
                108.46229200037556,
                -6.76323799973386
              ],
              [
                108.46220399991472,
                -6.762597999897707
              ],
              [
                108.46216399986878,
                -6.761500999671341
              ],
              [
                108.46189600010041,
                -6.760219999952994
              ],
              [
                108.46180899968567,
                -6.759443000094336
              ],
              [
                108.46227200035258,
                -6.758349000006319
              ],
              [
                108.46317100044138,
                -6.757865000169602
              ],
              [
                108.46428999988365,
                -6.758379999637214
              ],
              [
                108.46534299987962,
                -6.758834999935232
              ],
              [
                108.46670699982826,
                -6.759230000164337
              ],
              [
                108.4676180004704,
                -6.759399999910045
              ],
              [
                108.46791199963911,
                -6.760089000207131
              ]
            ]
          ]
        ]
      }
    },
    {
      "type": "Feature",
      "id": 46,
      "properties": {
        "object_id": 11,
        "kode_zona": "AL",
        "kelas_nilai": 1,
        "range_nilai": "Rp < 250.000",
        "nir_m2": 75000,
        "penggunaan_dominan": "Pertanian Terbuka dan Lahan Konservasi",
        "klasifikasi_tekstual": "Sangat Rendah",
        "kantor_pertanahan": "Kantor Pertanahan Kab. Cirebon",
        "tahun_penilaian": "2026",
        "warna_simbologi": "#38a850",
        "foto_gallery": [
          {
            "url": "/images/foto_kawasan-znt-sumber.jpg",
            "caption": "Verifikasi batas delineasi dan tutupan fisik Zona AL (Kelas 1)."
          },
          {
            "url": "/images/foto_pelayanan-bpn-cirebon.jpg",
            "caption": "Pencatatan sampel transaksi pembanding dan validasi batas zona nilai tanah."
          },
          {
            "url": "/images/foto_kantor-bpn-cirebon.jpg",
            "caption": "Peta Zona Nilai Tanah resmi terbitan Kantor Pertanahan ATR/BPN Kabupaten Cirebon."
          }
        ],
        "rpbulat": 75000,
        "jenis_zona": "Pertanian",
        "jumlah_sampel": 6,
        "nilai_tertinggi": 86250,
        "nilai_terendah": 66000,
        "simpangan_baku": 6000,
        "simpangan_baku_relatif": "7.5%",
        "satuan_wilayah_provinsi": "Jawa Barat",
        "satuan_wilayah_kabupaten": "Kabupaten Cirebon"
      },
      "geometry": {
        "type": "MultiPolygon",
        "coordinates": [
          [
            [
              [
                108.46212599991503,
                -6.798201999622563
              ],
              [
                108.46164923242617,
                -6.798354696412048
              ],
              [
                108.46164900040111,
                -6.798353999437495
              ],
              [
                108.46212599991503,
                -6.798201999622563
              ]
            ]
          ],
          [
            [
              [
                108.46212599991503,
                -6.798201999622563
              ],
              [
                108.46226432733692,
                -6.798133822018201
              ],
              [
                108.46212772661335,
                -6.798201456432025
              ],
              [
                108.46212599991503,
                -6.798201999622563
              ]
            ]
          ],
          [
            [
              [
                108.46322632133774,
                -6.797424711081533
              ],
              [
                108.46285961827681,
                -6.79774616025702
              ],
              [
                108.4632240001875,
                -6.797424999763905
              ],
              [
                108.46343016257202,
                -6.797221268246858
              ],
              [
                108.46323269393372,
                -6.797418357371271
              ],
              [
                108.46322637979364,
                -6.797424658920818
              ],
              [
                108.46322635191467,
                -6.797424683202507
              ],
              [
                108.46322632133774,
                -6.797424711081533
              ]
            ]
          ],
          [
            [
              [
                108.46411135765311,
                -6.796402341095131
              ],
              [
                108.46411115530566,
                -6.79640261718697
              ],
              [
                108.46447500032104,
                -6.795507999494532
              ],
              [
                108.46462199720747,
                -6.794963542733285
              ],
              [
                108.46447758317396,
                -6.795507788153827
              ],
              [
                108.46411135765311,
                -6.796402341095131
              ]
            ]
          ],
          [
            [
              [
                108.46505741296932,
                -6.79378261417628
              ],
              [
                108.46484376732604,
                -6.794307735513542
              ],
              [
                108.46505500008823,
                -6.79378299998541
              ],
              [
                108.46545000031733,
                -6.793067999388597
              ],
              [
                108.46579875111155,
                -6.792551932425681
              ],
              [
                108.46545415428585,
                -6.793067838409968
              ],
              [
                108.46505741296932,
                -6.79378261417628
              ]
            ]
          ],
          [
            [
              [
                108.4700540012912,
                -6.791828998909125
              ],
              [
                108.47012500006878,
                -6.791869999900541
              ],
              [
                108.4701779998149,
                -6.791908999900386
              ],
              [
                108.47016957316731,
                -6.791903024804697
              ],
              [
                108.47012335341009,
                -6.791869540346966
              ],
              [
                108.47010660173834,
                -6.791859799789904
              ],
              [
                108.47007076015751,
                -6.791838958900769
              ],
              [
                108.4700540012912,
                -6.791828998909125
              ]
            ]
          ],
          [
            [
              [
                108.46075058487168,
                -6.798607501235153
              ],
              [
                108.46062101684652,
                -6.798641125987103
              ],
              [
                108.46061999971329,
                -6.798641000082057
              ],
              [
                108.46055944476262,
                -6.798657104241897
              ],
              [
                108.46052555471061,
                -6.798665899611535
              ],
              [
                108.45983889894609,
                -6.798759814014147
              ],
              [
                108.45890812580944,
                -6.798787959196886
              ],
              [
                108.45884705374857,
                -6.79880018907744
              ],
              [
                108.45774800036997,
                -6.799019999573261
              ],
              [
                108.45739863713743,
                -6.799018401478008
              ],
              [
                108.45709234963226,
                -6.799016843852201
              ],
              [
                108.45658571565832,
                -6.799064024085396
              ],
              [
                108.45594035046685,
                -6.799123967497053
              ],
              [
                108.45594045298958,
                -6.799123570896029
              ],
              [
                108.45594646495744,
                -6.799100364789979
              ],
              [
                108.45600133709212,
                -6.798888569951487
              ],
              [
                108.45602194595608,
                -6.798842498582417
              ],
              [
                108.45610099996122,
                -6.798666999482407
              ],
              [
                108.45619897210491,
                -6.798423968491306
              ],
              [
                108.45622132925098,
                -6.798368812170906
              ],
              [
                108.45623022174738,
                -6.798346872310276
              ],
              [
                108.45642095176555,
                -6.797800410960178
              ],
              [
                108.45647238849,
                -6.797665410130548
              ],
              [
                108.45650498351824,
                -6.797580041985327
              ],
              [
                108.45651705691671,
                -6.79756930587871
              ],
              [
                108.45684099991229,
                -6.797281999464644
              ],
              [
                108.45700100009611,
                -6.797082000134139
              ],
              [
                108.45707289190051,
                -6.796906054970407
              ],
              [
                108.4570770692514,
                -6.796895871946901
              ],
              [
                108.4570793058653,
                -6.796886331938595
              ],
              [
                108.45710799963456,
                -6.796765999950878
              ],
              [
                108.45720683242945,
                -6.796436559399638
              ],
              [
                108.45723728257457,
                -6.796335579923038
              ],
              [
                108.45726018111253,
                -6.796138176935244
              ],
              [
                108.45722204985776,
                -6.795905954895829
              ],
              [
                108.45719988336799,
                -6.79584459774992
              ],
              [
                108.45714599958825,
                -6.795695000024182
              ],
              [
                108.45707572386561,
                -6.795588601232907
              ],
              [
                108.45693211112808,
                -6.79537093022418
              ],
              [
                108.45682527526628,
                -6.795159022970495
              ],
              [
                108.45678706127393,
                -6.795083121089135
              ],
              [
                108.45674138200923,
                -6.794941328579398
              ],
              [
                108.45668415365083,
                -6.794882831277619
              ],
              [
                108.45661200014376,
                -6.794808999635563
              ],
              [
                108.45661187064138,
                -6.794808945676266
              ],
              [
                108.45661168178373,
                -6.794808752322012
              ],
              [
                108.45658116688742,
                -6.794795864137768
              ],
              [
                108.45641664221432,
                -6.794718986492001
              ],
              [
                108.45640599603996,
                -6.79471400604649
              ],
              [
                108.45640581527624,
                -6.794713926906127
              ],
              [
                108.4564056920691,
                -6.794713879242067
              ],
              [
                108.45614629521543,
                -6.794611807988474
              ],
              [
                108.45607052733305,
                -6.794541491796338
              ],
              [
                108.45599400042283,
                -6.794470000190302
              ],
              [
                108.45594713765036,
                -6.794372199817133
              ],
              [
                108.45590215176293,
                -6.79427754797041
              ],
              [
                108.45585637986812,
                -6.794055359667084
              ],
              [
                108.45583644189833,
                -6.793929175790765
              ],
              [
                108.45582599987006,
                -6.793862000031254
              ],
              [
                108.45545199971008,
                -6.793599999640207
              ],
              [
                108.45521599961876,
                -6.793423999617858
              ],
              [
                108.45507803192567,
                -6.793241041540796
              ],
              [
                108.45507402005006,
                -6.793231397211173
              ],
              [
                108.45496399968891,
                -6.79296600008081
              ],
              [
                108.45494100042691,
                -6.791847999785318
              ],
              [
                108.45493700024241,
                -6.791805999647124
              ],
              [
                108.45493706139632,
                -6.791806042814585
              ],
              [
                108.45496699982726,
                -6.791826999716193
              ],
              [
                108.4551189996422,
                -6.791958999508154
              ],
              [
                108.45531399964142,
                -6.792374999806327
              ],
              [
                108.4554880004709,
                -6.792550999828734
              ],
              [
                108.4554749998714,
                -6.792590999874676
              ],
              [
                108.45550000012497,
                -6.792608999805452
              ],
              [
                108.45604500007676,
                -6.793113999711295
              ],
              [
                108.45640899977559,
                -6.793480999548422
              ],
              [
                108.45643500007526,
                -6.793503999709799
              ],
              [
                108.45696300014242,
                -6.793960000053914
              ],
              [
                108.45749400034788,
                -6.794530999406049
              ],
              [
                108.45750499995586,
                -6.794542999959447
              ],
              [
                108.45796599963126,
                -6.795004999680941
              ],
              [
                108.4579770001385,
                -6.795016000188184
              ],
              [
                108.45819100011465,
                -6.795215999518689
              ],
              [
                108.4583969997218,
                -6.795457999886764
              ],
              [
                108.45844700022894,
                -6.795509999586784
              ],
              [
                108.45845899988302,
                -6.795549999632726
              ],
              [
                108.45847499972155,
                -6.795588999632571
              ],
              [
                108.45849499974452,
                -6.795625999540221
              ],
              [
                108.45909999976521,
                -6.79659600020517
              ],
              [
                108.45912500001879,
                -6.796634000158917
              ],
              [
                108.45941599994848,
                -6.797087999511518
              ],
              [
                108.45945399990222,
                -6.797140000110858
              ],
              [
                108.45980900008533,
                -6.797552000224584
              ],
              [
                108.45984499994682,
                -6.797589000132177
              ],
              [
                108.4600890004071,
                -6.797814999762409
              ],
              [
                108.46075058487168,
                -6.798607501235153
              ]
            ]
          ],
          [
            [
              [
                108.4700540012912,
                -6.791828998909125
              ],
              [
                108.47005391855356,
                -6.791829166183049
              ],
              [
                108.47005384390985,
                -6.791829122116269
              ],
              [
                108.47000019665182,
                -6.791797927332425
              ],
              [
                108.4700540012912,
                -6.791828998909125
              ]
            ]
          ],
          [
            [
              [
                108.4664383399575,
                -6.791882887185466
              ],
              [
                108.46616204214462,
                -6.792135798128527
              ],
              [
                108.46643599992154,
                -6.791882999600716
              ],
              [
                108.46689400035791,
                -6.791672999809066
              ],
              [
                108.46724273136704,
                -6.791541268914386
              ],
              [
                108.46689611106672,
                -6.791673079848692
              ],
              [
                108.46658329808082,
                -6.791815643077427
              ],
              [
                108.46658213705604,
                -6.79181618177131
              ],
              [
                108.46657835900413,
                -6.791817933650691
              ],
              [
                108.4664383399575,
                -6.791882887185466
              ]
            ]
          ],
          [
            [
              [
                108.46892000025787,
                -6.791324999948756
              ],
              [
                108.46908748999573,
                -6.791373221596871
              ],
              [
                108.46891789944158,
                -6.791324990955502
              ],
              [
                108.46892000025787,
                -6.791324999948756
              ]
            ]
          ],
          [
            [
              [
                108.46825168706579,
                -6.791322002508366
              ],
              [
                108.46792439589422,
                -6.791371967042608
              ],
              [
                108.4682509999837,
                -6.791321999810407
              ],
              [
                108.46825168706579,
                -6.791322002508366
              ]
            ]
          ]
        ]
      }
    },
    {
      "type": "Feature",
      "id": 47,
      "properties": {
        "object_id": 12,
        "kode_zona": "AM",
        "kelas_nilai": 3,
        "range_nilai": "Rp 500.000–Rp 1.000.000",
        "nir_m2": 750000,
        "penggunaan_dominan": "Permukiman Terencana dan Koridor Lingkungan",
        "klasifikasi_tekstual": "Sedang",
        "kantor_pertanahan": "Kantor Pertanahan Kab. Cirebon",
        "tahun_penilaian": "2026",
        "warna_simbologi": "#9bd950",
        "foto_gallery": [
          {
            "url": "/images/foto_kawasan-znt-sumber.jpg",
            "caption": "Verifikasi batas delineasi dan tutupan fisik Zona AM (Kelas 3)."
          },
          {
            "url": "/images/foto_pelayanan-bpn-cirebon.jpg",
            "caption": "Pencatatan sampel transaksi pembanding dan validasi batas zona nilai tanah."
          },
          {
            "url": "/images/foto_kantor-bpn-cirebon.jpg",
            "caption": "Peta Zona Nilai Tanah resmi terbitan Kantor Pertanahan ATR/BPN Kabupaten Cirebon."
          }
        ],
        "rpbulat": 750000,
        "jenis_zona": "Non Pertanian",
        "jumlah_sampel": 7,
        "nilai_tertinggi": 862500,
        "nilai_terendah": 660000,
        "simpangan_baku": 60000,
        "simpangan_baku_relatif": "8.5%",
        "satuan_wilayah_provinsi": "Jawa Barat",
        "satuan_wilayah_kabupaten": "Kabupaten Cirebon"
      },
      "geometry": {
        "type": "MultiPolygon",
        "coordinates": [
          [
            [
              [
                108.44903499966557,
                -6.775283999456974
              ],
              [
                108.44872499975901,
                -6.775624999893807
              ],
              [
                108.44800599987707,
                -6.775449999917498
              ],
              [
                108.44749299960233,
                -6.775309999756644
              ],
              [
                108.44762700038581,
                -6.775755999639614
              ],
              [
                108.44789800029253,
                -6.776442999844505
              ],
              [
                108.44803200017674,
                -6.777025999750037
              ],
              [
                108.44802699994614,
                -6.77791699946988
              ],
              [
                108.44800174068786,
                -6.777925996287649
              ],
              [
                108.44799400112231,
                -6.777743001338422
              ],
              [
                108.44748099994825,
                -6.776898000142523
              ],
              [
                108.4472540011713,
                -6.776514999567553
              ],
              [
                108.44715600024927,
                -6.776018000030604
              ],
              [
                108.44712000128709,
                -6.775840999962156
              ],
              [
                108.44681699990468,
                -6.775520000447614
              ],
              [
                108.44670099995125,
                -6.775406999733207
              ],
              [
                108.44668900029717,
                -6.775324000402236
              ],
              [
                108.44677399972039,
                -6.77520200107142
              ],
              [
                108.44699500001929,
                -6.775065000149596
              ],
              [
                108.44720399886552,
                -6.774978999780956
              ],
              [
                108.44741499870327,
                -6.774939999781111
              ],
              [
                108.44764700040878,
                -6.774981999919305
              ],
              [
                108.44786799980841,
                -6.775097999872742
              ],
              [
                108.4481239999227,
                -6.775275999987343
              ],
              [
                108.44830900036015,
                -6.77535399998709
              ],
              [
                108.44848699957544,
                -6.775350998949421
              ],
              [
                108.4486020003821,
                -6.775289998834353
              ],
              [
                108.44867400010509,
                -6.775168000402857
              ],
              [
                108.4486920000358,
                -6.775004000034528
              ],
              [
                108.44866399964394,
                -6.774826999966024
              ],
              [
                108.44847099883759,
                -6.774459000082743
              ],
              [
                108.44834600026775,
                -6.774199999830103
              ],
              [
                108.4483060002218,
                -6.773894000107987
              ],
              [
                108.44833000042922,
                -6.773709999716687
              ],
              [
                108.44843399982926,
                -6.77354500020158
              ],
              [
                108.44861494792156,
                -6.773424714079226
              ],
              [
                108.44874913216677,
                -6.773517159888968
              ],
              [
                108.4489361812598,
                -6.773590925880455
              ],
              [
                108.44890600001196,
                -6.773808999785444
              ],
              [
                108.4486980003125,
                -6.774219999853074
              ],
              [
                108.44896800017312,
                -6.775009000265129
              ],
              [
                108.44903499966557,
                -6.775283999456974
              ]
            ]
          ],
          [
            [
              [
                108.46848199984447,
                -6.757829999454884
              ],
              [
                108.46835300019086,
                -6.758198999384263
              ],
              [
                108.46795799996181,
                -6.758317999476048
              ],
              [
                108.46743099994075,
                -6.758478999706028
              ],
              [
                108.46746599975614,
                -6.758747999520494
              ],
              [
                108.4676180004704,
                -6.759399999910045
              ],
              [
                108.46670699982826,
                -6.759230000164337
              ],
              [
                108.46534299987962,
                -6.758834999935232
              ],
              [
                108.46428999988365,
                -6.758379999637214
              ],
              [
                108.46317100044138,
                -6.757865000169602
              ],
              [
                108.46227200035258,
                -6.758349000006319
              ],
              [
                108.46180899968567,
                -6.759443000094336
              ],
              [
                108.46189600010041,
                -6.760219999952994
              ],
              [
                108.46216399986878,
                -6.761500999671341
              ],
              [
                108.46220399991472,
                -6.762597999897707
              ],
              [
                108.46229200037556,
                -6.76323799973386
              ],
              [
                108.46191900026173,
                -6.764743999935604
              ],
              [
                108.46141100021754,
                -6.765609000255097
              ],
              [
                108.46134544143905,
                -6.765654655238109
              ],
              [
                108.46129777377331,
                -6.765578148112979
              ],
              [
                108.46127074644784,
                -6.765555444727966
              ],
              [
                108.46116975078343,
                -6.765470611679348
              ],
              [
                108.46111953983495,
                -6.76545619644628
              ],
              [
                108.46097851084966,
                -6.765415706269778
              ],
              [
                108.46059136709795,
                -6.765451342805193
              ],
              [
                108.46021000688637,
                -6.765444308308133
              ],
              [
                108.46006676197158,
                -6.76528599884972
              ],
              [
                108.45997265331533,
                -6.76515194320757
              ],
              [
                108.4598809647348,
                -6.764962751929431
              ],
              [
                108.45982205824146,
                -6.764720483563394
              ],
              [
                108.45980144667948,
                -6.764635716165344
              ],
              [
                108.45978617169453,
                -6.764559045363626
              ],
              [
                108.45980543337413,
                -6.764529395615057
              ],
              [
                108.45980879234196,
                -6.764524225412629
              ],
              [
                108.45986277414778,
                -6.764441137048777
              ],
              [
                108.46025426792016,
                -6.764297925408869
              ],
              [
                108.46054682907294,
                -6.764168610093236
              ],
              [
                108.46068748214162,
                -6.764066644060335
              ],
              [
                108.4607185591143,
                -6.763999649064488
              ],
              [
                108.46076554059727,
                -6.763898369214303
              ],
              [
                108.4607679939478,
                -6.763750720319422
              ],
              [
                108.46068906584776,
                -6.763565447387464
              ],
              [
                108.46064638042617,
                -6.763465245824364
              ],
              [
                108.46046696028208,
                -6.763228189928952
              ],
              [
                108.46026639797594,
                -6.763090072049124
              ],
              [
                108.46018889620063,
                -6.763036699983672
              ],
              [
                108.459893880798,
                -6.762924632765532
              ],
              [
                108.45979434293463,
                -6.762891586277647
              ],
              [
                108.4596071139772,
                -6.762829426936435
              ],
              [
                108.4594878620752,
                -6.762885800039612
              ],
              [
                108.45930642834907,
                -6.763022620197717
              ],
              [
                108.45909525134482,
                -6.763150516383178
              ],
              [
                108.45894058593933,
                -6.763418204986124
              ],
              [
                108.45868360376534,
                -6.763579611709645
              ],
              [
                108.45843328376907,
                -6.763568190319688
              ],
              [
                108.45836047285758,
                -6.763549631010619
              ],
              [
                108.4581434664479,
                -6.763486813365716
              ],
              [
                108.45807065463708,
                -6.763436844334876
              ],
              [
                108.45785507455213,
                -6.763342616968146
              ],
              [
                108.45770231481004,
                -6.763281228345988
              ],
              [
                108.45762093695674,
                -6.7632626681376
              ],
              [
                108.45751243285258,
                -6.763279800222563
              ],
              [
                108.4573584824081,
                -6.763276156169638
              ],
              [
                108.4572823386091,
                -6.763266637745062
              ],
              [
                108.4571395721336,
                -6.763191686447101
              ],
              [
                108.45705748111794,
                -6.763081041057148
              ],
              [
                108.45716812470926,
                -6.763052486682852
              ],
              [
                108.45732115784523,
                -6.763018771998702
              ],
              [
                108.45750005997985,
                -6.76291685722714
              ],
              [
                108.45758572130404,
                -6.762806212736507
              ],
              [
                108.4576892269763,
                -6.762638461295921
              ],
              [
                108.45773660236239,
                -6.762527704389981
              ],
              [
                108.45779132970614,
                -6.762449181884165
              ],
              [
                108.45786509299973,
                -6.762389695328125
              ],
              [
                108.45805544979925,
                -6.762375418590636
              ],
              [
                108.45826722215463,
                -6.762308794115484
              ],
              [
                108.45833146792296,
                -6.762265963003756
              ],
              [
                108.45846233816644,
                -6.762099401366243
              ],
              [
                108.458571792854,
                -6.761951874779129
              ],
              [
                108.45868402374873,
                -6.761758543022268
              ],
              [
                108.45895171415037,
                -6.761377830322544
              ],
              [
                108.45902309783776,
                -6.761324291882545
              ],
              [
                108.45909338165433,
                -6.76096349916611
              ],
              [
                108.45907999974224,
                -6.760960999950157
              ],
              [
                108.4579859987549,
                -6.76073600036608
              ],
              [
                108.45785888677824,
                -6.760698072358082
              ],
              [
                108.4572419986194,
                -6.760514000021033
              ],
              [
                108.45638899975262,
                -6.760158999837927
              ],
              [
                108.45541831650218,
                -6.759659912075222
              ],
              [
                108.4555089996407,
                -6.759539000024802
              ],
              [
                108.45610400009957,
                -6.75879199975094
              ],
              [
                108.45632000016792,
                -6.758519999798125
              ],
              [
                108.4566819997745,
                -6.758040000145854
              ],
              [
                108.45728699979526,
                -6.75759300021673
              ],
              [
                108.45730699981823,
                -6.757577999524983
              ],
              [
                108.45731500018718,
                -6.757570000055409
              ],
              [
                108.45808899990749,
                -6.757435000125099
              ],
              [
                108.45887400013504,
                -6.75729700005644
              ],
              [
                108.45926300008745,
                -6.757242000218071
              ],
              [
                108.45933799994879,
                -6.757224999434129
              ],
              [
                108.46030699966838,
                -6.756913999481469
              ],
              [
                108.46052099964447,
                -6.756862999827547
              ],
              [
                108.46066800012818,
                -6.756861999781393
              ],
              [
                108.46090200012725,
                -6.756861999781393
              ],
              [
                108.46094700040379,
                -6.756859999689198
              ],
              [
                108.46123100001068,
                -6.756831000150498
              ],
              [
                108.46149999982521,
                -6.75679899957413
              ],
              [
                108.46156199998637,
                -6.756785999873955
              ],
              [
                108.46184200030814,
                -6.756712000058712
              ],
              [
                108.46371200020872,
                -6.756802999758577
              ],
              [
                108.46408300023035,
                -6.75682199973545
              ],
              [
                108.46463300041268,
                -6.756920999804265
              ],
              [
                108.46522299974168,
                -6.757038999849897
              ],
              [
                108.46736000026385,
                -6.757533000147816
              ],
              [
                108.4680780000997,
                -6.757741999893312
              ],
              [
                108.46810599959224,
                -6.757749000216165
              ],
              [
                108.46844399989072,
                -6.757824000077505
              ],
              [
                108.4684609997754,
                -6.757828000261952
              ],
              [
                108.46848199984447,
                -6.757829999454884
              ]
            ]
          ]
        ]
      }
    },
    {
      "type": "Feature",
      "id": 50,
      "properties": {
        "object_id": 13,
        "kode_zona": "AN",
        "kelas_nilai": 5,
        "range_nilai": "Rp 1.750.000–Rp 2.750.000",
        "nir_m2": 1500000,
        "penggunaan_dominan": "Kawasan Perumahan Berkepadatan Sedang dan Jasa Lokal",
        "klasifikasi_tekstual": "Tinggi",
        "kantor_pertanahan": "Kantor Pertanahan Kab. Cirebon",
        "tahun_penilaian": "2026",
        "warna_simbologi": "#ffdd50",
        "foto_gallery": [
          {
            "url": "/images/foto_kawasan-znt-sumber.jpg",
            "caption": "Verifikasi batas delineasi dan tutupan fisik Zona AN (Kelas 5)."
          },
          {
            "url": "/images/foto_pelayanan-bpn-cirebon.jpg",
            "caption": "Pencatatan sampel transaksi pembanding dan validasi batas zona nilai tanah."
          },
          {
            "url": "/images/foto_kantor-bpn-cirebon.jpg",
            "caption": "Peta Zona Nilai Tanah resmi terbitan Kantor Pertanahan ATR/BPN Kabupaten Cirebon."
          }
        ],
        "rpbulat": 1500000,
        "jenis_zona": "Non Pertanian",
        "jumlah_sampel": 4,
        "nilai_tertinggi": 1725000,
        "nilai_terendah": 1320000,
        "simpangan_baku": 120000,
        "simpangan_baku_relatif": "9.5%",
        "satuan_wilayah_provinsi": "Jawa Barat",
        "satuan_wilayah_kabupaten": "Kabupaten Cirebon"
      },
      "geometry": {
        "type": "MultiPolygon",
        "coordinates": [
          [
            [
              [
                108.4808180003505,
                -6.759664999540064
              ],
              [
                108.48085700035034,
                -6.759665999586161
              ],
              [
                108.48114099995723,
                -6.759661000254937
              ],
              [
                108.48132700044079,
                -6.759667999678413
              ],
              [
                108.48161900041657,
                -6.759677000093404
              ],
              [
                108.48290300027332,
                -6.759797999378122
              ],
              [
                108.48292999971977,
                -6.759799999470374
              ],
              [
                108.48373700006255,
                -6.759825999770044
              ],
              [
                108.48578400003163,
                -6.759989000092219
              ],
              [
                108.4858030000085,
                -6.759991000184471
              ],
              [
                108.48620200042205,
                -6.760004999930743
              ],
              [
                108.48670000000504,
                -6.760041999838393
              ],
              [
                108.48692799972747,
                -6.760070000230257
              ],
              [
                108.48721500037203,
                -6.76011799974583
              ],
              [
                108.48727999977223,
                -6.760124000022529
              ],
              [
                108.48748600027875,
                -6.760128000206976
              ],
              [
                108.48754100011712,
                -6.760125000068626
              ],
              [
                108.48759399986324,
                -6.760115999653635
              ],
              [
                108.48764600046263,
                -6.760100999861208
              ],
              [
                108.4876960000704,
                -6.760078999745986
              ],
              [
                108.48780699979329,
                -6.760022999861519
              ],
              [
                108.48785300011593,
                -6.759996999561849
              ],
              [
                108.48789500025413,
                -6.759964999884801
              ],
              [
                108.48793400025397,
                -6.759927999977151
              ],
              [
                108.48796800002322,
                -6.759886999885111
              ],
              [
                108.48799700046123,
                -6.759841999608568
              ],
              [
                108.48801999972329,
                -6.759795000139093
              ],
              [
                108.48803799965401,
                -6.759743999585851
              ],
              [
                108.48804900016131,
                -6.759691999885831
              ],
              [
                108.48805500043795,
                -6.759640000185811
              ],
              [
                108.48807200032263,
                -6.759234999495561
              ],
              [
                108.48819399965345,
                -6.759218999657037
              ],
              [
                108.48844300034426,
                -6.759196999541871
              ],
              [
                108.48852699972133,
                -6.759190000118338
              ],
              [
                108.48864199962861,
                -6.759902999723636
              ],
              [
                108.48869200013576,
                -6.760355999929402
              ],
              [
                108.48849600009038,
                -6.761080000041943
              ],
              [
                108.48804199983846,
                -6.761840000015923
              ],
              [
                108.48772699970135,
                -6.762780000196813
              ],
              [
                108.48802700004609,
                -6.763425999410288
              ],
              [
                108.48819599974564,
                -6.764732999428361
              ],
              [
                108.48828100006818,
                -6.765421999725447
              ],
              [
                108.4885230004362,
                -6.766354999583541
              ],
              [
                108.48842000018294,
                -6.767518000155519
              ],
              [
                108.4884770001135,
                -6.768048999461712
              ],
              [
                108.48879200025067,
                -6.768508999990331
              ],
              [
                108.48893822372008,
                -6.768894068106704
              ],
              [
                108.48895499877426,
                -6.768955999919399
              ],
              [
                108.48899703668394,
                -6.769048948450177
              ],
              [
                108.4891630002723,
                -6.769486000078814
              ],
              [
                108.48950599990201,
                -6.770405000190578
              ],
              [
                108.48971799978591,
                -6.771783999931586
              ],
              [
                108.48979784159718,
                -6.77202037324156
              ],
              [
                108.4898349997855,
                -6.772826001218959
              ],
              [
                108.48977599886331,
                -6.77316299967265
              ],
              [
                108.48960299987863,
                -6.773632999763095
              ],
              [
                108.48953546978618,
                -6.773825999670123
              ],
              [
                108.48943400017902,
                -6.774116001352354
              ],
              [
                108.48944569406359,
                -6.774268568639457
              ],
              [
                108.48944000045572,
                -6.774280999968141
              ],
              [
                108.48945400020199,
                -6.774654000081966
              ],
              [
                108.48992294179038,
                -6.7749344302797
              ],
              [
                108.48882466272806,
                -6.77503026743284
              ],
              [
                108.48876600264896,
                -6.77503026743284
              ],
              [
                108.4886938491419,
                -6.77503026743284
              ],
              [
                108.48851600011335,
                -6.774084999922763
              ],
              [
                108.48789999958535,
                -6.773876000177211
              ],
              [
                108.48737100037141,
                -6.77422400003752
              ],
              [
                108.48733200037157,
                -6.774161999876355
              ],
              [
                108.48699099993473,
                -6.773750999808726
              ],
              [
                108.48704000039578,
                -6.773466000155736
              ],
              [
                108.48589799989281,
                -6.773019000226611
              ],
              [
                108.48516800040295,
                -6.772834999835311
              ],
              [
                108.4848029997587,
                -6.772902999373855
              ],
              [
                108.48457500003627,
                -6.77308499967296
              ],
              [
                108.48442300022134,
                -6.773336999602805
              ],
              [
                108.48430300008346,
                -6.773309000110203
              ],
              [
                108.4842009998763,
                -6.7731710000416
              ],
              [
                108.48371599999348,
                -6.77266199995131
              ],
              [
                108.48286000008898,
                -6.77245200015966
              ],
              [
                108.4822790002757,
                -6.772141000206943
              ],
              [
                108.48163000002455,
                -6.771692000185624
              ],
              [
                108.4814620003711,
                -6.770971000211432
              ],
              [
                108.48156899990948,
                -6.770183999891628
              ],
              [
                108.4820169998847,
                -6.769671999662989
              ],
              [
                108.48239800036748,
                -6.769057000080466
              ],
              [
                108.4822309998608,
                -6.768200000129866
              ],
              [
                108.48216600046061,
                -6.767444999487111
              ],
              [
                108.48189499965457,
                -6.766860999535481
              ],
              [
                108.48155400011706,
                -6.766516999859618
              ],
              [
                108.48086799995826,
                -6.766512999675172
              ],
              [
                108.48014800003023,
                -6.766577999974686
              ],
              [
                108.47953000030935,
                -6.76678099944354
              ],
              [
                108.47908400042633,
                -6.766709999766647
              ],
              [
                108.47798800024606,
                -6.766635999951404
              ],
              [
                108.47733699990266,
                -6.766494999744395
              ],
              [
                108.47651799990581,
                -6.765736999862611
              ],
              [
                108.47635000025235,
                -6.765084999473117
              ],
              [
                108.4762510001836,
                -6.76433099977578
              ],
              [
                108.47580800043892,
                -6.763986000053819
              ],
              [
                108.47519099986482,
                -6.763811000077567
              ],
              [
                108.4747490001663,
                -6.763226000079783
              ],
              [
                108.47368307601323,
                -6.762922211790567
              ],
              [
                108.47214899987648,
                -6.76248500008262
              ],
              [
                108.47125500001829,
                -6.762660000058929
              ],
              [
                108.47070699992815,
                -6.762587999436562
              ],
              [
                108.47019499969952,
                -6.76213999946134
              ],
              [
                108.47002499995386,
                -6.761830999600932
              ],
              [
                108.46989000002355,
                -6.761521999740467
              ],
              [
                108.46958300025534,
                -6.761245999603148
              ],
              [
                108.46906899993445,
                -6.761174999926254
              ],
              [
                108.46872400021249,
                -6.76148099964837
              ],
              [
                108.46872999958987,
                -6.760995999765555
              ],
              [
                108.46877299977416,
                -6.760613000089847
              ],
              [
                108.46883299984313,
                -6.760415999998372
              ],
              [
                108.46981400011606,
                -6.760633000112819
              ],
              [
                108.47002199981551,
                -6.760854999558546
              ],
              [
                108.47008900020728,
                -6.761117999995633
              ],
              [
                108.47027000046023,
                -6.761242999464798
              ],
              [
                108.47082499997384,
                -6.761474000224894
              ],
              [
                108.47109299974221,
                -6.761349999902507
              ],
              [
                108.47119900013382,
                -6.761053999742273
              ],
              [
                108.47125199987994,
                -6.760804999950722
              ],
              [
                108.47146799994829,
                -6.760723999812683
              ],
              [
                108.47159200027068,
                -6.760791000204449
              ],
              [
                108.47152499987891,
                -6.760910999443013
              ],
              [
                108.47167300040871,
                -6.760967999373634
              ],
              [
                108.47186000003904,
                -6.760834999535575
              ],
              [
                108.47215700024543,
                -6.760711000112508
              ],
              [
                108.47249200040557,
                -6.760802999858527
              ],
              [
                108.47260700031285,
                -6.760568999859402
              ],
              [
                108.47266000005902,
                -6.760434999975246
              ],
              [
                108.47258900038213,
                -6.760276999883615
              ],
              [
                108.4722489999914,
                -6.760285000252509
              ],
              [
                108.47231300024481,
                -6.759495999840453
              ],
              [
                108.47361500003228,
                -6.759177999564997
              ],
              [
                108.47363400000916,
                -6.758832999843037
              ],
              [
                108.47379500023914,
                -6.758862999427834
              ],
              [
                108.47382799996228,
                -6.75886699961228
              ],
              [
                108.47450499970603,
                -6.758939999381425
              ],
              [
                108.47490900035012,
                -6.758999999450396
              ],
              [
                108.47570500018566,
                -6.759107999934201
              ],
              [
                108.47647699981377,
                -6.759209000095211
              ],
              [
                108.47715000027233,
                -6.759309000210123
              ],
              [
                108.47758000031683,
                -6.759358999817948
              ],
              [
                108.47768099957852,
                -6.759370999472026
              ],
              [
                108.47796900026918,
                -6.759404000094491
              ],
              [
                108.47857400028994,
                -6.759453999702259
              ],
              [
                108.47901700003456,
                -6.759516999909579
              ],
              [
                108.479132999988,
                -6.759549999632725
              ],
              [
                108.47919700024141,
                -6.759562000186122
              ],
              [
                108.47923600024126,
                -6.759565999471249
              ],
              [
                108.47927600028726,
                -6.759568999609598
              ],
              [
                108.48004599982312,
                -6.75961199979389
              ],
              [
                108.4808180003505,
                -6.759664999540064
              ]
            ]
          ]
        ]
      }
    },
    {
      "type": "Feature",
      "id": 51,
      "properties": {
        "object_id": 14,
        "kode_zona": "AP",
        "kelas_nilai": 7,
        "range_nilai": "Rp 4.000.000–Rp 6.000.000",
        "nir_m2": 3500000,
        "penggunaan_dominan": "Pusat Perdagangan, Jasa Komersial, dan Koridor Utama Sumber",
        "klasifikasi_tekstual": "Sangat Tinggi",
        "kantor_pertanahan": "Kantor Pertanahan Kab. Cirebon",
        "tahun_penilaian": "2026",
        "warna_simbologi": "#ff4850",
        "foto_gallery": [
          {
            "url": "/images/foto_kawasan-znt-sumber.jpg",
            "caption": "Verifikasi batas delineasi dan tutupan fisik Zona AP (Kelas 7)."
          },
          {
            "url": "/images/foto_pelayanan-bpn-cirebon.jpg",
            "caption": "Pencatatan sampel transaksi pembanding dan validasi batas zona nilai tanah."
          },
          {
            "url": "/images/foto_kantor-bpn-cirebon.jpg",
            "caption": "Peta Zona Nilai Tanah resmi terbitan Kantor Pertanahan ATR/BPN Kabupaten Cirebon."
          }
        ],
        "rpbulat": 3500000,
        "jenis_zona": "Non Pertanian",
        "jumlah_sampel": 5,
        "nilai_tertinggi": 4025000,
        "nilai_terendah": 3080000,
        "simpangan_baku": 280000,
        "simpangan_baku_relatif": "10.5%",
        "satuan_wilayah_provinsi": "Jawa Barat",
        "satuan_wilayah_kabupaten": "Kabupaten Cirebon"
      },
      "geometry": {
        "type": "MultiPolygon",
        "coordinates": [
          [
            [
              [
                108.4632579999568,
                -6.769352000194601
              ],
              [
                108.46423600009138,
                -6.770028999938347
              ],
              [
                108.46401499979248,
                -6.771048000165024
              ],
              [
                108.46341500000233,
                -6.771764999954712
              ],
              [
                108.46260100023602,
                -6.771977999884712
              ],
              [
                108.46267199991291,
                -6.772623999997563
              ],
              [
                108.46228800019111,
                -6.773005999627117
              ],
              [
                108.46185800014666,
                -6.772813999766242
              ],
              [
                108.46142700005606,
                -6.77247799956001
              ],
              [
                108.4605429997597,
                -6.772212999929934
              ],
              [
                108.45956300043218,
                -6.771636999447935
              ],
              [
                108.45893999958139,
                -6.771850999424032
              ],
              [
                108.45843599972164,
                -6.772376000252166
              ],
              [
                108.45833887473935,
                -6.7723159417273
              ],
              [
                108.45846324108578,
                -6.772256737558337
              ],
              [
                108.45862553633947,
                -6.771867409353433
              ],
              [
                108.45867702432525,
                -6.771639168612694
              ],
              [
                108.4585520230575,
                -6.771307723472603
              ],
              [
                108.45945399990222,
                -6.770999999750131
              ],
              [
                108.45959306117089,
                -6.770620625241634
              ],
              [
                108.45973279333379,
                -6.770600967860332
              ],
              [
                108.45992769620625,
                -6.770512291109299
              ],
              [
                108.4598240916086,
                -6.77013341932178
              ],
              [
                108.45978948839422,
                -6.770084750710623
              ],
              [
                108.45988800013117,
                -6.769816000008348
              ],
              [
                108.46033602258944,
                -6.768144109063314
              ],
              [
                108.46038499876875,
                -6.768079999991983
              ],
              [
                108.46063500040498,
                -6.767888000131052
              ],
              [
                108.46088900042707,
                -6.767687999901227
              ],
              [
                108.46098799869725,
                -6.767547999740373
              ],
              [
                108.46098999968882,
                -6.767424000317305
              ],
              [
                108.46097199975804,
                -6.767284000156451
              ],
              [
                108.46104000019591,
                -6.767139999811093
              ],
              [
                108.46113012755342,
                -6.767052992201798
              ],
              [
                108.46224299991457,
                -6.76806999953078
              ],
              [
                108.4632579999568,
                -6.769352000194601
              ]
            ]
          ]
        ]
      }
    },
    {
      "type": "Feature",
      "id": 52,
      "properties": {
        "object_id": 15,
        "kode_zona": "AQ",
        "kelas_nilai": 1,
        "range_nilai": "Rp < 250.000",
        "nir_m2": 150000,
        "penggunaan_dominan": "Permukiman Pedesaan dan Tegalan",
        "klasifikasi_tekstual": "Rendah",
        "kantor_pertanahan": "Kantor Pertanahan Kab. Cirebon",
        "tahun_penilaian": "2026",
        "warna_simbologi": "#38a850",
        "foto_gallery": [
          {
            "url": "/images/foto_kawasan-znt-sumber.jpg",
            "caption": "Verifikasi batas delineasi dan tutupan fisik Zona AQ (Kelas 1)."
          },
          {
            "url": "/images/foto_pelayanan-bpn-cirebon.jpg",
            "caption": "Pencatatan sampel transaksi pembanding dan validasi batas zona nilai tanah."
          },
          {
            "url": "/images/foto_kantor-bpn-cirebon.jpg",
            "caption": "Peta Zona Nilai Tanah resmi terbitan Kantor Pertanahan ATR/BPN Kabupaten Cirebon."
          }
        ],
        "rpbulat": 150000,
        "jenis_zona": "Pertanian",
        "jumlah_sampel": 6,
        "nilai_tertinggi": 172500,
        "nilai_terendah": 132000,
        "simpangan_baku": 12000,
        "simpangan_baku_relatif": "11.5%",
        "satuan_wilayah_provinsi": "Jawa Barat",
        "satuan_wilayah_kabupaten": "Kabupaten Cirebon"
      },
      "geometry": {
        "type": "MultiPolygon",
        "coordinates": [
          [
            [
              [
                108.44811400036087,
                -6.784201999722484
              ],
              [
                108.44811200476528,
                -6.784202230848223
              ],
              [
                108.44814307634198,
                -6.784161940321269
              ],
              [
                108.44828039292588,
                -6.784014105266692
              ],
              [
                108.44829564992438,
                -6.78385865385377
              ],
              [
                108.44829791531657,
                -6.783777989162843
              ],
              [
                108.44830269611259,
                -6.78360768724491
              ],
              [
                108.44829899989901,
                -6.783859000092718
              ],
              [
                108.44828300006048,
                -6.784014000046
              ],
              [
                108.44814499999183,
                -6.784161999676485
              ],
              [
                108.44811400036087,
                -6.784201999722484
              ]
            ]
          ]
        ]
      }
    },
    {
      "type": "Feature",
      "id": 53,
      "properties": {
        "object_id": 16,
        "kode_zona": "AR",
        "kelas_nilai": 2,
        "range_nilai": "Rp 250.000–Rp 500.000",
        "nir_m2": 350000,
        "penggunaan_dominan": "Permukiman Kepadatan Rendah",
        "klasifikasi_tekstual": "Sedang Rendah",
        "kantor_pertanahan": "Kantor Pertanahan Kab. Cirebon",
        "tahun_penilaian": "2026",
        "warna_simbologi": "#66bf50",
        "foto_gallery": [
          {
            "url": "/images/foto_kawasan-znt-sumber.jpg",
            "caption": "Verifikasi batas delineasi dan tutupan fisik Zona AR (Kelas 2)."
          },
          {
            "url": "/images/foto_pelayanan-bpn-cirebon.jpg",
            "caption": "Pencatatan sampel transaksi pembanding dan validasi batas zona nilai tanah."
          },
          {
            "url": "/images/foto_kantor-bpn-cirebon.jpg",
            "caption": "Peta Zona Nilai Tanah resmi terbitan Kantor Pertanahan ATR/BPN Kabupaten Cirebon."
          }
        ],
        "rpbulat": 350000,
        "jenis_zona": "Pertanian",
        "jumlah_sampel": 7,
        "nilai_tertinggi": 402500,
        "nilai_terendah": 308000,
        "simpangan_baku": 28000,
        "simpangan_baku_relatif": "7.5%",
        "satuan_wilayah_provinsi": "Jawa Barat",
        "satuan_wilayah_kabupaten": "Kabupaten Cirebon"
      },
      "geometry": {
        "type": "MultiPolygon",
        "coordinates": [
          [
            [
              [
                108.44905100040341,
                -6.784093000091843
              ],
              [
                108.44811400036087,
                -6.784201999722484
              ],
              [
                108.44814499999183,
                -6.784161999676485
              ],
              [
                108.44828300006048,
                -6.784014000046
              ],
              [
                108.44829899989901,
                -6.783859000092718
              ],
              [
                108.44830269611259,
                -6.78360768724491
              ],
              [
                108.4483032671821,
                -6.783587333788375
              ],
              [
                108.44830300997597,
                -6.783586974059574
              ],
              [
                108.44837399886103,
                -6.783391000094525
              ],
              [
                108.4484238887515,
                -6.783310839923274
              ],
              [
                108.4485057135679,
                -6.783250248100444
              ],
              [
                108.44853900017478,
                -6.783303999679788
              ],
              [
                108.44857500003627,
                -6.78335500023303
              ],
              [
                108.44860399957497,
                -6.783383999771729
              ],
              [
                108.44860699971332,
                -6.783395999425807
              ],
              [
                108.4486309999208,
                -6.783452000209593
              ],
              [
                108.44866100040491,
                -6.783510000186311
              ],
              [
                108.44869400012806,
                -6.783562999932428
              ],
              [
                108.44898500005775,
                -6.783974
              ],
              [
                108.44905100040341,
                -6.784093000091843
              ]
            ]
          ]
        ]
      }
    },
    {
      "type": "Feature",
      "id": 54,
      "properties": {
        "object_id": 17,
        "kode_zona": "AS",
        "kelas_nilai": 5,
        "range_nilai": "Rp 1.750.000–Rp 2.750.000",
        "nir_m2": 1500000,
        "penggunaan_dominan": "Kawasan Perumahan Berkepadatan Sedang dan Jasa Lokal",
        "klasifikasi_tekstual": "Tinggi",
        "kantor_pertanahan": "Kantor Pertanahan Kab. Cirebon",
        "tahun_penilaian": "2026",
        "warna_simbologi": "#ffdd50",
        "foto_gallery": [
          {
            "url": "/images/foto_kawasan-znt-sumber.jpg",
            "caption": "Verifikasi batas delineasi dan tutupan fisik Zona AS (Kelas 5)."
          },
          {
            "url": "/images/foto_pelayanan-bpn-cirebon.jpg",
            "caption": "Pencatatan sampel transaksi pembanding dan validasi batas zona nilai tanah."
          },
          {
            "url": "/images/foto_kantor-bpn-cirebon.jpg",
            "caption": "Peta Zona Nilai Tanah resmi terbitan Kantor Pertanahan ATR/BPN Kabupaten Cirebon."
          }
        ],
        "rpbulat": 1500000,
        "jenis_zona": "Non Pertanian",
        "jumlah_sampel": 4,
        "nilai_tertinggi": 1725000,
        "nilai_terendah": 1320000,
        "simpangan_baku": 120000,
        "simpangan_baku_relatif": "8.5%",
        "satuan_wilayah_provinsi": "Jawa Barat",
        "satuan_wilayah_kabupaten": "Kabupaten Cirebon"
      },
      "geometry": {
        "type": "MultiPolygon",
        "coordinates": [
          [
            [
              [
                108.48657399959046,
                -6.758218000260456
              ],
              [
                108.48759700000159,
                -6.75833500025999
              ],
              [
                108.48764100023203,
                -6.75833799949902
              ],
              [
                108.48767099981683,
                -6.758339999591271
              ],
              [
                108.48770799972448,
                -6.758338999545174
              ],
              [
                108.48796299979267,
                -6.75833799949902
              ],
              [
                108.48808399997665,
                -6.758321999660495
              ],
              [
                108.48810399999968,
                -6.7583199995683
              ],
              [
                108.48807200032263,
                -6.759234999495561
              ],
              [
                108.48805500043795,
                -6.759640000185811
              ],
              [
                108.48804900016131,
                -6.759691999885831
              ],
              [
                108.48803799965401,
                -6.759743999585851
              ],
              [
                108.48801999972329,
                -6.759795000139093
              ],
              [
                108.48799700046123,
                -6.759841999608568
              ],
              [
                108.48796800002322,
                -6.759886999885111
              ],
              [
                108.48793400025397,
                -6.759927999977151
              ],
              [
                108.48789500025413,
                -6.759964999884801
              ],
              [
                108.48785300011593,
                -6.759996999561849
              ],
              [
                108.48780699979329,
                -6.760022999861519
              ],
              [
                108.4876960000704,
                -6.760078999745986
              ],
              [
                108.48764600046263,
                -6.760100999861208
              ],
              [
                108.48759399986324,
                -6.760115999653635
              ],
              [
                108.48754100011712,
                -6.760125000068626
              ],
              [
                108.48748600027875,
                -6.760128000206976
              ],
              [
                108.48727999977223,
                -6.760124000022529
              ],
              [
                108.48721500037203,
                -6.76011799974583
              ],
              [
                108.48692799972747,
                -6.760070000230257
              ],
              [
                108.48670000000504,
                -6.760041999838393
              ],
              [
                108.48620200042205,
                -6.760004999930743
              ],
              [
                108.4858030000085,
                -6.759991000184471
              ],
              [
                108.48578400003163,
                -6.759989000092219
              ],
              [
                108.48373700006255,
                -6.759825999770044
              ],
              [
                108.48292999971977,
                -6.759799999470374
              ],
              [
                108.48290300027332,
                -6.759797999378122
              ],
              [
                108.48161900041657,
                -6.759677000093404
              ],
              [
                108.48132700044079,
                -6.759667999678413
              ],
              [
                108.48114099995723,
                -6.759661000254937
              ],
              [
                108.48085700035034,
                -6.759665999586161
              ],
              [
                108.4808180003505,
                -6.759664999540064
              ],
              [
                108.48004599982312,
                -6.75961199979389
              ],
              [
                108.47927600028726,
                -6.759568999609598
              ],
              [
                108.47923600024126,
                -6.759565999471249
              ],
              [
                108.47919700024141,
                -6.759562000186122
              ],
              [
                108.479132999988,
                -6.759549999632725
              ],
              [
                108.47901700003456,
                -6.759516999909579
              ],
              [
                108.47857400028994,
                -6.759453999702259
              ],
              [
                108.47796900026918,
                -6.759404000094491
              ],
              [
                108.47768099957852,
                -6.759370999472026
              ],
              [
                108.47758000031683,
                -6.759358999817948
              ],
              [
                108.47715000027233,
                -6.759309000210123
              ],
              [
                108.47647699981377,
                -6.759209000095211
              ],
              [
                108.47570500018566,
                -6.759107999934201
              ],
              [
                108.47490900035012,
                -6.758999999450396
              ],
              [
                108.47503699995764,
                -6.758105999592146
              ],
              [
                108.47582300023134,
                -6.758211999983757
              ],
              [
                108.47660300022835,
                -6.758314000190921
              ],
              [
                108.47726200004132,
                -6.758412000213582
              ],
              [
                108.47768599980913,
                -6.758460999775252
              ],
              [
                108.47778499987788,
                -6.75847299942933
              ],
              [
                108.4780660002458,
                -6.758505000005698
              ],
              [
                108.47866099980536,
                -6.758554999613523
              ],
              [
                108.47868700010503,
                -6.758557999751815
              ],
              [
                108.47883399968941,
                -6.758577999774843
              ],
              [
                108.47883599978161,
                -6.758430000144358
              ],
              [
                108.47884200005831,
                -6.758364999844844
              ],
              [
                108.47886200008128,
                -6.758235000145078
              ],
              [
                108.4788840001965,
                -6.758154000007039
              ],
              [
                108.47891599987355,
                -6.758085999569175
              ],
              [
                108.4789549998734,
                -6.758018000030631
              ],
              [
                108.47898500035757,
                -6.757972999754088
              ],
              [
                108.47902000017291,
                -6.757931999661992
              ],
              [
                108.47906000021891,
                -6.757894999754399
              ],
              [
                108.4791040004493,
                -6.75786300007735
              ],
              [
                108.47915199996487,
                -6.75783699977768
              ],
              [
                108.47920200047201,
                -6.757816999754709
              ],
              [
                108.47925400017203,
                -6.75780300000838
              ],
              [
                108.4793079999643,
                -6.757794999639486
              ],
              [
                108.47936199975652,
                -6.757792999547235
              ],
              [
                108.48068499961312,
                -6.757840999962127
              ],
              [
                108.4829159999735,
                -6.757887999431603
              ],
              [
                108.48295900015779,
                -6.757890999569952
              ],
              [
                108.4832370003873,
                -6.757924000192418
              ],
              [
                108.4835199999481,
                -6.757956999915564
              ],
              [
                108.48516700035685,
                -6.758152999960942
              ],
              [
                108.48582500012373,
                -6.758182999545738
              ],
              [
                108.48654400000567,
                -6.758216000168204
              ],
              [
                108.48657399959046,
                -6.758218000260456
              ]
            ]
          ]
        ]
      }
    },
    {
      "type": "Feature",
      "id": 62,
      "properties": {
        "object_id": 18,
        "kode_zona": "AT",
        "kelas_nilai": 5,
        "range_nilai": "Rp 1.750.000–Rp 2.750.000",
        "nir_m2": 1500000,
        "penggunaan_dominan": "Kawasan Perumahan Berkepadatan Sedang dan Jasa Lokal",
        "klasifikasi_tekstual": "Tinggi",
        "kantor_pertanahan": "Kantor Pertanahan Kab. Cirebon",
        "tahun_penilaian": "2026",
        "warna_simbologi": "#ffdd50",
        "foto_gallery": [
          {
            "url": "/images/foto_kawasan-znt-sumber.jpg",
            "caption": "Verifikasi batas delineasi dan tutupan fisik Zona AT (Kelas 5)."
          },
          {
            "url": "/images/foto_pelayanan-bpn-cirebon.jpg",
            "caption": "Pencatatan sampel transaksi pembanding dan validasi batas zona nilai tanah."
          },
          {
            "url": "/images/foto_kantor-bpn-cirebon.jpg",
            "caption": "Peta Zona Nilai Tanah resmi terbitan Kantor Pertanahan ATR/BPN Kabupaten Cirebon."
          }
        ],
        "rpbulat": 1500000,
        "jenis_zona": "Non Pertanian",
        "jumlah_sampel": 5,
        "nilai_tertinggi": 1725000,
        "nilai_terendah": 1320000,
        "simpangan_baku": 120000,
        "simpangan_baku_relatif": "9.5%",
        "satuan_wilayah_provinsi": "Jawa Barat",
        "satuan_wilayah_kabupaten": "Kabupaten Cirebon"
      },
      "geometry": {
        "type": "MultiPolygon",
        "coordinates": [
          [
            [
              [
                108.45945399990222,
                -6.770999999750131
              ],
              [
                108.4585520230575,
                -6.771307723472603
              ],
              [
                108.45852829804261,
                -6.77124481499618
              ],
              [
                108.45844444615432,
                -6.770927047645102
              ],
              [
                108.45888003998192,
                -6.770720933824009
              ],
              [
                108.45959306117089,
                -6.770620625241634
              ],
              [
                108.45945399990222,
                -6.770999999750131
              ]
            ]
          ],
          [
            [
              [
                108.45988800013117,
                -6.769816000008348
              ],
              [
                108.45978948839422,
                -6.770084750710623
              ],
              [
                108.45972201405976,
                -6.769989850651029
              ],
              [
                108.4597259998551,
                -6.769553999617358
              ],
              [
                108.46001999992313,
                -6.768919000011806
              ],
              [
                108.46014400024546,
                -6.768486998975789
              ],
              [
                108.46020699955346,
                -6.768312999944953
              ],
              [
                108.46033602258944,
                -6.768144109063314
              ],
              [
                108.45988800013117,
                -6.769816000008348
              ]
            ]
          ]
        ]
      }
    },
    {
      "type": "Feature",
      "id": 63,
      "properties": {
        "object_id": 19,
        "kode_zona": "AU",
        "kelas_nilai": 7,
        "range_nilai": "Rp 4.000.000–Rp 6.000.000",
        "nir_m2": 3500000,
        "penggunaan_dominan": "Pusat Perdagangan, Jasa Komersial, dan Koridor Utama Sumber",
        "klasifikasi_tekstual": "Sangat Tinggi",
        "kantor_pertanahan": "Kantor Pertanahan Kab. Cirebon",
        "tahun_penilaian": "2026",
        "warna_simbologi": "#ff4850",
        "foto_gallery": [
          {
            "url": "/images/foto_kawasan-znt-sumber.jpg",
            "caption": "Verifikasi batas delineasi dan tutupan fisik Zona AU (Kelas 7)."
          },
          {
            "url": "/images/foto_pelayanan-bpn-cirebon.jpg",
            "caption": "Pencatatan sampel transaksi pembanding dan validasi batas zona nilai tanah."
          },
          {
            "url": "/images/foto_kantor-bpn-cirebon.jpg",
            "caption": "Peta Zona Nilai Tanah resmi terbitan Kantor Pertanahan ATR/BPN Kabupaten Cirebon."
          }
        ],
        "rpbulat": 3500000,
        "jenis_zona": "Non Pertanian",
        "jumlah_sampel": 6,
        "nilai_tertinggi": 4025000,
        "nilai_terendah": 3080000,
        "simpangan_baku": 280000,
        "simpangan_baku_relatif": "10.5%",
        "satuan_wilayah_provinsi": "Jawa Barat",
        "satuan_wilayah_kabupaten": "Kabupaten Cirebon"
      },
      "geometry": {
        "type": "MultiPolygon",
        "coordinates": [
          [
            [
              [
                108.46993899958522,
                -6.760276999883615
              ],
              [
                108.46988299970076,
                -6.76047700011344
              ],
              [
                108.46981400011606,
                -6.760633000112819
              ],
              [
                108.46883299984313,
                -6.760415999998372
              ],
              [
                108.46877299977416,
                -6.760613000089847
              ],
              [
                108.46872999958987,
                -6.760995999765555
              ],
              [
                108.46872400021249,
                -6.76148099964837
              ],
              [
                108.46854900023624,
                -6.76219999953031
              ],
              [
                108.46830699986822,
                -6.762609999551785
              ],
              [
                108.46847799966002,
                -6.762817000104405
              ],
              [
                108.46895700016546,
                -6.762989999988463
              ],
              [
                108.46912599986507,
                -6.76340200010219
              ],
              [
                108.46888300035027,
                -6.763914999477606
              ],
              [
                108.46850500000579,
                -6.764152999661178
              ],
              [
                108.46805800007672,
                -6.764356000029352
              ],
              [
                108.46750799989434,
                -6.764661999751468
              ],
              [
                108.46681999964335,
                -6.765034999865293
              ],
              [
                108.46613300033778,
                -6.765339999541311
              ],
              [
                108.46544700017898,
                -6.765473999425467
              ],
              [
                108.46408200018425,
                -6.765784999378184
              ],
              [
                108.46356499972501,
                -6.765956000069309
              ],
              [
                108.46320200007233,
                -6.765609999401931
              ],
              [
                108.46310800023406,
                -6.764864000073487
              ],
              [
                108.46316700025693,
                -6.764078999845935
              ],
              [
                108.46276499970503,
                -6.763963999938596
              ],
              [
                108.46289999963534,
                -6.763484999433103
              ],
              [
                108.46320900039512,
                -6.762260999645378
              ],
              [
                108.463210999588,
                -6.761456999440952
              ],
              [
                108.46359400016303,
                -6.761151999764934
              ],
              [
                108.46437800034448,
                -6.761689999393923
              ],
              [
                108.46497299990409,
                -6.761097999972662
              ],
              [
                108.46560500027061,
                -6.760639999536295
              ],
              [
                108.46633299966828,
                -6.760430999790742
              ],
              [
                108.46684199975851,
                -6.76092299999641
              ],
              [
                108.46745900033267,
                -6.760891999466139
              ],
              [
                108.46776900023923,
                -6.760721999720488
              ],
              [
                108.46805299984612,
                -6.760558000251478
              ],
              [
                108.46791199963911,
                -6.760089000207131
              ],
              [
                108.4676180004704,
                -6.759399999910045
              ],
              [
                108.46746599975614,
                -6.758747999520494
              ],
              [
                108.46743099994075,
                -6.758478999706028
              ],
              [
                108.46795799996181,
                -6.758317999476048
              ],
              [
                108.46835300019086,
                -6.758198999384263
              ],
              [
                108.46848199984447,
                -6.757829999454884
              ],
              [
                108.46877900005086,
                -6.757915999823467
              ],
              [
                108.46880700044278,
                -6.757925000238515
              ],
              [
                108.46883499993538,
                -6.757932999708146
              ],
              [
                108.46938800025606,
                -6.758067999638399
              ],
              [
                108.47013799976895,
                -6.758240999522457
              ],
              [
                108.47013792512519,
                -6.758241265721779
              ],
              [
                108.47005799967701,
                -6.758526000074824
              ],
              [
                108.46992099965445,
                -6.75863399965931
              ],
              [
                108.46986000043876,
                -6.75886699961228
              ],
              [
                108.46999200023066,
                -6.759022999611716
              ],
              [
                108.46992499983895,
                -6.759172000187618
              ],
              [
                108.47004399993074,
                -6.759973000253694
              ],
              [
                108.47006399995371,
                -6.760224000137441
              ],
              [
                108.46993899958522,
                -6.760276999883615
              ]
            ]
          ]
        ]
      }
    },
    {
      "type": "Feature",
      "id": 64,
      "properties": {
        "object_id": 20,
        "kode_zona": "AV",
        "kelas_nilai": 5,
        "range_nilai": "Rp 1.750.000–Rp 2.750.000",
        "nir_m2": 1500000,
        "penggunaan_dominan": "Kawasan Perumahan Berkepadatan Sedang dan Jasa Lokal",
        "klasifikasi_tekstual": "Tinggi",
        "kantor_pertanahan": "Kantor Pertanahan Kab. Cirebon",
        "tahun_penilaian": "2026",
        "warna_simbologi": "#ffdd50",
        "foto_gallery": [
          {
            "url": "/images/foto_kawasan-znt-sumber.jpg",
            "caption": "Verifikasi batas delineasi dan tutupan fisik Zona AV (Kelas 5)."
          },
          {
            "url": "/images/foto_pelayanan-bpn-cirebon.jpg",
            "caption": "Pencatatan sampel transaksi pembanding dan validasi batas zona nilai tanah."
          },
          {
            "url": "/images/foto_kantor-bpn-cirebon.jpg",
            "caption": "Peta Zona Nilai Tanah resmi terbitan Kantor Pertanahan ATR/BPN Kabupaten Cirebon."
          }
        ],
        "rpbulat": 1500000,
        "jenis_zona": "Non Pertanian",
        "jumlah_sampel": 7,
        "nilai_tertinggi": 1725000,
        "nilai_terendah": 1320000,
        "simpangan_baku": 120000,
        "simpangan_baku_relatif": "11.5%",
        "satuan_wilayah_provinsi": "Jawa Barat",
        "satuan_wilayah_kabupaten": "Kabupaten Cirebon"
      },
      "geometry": {
        "type": "MultiPolygon",
        "coordinates": [
          [
            [
              [
                108.49000663719659,
                -6.774927126885359
              ],
              [
                108.48992294179038,
                -6.7749344302797
              ],
              [
                108.48945400020199,
                -6.774654000081966
              ],
              [
                108.48944000045572,
                -6.774280999968141
              ],
              [
                108.48944569406359,
                -6.774268568639457
              ],
              [
                108.48945499305353,
                -6.77438989257945
              ],
              [
                108.48945500114746,
                -6.774389999598782
              ],
              [
                108.48946921673104,
                -6.774420915592714
              ],
              [
                108.48955799960208,
                -6.774614000036024
              ],
              [
                108.48958743531193,
                -6.774646505132068
              ],
              [
                108.48972099992426,
                -6.774794000242878
              ],
              [
                108.48997091702427,
                -6.774902963001296
              ],
              [
                108.48997099976191,
                -6.774902999873518
              ],
              [
                108.49000663719659,
                -6.774927126885359
              ]
            ]
          ],
          [
            [
              [
                108.48978800031603,
                -6.771807000092906
              ],
              [
                108.48979784159718,
                -6.77202037324156
              ],
              [
                108.48971799978591,
                -6.771783999931586
              ],
              [
                108.48950599990201,
                -6.770405000190578
              ],
              [
                108.4891630002723,
                -6.769486000078814
              ],
              [
                108.48899703668394,
                -6.769048948450177
              ],
              [
                108.48915399985725,
                -6.769396001324367
              ],
              [
                108.48930599967218,
                -6.769688001300153
              ],
              [
                108.48956399987873,
                -6.770269000214114
              ],
              [
                108.48965000114669,
                -6.770666999682248
              ],
              [
                108.48978800031603,
                -6.771807000092906
              ]
            ]
          ],
          [
            [
              [
                108.50472000002804,
                -6.758125999615118
              ],
              [
                108.50530500002577,
                -6.758144001344533
              ],
              [
                108.50533445821873,
                -6.758139493043132
              ],
              [
                108.50534600011787,
                -6.758230999960631
              ],
              [
                108.50574826057385,
                -6.758204182177224
              ],
              [
                108.50572799974748,
                -6.758284157987475
              ],
              [
                108.50570599963226,
                -6.758371000121485
              ],
              [
                108.50564568749854,
                -6.758619898289624
              ],
              [
                108.50553099965595,
                -6.758897000096454
              ],
              [
                108.50550078063657,
                -6.759219563531985
              ],
              [
                108.50545480099834,
                -6.759410519279982
              ],
              [
                108.50543996398324,
                -6.759421582739833
              ],
              [
                108.50478000009701,
                -6.759603000278219
              ],
              [
                108.50428199961465,
                -6.759677000093404
              ],
              [
                108.50423672234695,
                -6.759701932897826
              ],
              [
                108.50388904983981,
                -6.75962331686253
              ],
              [
                108.50388904983981,
                -6.75959700090084
              ],
              [
                108.50385335844578,
                -6.759454234425334
              ],
              [
                108.50385126032745,
                -6.75945261744431
              ],
              [
                108.50387899991597,
                -6.759092000095677
              ],
              [
                108.50324700044877,
                -6.759219999703191
              ],
              [
                108.50224900029121,
                -6.75946200007121
              ],
              [
                108.50221000029131,
                -6.759314999587502
              ],
              [
                108.50203000008452,
                -6.759184999887793
              ],
              [
                108.50177199987797,
                -6.759241999818414
              ],
              [
                108.50169599997048,
                -6.759338999794977
              ],
              [
                108.50160300017836,
                -6.759385000117618
              ],
              [
                108.50150200001735,
                -6.759399999910045
              ],
              [
                108.50150147841055,
                -6.759833727644377
              ],
              [
                108.50148956239343,
                -6.759848292164918
              ],
              [
                108.50146451717382,
                -6.760252142622221
              ],
              [
                108.50124199971856,
                -6.760374999906276
              ],
              [
                108.50124231268262,
                -6.76037573824965
              ],
              [
                108.50113740226936,
                -6.760400326613762
              ],
              [
                108.500855325413,
                -6.760469126548912
              ],
              [
                108.5008539998123,
                -6.76041700004447
              ],
              [
                108.50063699969786,
                -6.760395999975344
              ],
              [
                108.49984299995452,
                -6.760433999929091
              ],
              [
                108.49977982258082,
                -6.760823596132013
              ],
              [
                108.49967600124654,
                -6.760798998774703
              ],
              [
                108.49920800034897,
                -6.760641999628547
              ],
              [
                108.49764300012441,
                -6.760115999653635
              ],
              [
                108.49655400026694,
                -6.75999100108379
              ],
              [
                108.49655380331541,
                -6.759990936332599
              ],
              [
                108.49632915806427,
                -6.760544105725842
              ],
              [
                108.49523968966002,
                -6.760610135749118
              ],
              [
                108.4952482557025,
                -6.761027018282221
              ],
              [
                108.49494368500314,
                -6.76112219623235
              ],
              [
                108.49444875660487,
                -6.761236410132199
              ],
              [
                108.4941441859055,
                -6.761407731881263
              ],
              [
                108.49398238168163,
                -6.761512428255912
              ],
              [
                108.49390126283305,
                -6.761546226577025
              ],
              [
                108.49375395388194,
                -6.761607606206042
              ],
              [
                108.49342558802056,
                -6.761793203793275
              ],
              [
                108.49329471777708,
                -6.761781306661931
              ],
              [
                108.49309439738857,
                -6.761769523744476
              ],
              [
                108.49309246384621,
                -6.761769410429906
              ],
              [
                108.49294969557207,
                -6.761828896086627
              ],
              [
                108.49279623975474,
                -6.761923331196726
              ],
              [
                108.49268202135823,
                -6.761959182670125
              ],
              [
                108.4921667943621,
                -6.762120905954987
              ],
              [
                108.49184820503069,
                -6.762137046987107
              ],
              [
                108.49150250203888,
                -6.762236492220268
              ],
              [
                108.49121971291947,
                -6.762473882663528
              ],
              [
                108.49121029431967,
                -6.762568867259347
              ],
              [
                108.49119757430867,
                -6.762642251038983
              ],
              [
                108.49117427467309,
                -6.762776676302508
              ],
              [
                108.49121558862856,
                -6.763002330593054
              ],
              [
                108.49129292133131,
                -6.763020176739701
              ],
              [
                108.49132266460936,
                -6.76305586903311
              ],
              [
                108.491316715594,
                -6.763198637307198
              ],
              [
                108.491316715594,
                -6.763246225832631
              ],
              [
                108.49132266460936,
                -6.763293815257327
              ],
              [
                108.49132266460936,
                -6.76338899410672
              ],
              [
                108.49132266460936,
                -6.763466325910144
              ],
              [
                108.4913345617407,
                -6.763555555744233
              ],
              [
                108.4913345617407,
                -6.763650734593682
              ],
              [
                108.491316715594,
                -6.76373401631173
              ],
              [
                108.4913345617407,
                -6.763864885655892
              ],
              [
                108.4913345617407,
                -6.763930321227292
              ],
              [
                108.49147138099949,
                -6.763971961636685
              ],
              [
                108.49162009738967,
                -6.763977909752668
              ],
              [
                108.49179260804249,
                -6.764013602046077
              ],
              [
                108.49191753016993,
                -6.764049294339429
              ],
              [
                108.49203650328207,
                -6.764102831880166
              ],
              [
                108.49210193795415,
                -6.764150421304862
              ],
              [
                108.49218521877287,
                -6.764221804992246
              ],
              [
                108.49225660335964,
                -6.764322931957679
              ],
              [
                108.49228634573831,
                -6.764459751216521
              ],
              [
                108.49228634573831,
                -6.764507339741897
              ],
              [
                108.49212573311615,
                -6.764584673343961
              ],
              [
                108.4920662456608,
                -6.764614415722633
              ],
              [
                108.4920042419023,
                -6.764659885445326
              ],
              [
                108.49200838238102,
                -6.76467782512151
              ],
              [
                108.49200838238102,
                -6.764887216971431
              ],
              [
                108.49201578290212,
                -6.764934584263585
              ],
              [
                108.49201865713536,
                -6.764935642765636
              ],
              [
                108.49214952737884,
                -6.765007027352397
              ],
              [
                108.49217926975757,
                -6.765084360055141
              ],
              [
                108.4921554763942,
                -6.765131948580517
              ],
              [
                108.49203065589012,
                -6.765179498435032
              ],
              [
                108.49202730321753,
                -6.765488427249068
              ],
              [
                108.49202596862364,
                -6.765611372666683
              ],
              [
                108.49198194770878,
                -6.76587538843836
              ],
              [
                108.49193061890298,
                -6.766183224576082
              ],
              [
                108.4916473207673,
                -6.766290547870426
              ],
              [
                108.49129250134791,
                -6.766424964140754
              ],
              [
                108.49115690336845,
                -6.766636606993757
              ],
              [
                108.49109343911101,
                -6.766735663719885
              ],
              [
                108.49033201191287,
                -6.766802289094301
              ],
              [
                108.490170207689,
                -6.767002164318399
              ],
              [
                108.48937366826027,
                -6.76711662193452
              ],
              [
                108.4893510188345,
                -6.767650796746807
              ],
              [
                108.48933618002076,
                -6.767881336154687
              ],
              [
                108.48862211561823,
                -6.768011252217491
              ],
              [
                108.48880900013529,
                -6.768417001143632
              ],
              [
                108.48891438179334,
                -6.768806048760098
              ],
              [
                108.48893822372008,
                -6.768894068106704
              ],
              [
                108.48879200025067,
                -6.768508999990331
              ],
              [
                108.4884770001135,
                -6.768048999461712
              ],
              [
                108.48842000018294,
                -6.767518000155519
              ],
              [
                108.4885230004362,
                -6.766354999583541
              ],
              [
                108.48828100006818,
                -6.765421999725447
              ],
              [
                108.48819599974564,
                -6.764732999428361
              ],
              [
                108.48802700004609,
                -6.763425999410288
              ],
              [
                108.48772699970135,
                -6.762780000196813
              ],
              [
                108.48804199983846,
                -6.761840000015923
              ],
              [
                108.48849600009038,
                -6.761080000041943
              ],
              [
                108.48869200013576,
                -6.760355999929402
              ],
              [
                108.48864199962861,
                -6.759902999723636
              ],
              [
                108.48852699972133,
                -6.759190000118338
              ],
              [
                108.48861993116498,
                -6.759182117560613
              ],
              [
                108.48875100015857,
                -6.759171000141521
              ],
              [
                108.488765999951,
                -6.759171000141521
              ],
              [
                108.48879400034292,
                -6.759170000095367
              ],
              [
                108.48949600034018,
                -6.759125999864978
              ],
              [
                108.49020999999158,
                -6.759076000257153
              ],
              [
                108.49094999994259,
                -6.759022999611716
              ],
              [
                108.49137000042526,
                -6.758993000026862
              ],
              [
                108.49219699989169,
                -6.759009999911541
              ],
              [
                108.49221499982247,
                -6.759009999911541
              ],
              [
                108.49291499972753,
                -6.758996000165212
              ],
              [
                108.4929349997505,
                -6.758995000119114
              ],
              [
                108.49320300041819,
                -6.758978000234492
              ],
              [
                108.49378100009312,
                -6.758940999427523
              ],
              [
                108.49460500032058,
                -6.758939000234648
              ],
              [
                108.49633800019859,
                -6.758955000073172
              ],
              [
                108.4971459996882,
                -6.758946999704222
              ],
              [
                108.49746800014816,
                -6.758967999773347
              ],
              [
                108.4974959996407,
                -6.758968999819444
              ],
              [
                108.49887900046554,
                -6.758971999957794
              ],
              [
                108.49891200018874,
                -6.758970999911696
              ],
              [
                108.49952499967907,
                -6.758927999727348
              ],
              [
                108.49956499972501,
                -6.758922999496804
              ],
              [
                108.5000729997692,
                -6.75884100021193
              ],
              [
                108.50055699960592,
                -6.758762000166143
              ],
              [
                108.50058800013613,
                -6.758755999889445
              ],
              [
                108.50122099964949,
                -6.758606000166708
              ],
              [
                108.50123700038733,
                -6.758600999936164
              ],
              [
                108.5025420003131,
                -6.758237999384107
              ],
              [
                108.50325299982615,
                -6.758041000191952
              ],
              [
                108.5033919999409,
                -6.758003000238205
              ],
              [
                108.50438199972956,
                -6.757749000216165
              ],
              [
                108.50444800007523,
                -6.757733999524419
              ],
              [
                108.50467345201827,
                -6.757688530701103
              ],
              [
                108.5047230001664,
                -6.757951999684963
              ],
              [
                108.50472000002804,
                -6.758125999615118
              ]
            ]
          ]
        ]
      }
    },
    {
      "type": "Feature",
      "id": 65,
      "properties": {
        "object_id": 21,
        "kode_zona": "AW",
        "kelas_nilai": 7,
        "range_nilai": "Rp 4.000.000–Rp 6.000.000",
        "nir_m2": 3500000,
        "penggunaan_dominan": "Pusat Perdagangan, Jasa Komersial, dan Koridor Utama Sumber",
        "klasifikasi_tekstual": "Sangat Tinggi",
        "kantor_pertanahan": "Kantor Pertanahan Kab. Cirebon",
        "tahun_penilaian": "2026",
        "warna_simbologi": "#ff4850",
        "foto_gallery": [
          {
            "url": "/images/foto_kawasan-znt-sumber.jpg",
            "caption": "Verifikasi batas delineasi dan tutupan fisik Zona AW (Kelas 7)."
          },
          {
            "url": "/images/foto_pelayanan-bpn-cirebon.jpg",
            "caption": "Pencatatan sampel transaksi pembanding dan validasi batas zona nilai tanah."
          },
          {
            "url": "/images/foto_kantor-bpn-cirebon.jpg",
            "caption": "Peta Zona Nilai Tanah resmi terbitan Kantor Pertanahan ATR/BPN Kabupaten Cirebon."
          }
        ],
        "rpbulat": 3500000,
        "jenis_zona": "Non Pertanian",
        "jumlah_sampel": 4,
        "nilai_tertinggi": 4025000,
        "nilai_terendah": 3080000,
        "simpangan_baku": 280000,
        "simpangan_baku_relatif": "7.5%",
        "satuan_wilayah_provinsi": "Jawa Barat",
        "satuan_wilayah_kabupaten": "Kabupaten Cirebon"
      },
      "geometry": {
        "type": "MultiPolygon",
        "coordinates": [
          [
            [
              [
                108.47231300024481,
                -6.759495999840453
              ],
              [
                108.4722489999914,
                -6.760285000252509
              ],
              [
                108.47258900038213,
                -6.760276999883615
              ],
              [
                108.47266000005902,
                -6.760434999975246
              ],
              [
                108.47260700031285,
                -6.760568999859402
              ],
              [
                108.47249200040557,
                -6.760802999858527
              ],
              [
                108.47215700024543,
                -6.760711000112508
              ],
              [
                108.47186000003904,
                -6.760834999535575
              ],
              [
                108.47167300040871,
                -6.760967999373634
              ],
              [
                108.47152499987891,
                -6.760910999443013
              ],
              [
                108.47159200027068,
                -6.760791000204449
              ],
              [
                108.47146799994829,
                -6.760723999812683
              ],
              [
                108.47125199987994,
                -6.760804999950722
              ],
              [
                108.47119900013382,
                -6.761053999742273
              ],
              [
                108.47109299974221,
                -6.761349999902507
              ],
              [
                108.47082499997384,
                -6.761474000224894
              ],
              [
                108.47027000046023,
                -6.761242999464798
              ],
              [
                108.47008900020728,
                -6.761117999995633
              ],
              [
                108.47002199981551,
                -6.760854999558546
              ],
              [
                108.46981400011606,
                -6.760633000112819
              ],
              [
                108.46988299970076,
                -6.76047700011344
              ],
              [
                108.46993899958522,
                -6.760276999883615
              ],
              [
                108.47006399995371,
                -6.760224000137441
              ],
              [
                108.47004399993074,
                -6.759973000253694
              ],
              [
                108.46992499983895,
                -6.759172000187618
              ],
              [
                108.46999200023066,
                -6.759022999611716
              ],
              [
                108.46986000043876,
                -6.75886699961228
              ],
              [
                108.46992099965445,
                -6.75863399965931
              ],
              [
                108.47005799967701,
                -6.758526000074824
              ],
              [
                108.47013792512519,
                -6.758241265721779
              ],
              [
                108.47013799976895,
                -6.758240999522457
              ],
              [
                108.47050899979058,
                -6.758326999891096
              ],
              [
                108.47132799978743,
                -6.758498999728999
              ],
              [
                108.4713560001793,
                -6.758503999959601
              ],
              [
                108.47188400024646,
                -6.758579999867038
              ],
              [
                108.47352000014797,
                -6.758814999912261
              ],
              [
                108.47363400000916,
                -6.758832999843037
              ],
              [
                108.47361500003228,
                -6.759177999564997
              ],
              [
                108.47231300024481,
                -6.759495999840453
              ]
            ]
          ]
        ]
      }
    },
    {
      "type": "Feature",
      "id": 66,
      "properties": {
        "object_id": 22,
        "kode_zona": "AX",
        "kelas_nilai": 5,
        "range_nilai": "Rp 1.750.000–Rp 2.750.000",
        "nir_m2": 1500000,
        "penggunaan_dominan": "Kawasan Perumahan Berkepadatan Sedang dan Jasa Lokal",
        "klasifikasi_tekstual": "Tinggi",
        "kantor_pertanahan": "Kantor Pertanahan Kab. Cirebon",
        "tahun_penilaian": "2026",
        "warna_simbologi": "#ffdd50",
        "foto_gallery": [
          {
            "url": "/images/foto_kawasan-znt-sumber.jpg",
            "caption": "Verifikasi batas delineasi dan tutupan fisik Zona AX (Kelas 5)."
          },
          {
            "url": "/images/foto_pelayanan-bpn-cirebon.jpg",
            "caption": "Pencatatan sampel transaksi pembanding dan validasi batas zona nilai tanah."
          },
          {
            "url": "/images/foto_kantor-bpn-cirebon.jpg",
            "caption": "Peta Zona Nilai Tanah resmi terbitan Kantor Pertanahan ATR/BPN Kabupaten Cirebon."
          }
        ],
        "rpbulat": 1500000,
        "jenis_zona": "Non Pertanian",
        "jumlah_sampel": 5,
        "nilai_tertinggi": 1725000,
        "nilai_terendah": 1320000,
        "simpangan_baku": 120000,
        "simpangan_baku_relatif": "8.5%",
        "satuan_wilayah_provinsi": "Jawa Barat",
        "satuan_wilayah_kabupaten": "Kabupaten Cirebon"
      },
      "geometry": {
        "type": "MultiPolygon",
        "coordinates": [
          [
            [
              [
                108.47070699992815,
                -6.762587999436562
              ],
              [
                108.47125500001829,
                -6.762660000058929
              ],
              [
                108.47214899987648,
                -6.76248500008262
              ],
              [
                108.47368300047015,
                -6.762921999550599
              ],
              [
                108.47368307601323,
                -6.762922211790567
              ],
              [
                108.47400900021523,
                -6.763837999524014
              ],
              [
                108.47368300047015,
                -6.765452000209621
              ],
              [
                108.47278400038135,
                -6.766311000252415
              ],
              [
                108.4720269996464,
                -6.767708999970353
              ],
              [
                108.47274100019706,
                -6.769540999917183
              ],
              [
                108.4742470003988,
                -6.770405000190578
              ],
              [
                108.47424200016826,
                -6.772521999790399
              ],
              [
                108.47190899960071,
                -6.772337999399099
              ],
              [
                108.47029499981443,
                -6.771795999585663
              ],
              [
                108.46975900027769,
                -6.77057499993623
              ],
              [
                108.46969099983983,
                -6.768564999874798
              ],
              [
                108.47052100034398,
                -6.766701000250919
              ],
              [
                108.47077500036602,
                -6.765229999864573
              ],
              [
                108.47074199974355,
                -6.764224999384169
              ],
              [
                108.47027699988371,
                -6.763327000240849
              ],
              [
                108.47019499969952,
                -6.76213999946134
              ],
              [
                108.47070699992815,
                -6.762587999436562
              ]
            ]
          ]
        ]
      }
    },
    {
      "type": "Feature",
      "geometry": {
        "type": "Polygon",
        "coordinates": [
          [
            [
              108.504341,
              -6.757118
            ],
            [
              108.504344,
              -6.757279
            ],
            [
              108.504353,
              -6.757292
            ],
            [
              108.504444,
              -6.757426
            ],
            [
              108.50466,
              -6.757617000999929
            ],
            [
              108.50467345189892,
              -6.757688530725171
            ],
            [
              108.50467345201827,
              -6.757688530701103
            ],
            [
              108.5047230001664,
              -6.757951999684963
            ],
            [
              108.50472000002804,
              -6.758125999615118
            ],
            [
              108.50502930994762,
              -6.758135517757852
            ],
            [
              108.505305,
              -6.758144000999923
            ],
            [
              108.505782,
              -6.758071
            ],
            [
              108.505947,
              -6.75802
            ],
            [
              108.506002,
              -6.758016
            ],
            [
              108.506694,
              -6.757818
            ],
            [
              108.506732,
              -6.757794001
            ],
            [
              108.506917,
              -6.75774
            ],
            [
              108.507169,
              -6.757667
            ],
            [
              108.507293,
              -6.757631
            ],
            [
              108.50739600100005,
              -6.757481
            ],
            [
              108.50753899900006,
              -6.757136
            ],
            [
              108.50773199900004,
              -6.756667
            ],
            [
              108.507777,
              -6.756559
            ],
            [
              108.50784600100006,
              -6.756246001
            ],
            [
              108.508167,
              -6.755905
            ],
            [
              108.508504,
              -6.755261
            ],
            [
              108.50875099900007,
              -6.754862
            ],
            [
              108.509092,
              -6.754455
            ],
            [
              108.509186,
              -6.754166000999941
            ],
            [
              108.50935700000012,
              -6.753706
            ],
            [
              108.509575,
              -6.753383
            ],
            [
              108.509722,
              -6.753212000999966
            ],
            [
              108.509889,
              -6.753158
            ],
            [
              108.510122,
              -6.753222
            ],
            [
              108.510301,
              -6.753437
            ],
            [
              108.5102650000001,
              -6.754087
            ],
            [
              108.510695,
              -6.754478
            ],
            [
              108.510906,
              -6.753784
            ],
            [
              108.511203,
              -6.753567
            ],
            [
              108.511426,
              -6.753475
            ],
            [
              108.512095,
              -6.753492
            ],
            [
              108.512929,
              -6.753499001
            ],
            [
              108.512901,
              -6.752684000999977
            ],
            [
              108.513931,
              -6.752585
            ],
            [
              108.51512299900007,
              -6.752455
            ],
            [
              108.51508000100006,
              -6.751764
            ],
            [
              108.51507,
              -6.751600999999898
            ],
            [
              108.514672,
              -6.750778
            ],
            [
              108.514541,
              -6.750465
            ],
            [
              108.51423900000012,
              -6.750185000999977
            ],
            [
              108.514081,
              -6.75
            ],
            [
              108.514076,
              -6.75
            ],
            [
              108.51394700000012,
              -6.748685
            ],
            [
              108.514015,
              -6.747635000999932
            ],
            [
              108.51410500000013,
              -6.746321
            ],
            [
              108.514157,
              -6.745264
            ],
            [
              108.51502700000012,
              -6.743141
            ],
            [
              108.516409,
              -6.741365
            ],
            [
              108.518236,
              -6.737848
            ],
            [
              108.518155,
              -6.737685000999917
            ],
            [
              108.518147,
              -6.737589000999968
            ],
            [
              108.518333,
              -6.735451
            ],
            [
              108.51915100000011,
              -6.733469
            ],
            [
              108.519153,
              -6.733131
            ],
            [
              108.51903,
              -6.732992
            ],
            [
              108.518291,
              -6.732908000999906
            ],
            [
              108.517877,
              -6.732764
            ],
            [
              108.516351,
              -6.731927
            ],
            [
              108.515588,
              -6.731769999999894
            ],
            [
              108.5136,
              -6.731836000999937
            ],
            [
              108.51336799900008,
              -6.731753
            ],
            [
              108.512752,
              -6.731511
            ],
            [
              108.51253199900009,
              -6.731582
            ],
            [
              108.512388,
              -6.731794000999926
            ],
            [
              108.512367,
              -6.731905
            ],
            [
              108.51235000100004,
              -6.731998
            ],
            [
              108.512367,
              -6.732054
            ],
            [
              108.51239399900004,
              -6.732144000999931
            ],
            [
              108.512531,
              -6.732549
            ],
            [
              108.512578,
              -6.732955
            ],
            [
              108.512504,
              -6.733154
            ],
            [
              108.51237,
              -6.733340000999945
            ],
            [
              108.51236,
              -6.733356000999937
            ],
            [
              108.512175,
              -6.733658
            ],
            [
              108.512126,
              -6.734001
            ],
            [
              108.51211500100005,
              -6.734073
            ],
            [
              108.5119309990001,
              -6.734930000999963
            ],
            [
              108.511794,
              -6.735104
            ],
            [
              108.51147800000011,
              -6.735368000999966
            ],
            [
              108.51093600000011,
              -6.735763
            ],
            [
              108.510633,
              -6.735963
            ],
            [
              108.51024999900002,
              -6.736285000999899
            ],
            [
              108.509891,
              -6.736711000999975
            ],
            [
              108.509828,
              -6.736896
            ],
            [
              108.50973700000011,
              -6.737427
            ],
            [
              108.509774,
              -6.737843
            ],
            [
              108.509831,
              -6.738212
            ],
            [
              108.509756,
              -6.738388
            ],
            [
              108.50944500000011,
              -6.738657
            ],
            [
              108.50896000100005,
              -6.738915
            ],
            [
              108.508707,
              -6.739068
            ],
            [
              108.50865700000011,
              -6.739387
            ],
            [
              108.50865599900003,
              -6.739735000999893
            ],
            [
              108.508709,
              -6.740010001
            ],
            [
              108.50870799900007,
              -6.740197
            ],
            [
              108.508803,
              -6.740336
            ],
            [
              108.50894900000011,
              -6.74045
            ],
            [
              108.50955,
              -6.740683999999899
            ],
            [
              108.509702,
              -6.740884
            ],
            [
              108.50974799900006,
              -6.741066
            ],
            [
              108.50976199900005,
              -6.741427001
            ],
            [
              108.509679,
              -6.741687000999931
            ],
            [
              108.50954500100003,
              -6.741933
            ],
            [
              108.50931200000012,
              -6.742146999999889
            ],
            [
              108.5092589990001,
              -6.742247001
            ],
            [
              108.509211,
              -6.742457
            ],
            [
              108.509101,
              -6.74248300099989
            ],
            [
              108.50852300000012,
              -6.742538001
            ],
            [
              108.50837799900003,
              -6.742642999999894
            ],
            [
              108.508335,
              -6.742755
            ],
            [
              108.50836,
              -6.742909
            ],
            [
              108.508469,
              -6.74306900099997
            ],
            [
              108.5088200000001,
              -6.743464
            ],
            [
              108.50892,
              -6.743711
            ],
            [
              108.508918,
              -6.743885000999985
            ],
            [
              108.50884999900009,
              -6.743963
            ],
            [
              108.508431,
              -6.744052
            ],
            [
              108.5084110010001,
              -6.744115000999919
            ],
            [
              108.50845399900001,
              -6.744273
            ],
            [
              108.50858,
              -6.744672998999903
            ],
            [
              108.509033,
              -6.74694
            ],
            [
              108.50904299900007,
              -6.747752
            ],
            [
              108.508512,
              -6.75
            ],
            [
              108.508504,
              -6.75
            ],
            [
              108.508406,
              -6.750208001000015
            ],
            [
              108.50833400100002,
              -6.75042
            ],
            [
              108.5079410000001,
              -6.751189
            ],
            [
              108.5076200000001,
              -6.751935
            ],
            [
              108.50732,
              -6.752553
            ],
            [
              108.50706,
              -6.753202
            ],
            [
              108.50694800000011,
              -6.753545
            ],
            [
              108.50649,
              -6.754127001
            ],
            [
              108.506147,
              -6.754457
            ],
            [
              108.505465,
              -6.755888
            ],
            [
              108.50529,
              -6.75616
            ],
            [
              108.505262,
              -6.756204
            ],
            [
              108.5050190000001,
              -6.756467999999895
            ],
            [
              108.50485,
              -6.756595
            ],
            [
              108.504551,
              -6.756802
            ],
            [
              108.5044050000001,
              -6.756942
            ],
            [
              108.504341,
              -6.757118
            ]
          ]
        ]
      },
      "properties": {
        "object_id": 23,
        "kode_zona": "BB",
        "satuan_wilayah_provinsi": "Jawa Barat",
        "satuan_wilayah_kabupaten": "Kabupaten Cirebon",
        "nama_kecamatan": "Talun",
        "nama_desa": "Cempaka",
        "kelas_nilai": 7,
        "range_nilai": "Rp 4.000.000–Rp 6.000.000",
        "nir_m2": 4800000,
        "rpbulat": 4800000,
        "penggunaan_dominan": "Koridor Komersial & Jasa Utama Jl. Cakrabuana",
        "jenis_zona": "Non Pertanian",
        "jumlah_sampel": 5,
        "nilai_tertinggi": 5664000,
        "nilai_terendah": 4128000,
        "simpangan_baku": 432000,
        "simpangan_baku_relatif": "8.2%",
        "kantor_pertanahan": "Kantor Pertanahan Kab. Cirebon",
        "tahun_penilaian": "2026",
        "warna_simbologi": "#ff4850",
        "foto_gallery": [
          {
            "url": "/images/foto_kawasan-znt-sumber.jpg",
            "caption": "Delineasi zona nilai tanah Cempaka (Talun): Kelas 7."
          },
          {
            "url": "/images/foto_kantor-desa-sindangjawa.png",
            "caption": "Dokumentasi pusat administrasi desa dan orientasi tata guna lahan Cempaka."
          },
          {
            "url": "/images/foto_pasar-sumber-cirebon.jpg",
            "caption": "Aktivitas ekonomi dan fasilitas pendukung di koridor Cempaka."
          }
        ]
      }
    },
    {
      "type": "Feature",
      "geometry": {
        "type": "Polygon",
        "coordinates": [
          [
            [
              108.496685,
              -6.745697000999897
            ],
            [
              108.49675100100008,
              -6.745939
            ],
            [
              108.496871,
              -6.746114000999938
            ],
            [
              108.49743300100002,
              -6.746304000999938
            ],
            [
              108.498801,
              -6.746485
            ],
            [
              108.49940300000013,
              -6.746649
            ],
            [
              108.499724,
              -6.746812
            ],
            [
              108.5,
              -6.747077
            ],
            [
              108.5,
              -6.747046
            ],
            [
              108.500199,
              -6.748639
            ],
            [
              108.50055999900012,
              -6.749214
            ],
            [
              108.50111300000013,
              -6.749772
            ],
            [
              108.501369,
              -6.75
            ],
            [
              108.501376,
              -6.75
            ],
            [
              108.501421,
              -6.750173
            ],
            [
              108.50150800100003,
              -6.750473
            ],
            [
              108.50152500000011,
              -6.750703
            ],
            [
              108.501418,
              -6.751437
            ],
            [
              108.50246899900006,
              -6.750793001000012
            ],
            [
              108.503076,
              -6.750561999
            ],
            [
              108.503511,
              -6.750453
            ],
            [
              108.504021,
              -6.750342
            ],
            [
              108.504669,
              -6.750297
            ],
            [
              108.505088,
              -6.750282
            ],
            [
              108.50545,
              -6.750305000999958
            ],
            [
              108.50572699900006,
              -6.750405
            ],
            [
              108.505969,
              -6.7506
            ],
            [
              108.506176,
              -6.750952
            ],
            [
              108.50632899900005,
              -6.751358000999954
            ],
            [
              108.506489,
              -6.751869
            ],
            [
              108.506646,
              -6.752405
            ],
            [
              108.506774,
              -6.752915
            ],
            [
              108.50694700000011,
              -6.75309599899996
            ],
            [
              108.50706,
              -6.753202
            ],
            [
              108.50732,
              -6.752553
            ],
            [
              108.5076200000001,
              -6.751935
            ],
            [
              108.5079410000001,
              -6.751189
            ],
            [
              108.50833400100002,
              -6.75042
            ],
            [
              108.508406,
              -6.750208001000015
            ],
            [
              108.508504,
              -6.75
            ],
            [
              108.508512,
              -6.75
            ],
            [
              108.50904299900007,
              -6.747752
            ],
            [
              108.509033,
              -6.74694
            ],
            [
              108.50858,
              -6.744672998999903
            ],
            [
              108.50845399900001,
              -6.744273
            ],
            [
              108.5084110010001,
              -6.744115000999919
            ],
            [
              108.508431,
              -6.744052
            ],
            [
              108.50884999900009,
              -6.743963
            ],
            [
              108.508918,
              -6.743885000999985
            ],
            [
              108.50892,
              -6.743711
            ],
            [
              108.5088200000001,
              -6.743464
            ],
            [
              108.508469,
              -6.74306900099997
            ],
            [
              108.50836,
              -6.742909
            ],
            [
              108.508335,
              -6.742755
            ],
            [
              108.50837799900003,
              -6.742642999999894
            ],
            [
              108.50852300000012,
              -6.742538001
            ],
            [
              108.509101,
              -6.74248300099989
            ],
            [
              108.509211,
              -6.742457
            ],
            [
              108.5092589990001,
              -6.742247001
            ],
            [
              108.50931200000012,
              -6.742146999999889
            ],
            [
              108.50954500100003,
              -6.741933
            ],
            [
              108.509679,
              -6.741687000999931
            ],
            [
              108.50976199900005,
              -6.741427001
            ],
            [
              108.50974799900006,
              -6.741066
            ],
            [
              108.509702,
              -6.740884
            ],
            [
              108.50955,
              -6.740683999999899
            ],
            [
              108.50894900000011,
              -6.74045
            ],
            [
              108.508803,
              -6.740336
            ],
            [
              108.50870799900007,
              -6.740197
            ],
            [
              108.508709,
              -6.740010001
            ],
            [
              108.50852,
              -6.740116
            ],
            [
              108.508092,
              -6.740463
            ],
            [
              108.507883,
              -6.740844
            ],
            [
              108.50757400100012,
              -6.741333
            ],
            [
              108.507256,
              -6.741626
            ],
            [
              108.506928,
              -6.741765999999895
            ],
            [
              108.50643600000011,
              -6.741764
            ],
            [
              108.505498,
              -6.741551998999952
            ],
            [
              108.504952,
              -6.74144
            ],
            [
              108.50461299900009,
              -6.741427
            ],
            [
              108.504318,
              -6.741567
            ],
            [
              108.503758,
              -6.742001
            ],
            [
              108.50318999900011,
              -6.742042
            ],
            [
              108.50235,
              -6.741841000999973
            ],
            [
              108.50222,
              -6.741491
            ],
            [
              108.5024020000001,
              -6.740106
            ],
            [
              108.502819,
              -6.737653
            ],
            [
              108.503019,
              -6.737032
            ],
            [
              108.5040690000001,
              -6.737315
            ],
            [
              108.504552001,
              -6.736666
            ],
            [
              108.504647,
              -6.736252
            ],
            [
              108.504663,
              -6.735905
            ],
            [
              108.504328,
              -6.734964
            ],
            [
              108.50429999900003,
              -6.734843
            ],
            [
              108.50422,
              -6.734828
            ],
            [
              108.50412499900003,
              -6.734809999999893
            ],
            [
              108.5040689990001,
              -6.734795
            ],
            [
              108.503421,
              -6.734636
            ],
            [
              108.503632,
              -6.734105
            ],
            [
              108.502906,
              -6.733879
            ],
            [
              108.50299499900005,
              -6.733595
            ],
            [
              108.503175,
              -6.732834
            ],
            [
              108.503217,
              -6.73221
            ],
            [
              108.503082,
              -6.732201
            ],
            [
              108.502849,
              -6.732201
            ],
            [
              108.502672,
              -6.732222
            ],
            [
              108.502457,
              -6.732222
            ],
            [
              108.50199200000012,
              -6.7323
            ],
            [
              108.5014110010001,
              -6.732418
            ],
            [
              108.501356,
              -6.73243
            ],
            [
              108.501263,
              -6.73257
            ],
            [
              108.501083,
              -6.732950999
            ],
            [
              108.500912,
              -6.733506
            ],
            [
              108.50088500100009,
              -6.733789
            ],
            [
              108.50078900100006,
              -6.734701
            ],
            [
              108.50065399900008,
              -6.735353
            ],
            [
              108.500524,
              -6.735565
            ],
            [
              108.500404,
              -6.735637
            ],
            [
              108.500027,
              -6.735846
            ],
            [
              108.500001,
              -6.735901
            ],
            [
              108.5,
              -6.735903042
            ],
            [
              108.49993000100004,
              -6.736046
            ],
            [
              108.499881,
              -6.736362000999964
            ],
            [
              108.49984900100009,
              -6.736571
            ],
            [
              108.499759,
              -6.737161
            ],
            [
              108.49974000000012,
              -6.737288
            ],
            [
              108.499593,
              -6.737522
            ],
            [
              108.499474,
              -6.737772
            ],
            [
              108.499435,
              -6.738049
            ],
            [
              108.499469,
              -6.738293
            ],
            [
              108.499614,
              -6.738684000999974
            ],
            [
              108.499628,
              -6.738877
            ],
            [
              108.49961700100008,
              -6.738983
            ],
            [
              108.499505,
              -6.739014000999923
            ],
            [
              108.498928,
              -6.739093
            ],
            [
              108.498621,
              -6.739214
            ],
            [
              108.498469,
              -6.739334
            ],
            [
              108.498389,
              -6.739446
            ],
            [
              108.498316,
              -6.73954699899997
            ],
            [
              108.498145,
              -6.739902
            ],
            [
              108.4980330000001,
              -6.740333
            ],
            [
              108.49807,
              -6.740627
            ],
            [
              108.498144,
              -6.740882
            ],
            [
              108.498194,
              -6.74112
            ],
            [
              108.498184,
              -6.7415
            ],
            [
              108.49815799900006,
              -6.742023
            ],
            [
              108.4981060000001,
              -6.742113
            ],
            [
              108.498011,
              -6.742171
            ],
            [
              108.497891,
              -6.742176
            ],
            [
              108.49765099900011,
              -6.742125
            ],
            [
              108.497427,
              -6.742051
            ],
            [
              108.497465,
              -6.742834000999977
            ],
            [
              108.49741000100008,
              -6.743074998999933
            ],
            [
              108.497043,
              -6.743891000999948
            ],
            [
              108.496796,
              -6.745015
            ],
            [
              108.496685,
              -6.745697000999897
            ]
          ]
        ]
      },
      "properties": {
        "object_id": 24,
        "kode_zona": "BC",
        "satuan_wilayah_provinsi": "Jawa Barat",
        "satuan_wilayah_kabupaten": "Kabupaten Cirebon",
        "nama_kecamatan": "Sumber",
        "nama_desa": "Pejambon",
        "kelas_nilai": 5,
        "range_nilai": "Rp 1.750.000–Rp 2.750.000",
        "nir_m2": 2200000,
        "rpbulat": 2200000,
        "penggunaan_dominan": "Permukiman Padat dan Sarana Pendidikan Sub-urban",
        "jenis_zona": "Non Pertanian",
        "jumlah_sampel": 6,
        "nilai_tertinggi": 2596000,
        "nilai_terendah": 1892000,
        "simpangan_baku": 198000,
        "simpangan_baku_relatif": "9.2%",
        "kantor_pertanahan": "Kantor Pertanahan Kab. Cirebon",
        "tahun_penilaian": "2026",
        "warna_simbologi": "#ffdd50",
        "foto_gallery": [
          {
            "url": "/images/foto_kawasan-znt-sumber.jpg",
            "caption": "Delineasi zona nilai tanah Pejambon (Sumber): Kelas 5."
          },
          {
            "url": "/images/foto_kantor-desa-sindangjawa.png",
            "caption": "Dokumentasi pusat administrasi desa dan orientasi tata guna lahan Pejambon."
          },
          {
            "url": "/images/foto_pasar-sumber-cirebon.jpg",
            "caption": "Aktivitas ekonomi dan fasilitas pendukung di koridor Pejambon."
          }
        ]
      }
    },
    {
      "type": "Feature",
      "geometry": {
        "type": "Polygon",
        "coordinates": [
          [
            [
              108.46629000100002,
              -6.744617
            ],
            [
              108.46633299900012,
              -6.744722
            ],
            [
              108.466821,
              -6.744785
            ],
            [
              108.46766200000012,
              -6.744817
            ],
            [
              108.46863599900006,
              -6.744676
            ],
            [
              108.46895800100006,
              -6.74462
            ],
            [
              108.469172,
              -6.744583001
            ],
            [
              108.46931499900002,
              -6.744573998999972
            ],
            [
              108.46932889500002,
              -6.744580367999966
            ],
            [
              108.469363,
              -6.744596
            ],
            [
              108.469422,
              -6.744621
            ],
            [
              108.469495,
              -6.744725000999942
            ],
            [
              108.4695,
              -6.744864000999897
            ],
            [
              108.4692430000001,
              -6.745227
            ],
            [
              108.469208,
              -6.745264
            ],
            [
              108.46915600100002,
              -6.745296
            ],
            [
              108.46845400100001,
              -6.745782999
            ],
            [
              108.46816799900006,
              -6.746066
            ],
            [
              108.467669,
              -6.746739998999953
            ],
            [
              108.467221,
              -6.747549
            ],
            [
              108.466833,
              -6.748456
            ],
            [
              108.466804999,
              -6.748561999999893
            ],
            [
              108.46684,
              -6.748872
            ],
            [
              108.46691600000013,
              -6.748958
            ],
            [
              108.467274,
              -6.749198
            ],
            [
              108.467667,
              -6.749416
            ],
            [
              108.4678250000001,
              -6.749538
            ],
            [
              108.467933,
              -6.749685999
            ],
            [
              108.468097,
              -6.75
            ],
            [
              108.468178,
              -6.750157
            ],
            [
              108.46820199900013,
              -6.750204
            ],
            [
              108.468305,
              -6.750483
            ],
            [
              108.468348,
              -6.750858
            ],
            [
              108.468319,
              -6.751296
            ],
            [
              108.468273,
              -6.751891
            ],
            [
              108.468331,
              -6.752473
            ],
            [
              108.468399,
              -6.752558
            ],
            [
              108.468469,
              -6.752556
            ],
            [
              108.468634,
              -6.752498
            ],
            [
              108.468798,
              -6.752363
            ],
            [
              108.46888080200007,
              -6.752287724999963
            ],
            [
              108.469018,
              -6.752162998999946
            ],
            [
              108.46913899900002,
              -6.752220998999949
            ],
            [
              108.46924900100007,
              -6.752364
            ],
            [
              108.46941299900004,
              -6.752754
            ],
            [
              108.469485,
              -6.753032
            ],
            [
              108.469776,
              -6.75272100099993
            ],
            [
              108.4699150000001,
              -6.752506
            ],
            [
              108.47022,
              -6.752115
            ],
            [
              108.470308,
              -6.751994001
            ],
            [
              108.47051,
              -6.751897
            ],
            [
              108.471005,
              -6.751811998999948
            ],
            [
              108.471115,
              -6.751795
            ],
            [
              108.47149899900008,
              -6.751763000999979
            ],
            [
              108.471688,
              -6.751708000999958
            ],
            [
              108.471394,
              -6.751037
            ],
            [
              108.471263,
              -6.750454
            ],
            [
              108.47108400100011,
              -6.750273
            ],
            [
              108.47092800100008,
              -6.75
            ],
            [
              108.47091599900006,
              -6.749885
            ],
            [
              108.470844,
              -6.749204
            ],
            [
              108.470839,
              -6.749157
            ],
            [
              108.470773,
              -6.748
            ],
            [
              108.4725933490001,
              -6.748578363
            ],
            [
              108.4733350000001,
              -6.748814
            ],
            [
              108.473764,
              -6.748942
            ],
            [
              108.474281,
              -6.748995
            ],
            [
              108.474711,
              -6.748972
            ],
            [
              108.47487599900006,
              -6.748860000999947
            ],
            [
              108.475016,
              -6.748646000999916
            ],
            [
              108.47528399900007,
              -6.748004
            ],
            [
              108.47546499900004,
              -6.747298
            ],
            [
              108.475698,
              -6.746177
            ],
            [
              108.475932,
              -6.744929
            ],
            [
              108.47616199900007,
              -6.744299000999955
            ],
            [
              108.476379,
              -6.743985
            ],
            [
              108.47659399900002,
              -6.743784
            ],
            [
              108.477555,
              -6.743651
            ],
            [
              108.47807399900007,
              -6.743426
            ],
            [
              108.479056,
              -6.743344
            ],
            [
              108.479072,
              -6.743293
            ],
            [
              108.479172,
              -6.742788
            ],
            [
              108.479266,
              -6.742318
            ],
            [
              108.47931999900005,
              -6.741648998999985
            ],
            [
              108.479294,
              -6.741104
            ],
            [
              108.47920799900002,
              -6.740782
            ],
            [
              108.479037,
              -6.740421
            ],
            [
              108.47890600100008,
              -6.740228
            ],
            [
              108.47865899900007,
              -6.739861
            ],
            [
              108.478298,
              -6.739325
            ],
            [
              108.47820000000011,
              -6.739068
            ],
            [
              108.477819,
              -6.738921
            ],
            [
              108.47722700100007,
              -6.73876599899992
            ],
            [
              108.476887,
              -6.73855
            ],
            [
              108.47664799900004,
              -6.738221
            ],
            [
              108.476399,
              -6.737715
            ],
            [
              108.476251,
              -6.737008
            ],
            [
              108.476217,
              -6.736187000999962
            ],
            [
              108.476096,
              -6.735203
            ],
            [
              108.475922,
              -6.734570999000013
            ],
            [
              108.475523,
              -6.733498
            ],
            [
              108.475387,
              -6.73313
            ],
            [
              108.475137,
              -6.732599
            ],
            [
              108.474903,
              -6.73232600099989
            ],
            [
              108.474643,
              -6.732258
            ],
            [
              108.4744160000001,
              -6.732283
            ],
            [
              108.474002,
              -6.732916
            ],
            [
              108.473798,
              -6.733287
            ],
            [
              108.473693,
              -6.733534
            ],
            [
              108.473589,
              -6.733681
            ],
            [
              108.473492,
              -6.733730000999973
            ],
            [
              108.473205,
              -6.733702
            ],
            [
              108.472597,
              -6.733611000999897
            ],
            [
              108.472376,
              -6.733627
            ],
            [
              108.471879,
              -6.734798
            ],
            [
              108.471783,
              -6.734914
            ],
            [
              108.471489,
              -6.734856
            ],
            [
              108.470858,
              -6.73523
            ],
            [
              108.47070200000012,
              -6.735369
            ],
            [
              108.470608,
              -6.735541
            ],
            [
              108.4703669990001,
              -6.736528
            ],
            [
              108.470263,
              -6.73722
            ],
            [
              108.470225,
              -6.737885
            ],
            [
              108.469584,
              -6.738482000999959
            ],
            [
              108.467849,
              -6.740457000999946
            ],
            [
              108.4678700000001,
              -6.74072
            ],
            [
              108.467834,
              -6.740935
            ],
            [
              108.4677080000001,
              -6.741156000999961
            ],
            [
              108.467467,
              -6.741408
            ],
            [
              108.466687,
              -6.74209
            ],
            [
              108.46660000100009,
              -6.742299
            ],
            [
              108.466481,
              -6.742812000999933
            ],
            [
              108.466458,
              -6.743254
            ],
            [
              108.466436,
              -6.743472
            ],
            [
              108.466299,
              -6.744297000999968
            ],
            [
              108.46629000100002,
              -6.744617
            ]
          ]
        ]
      },
      "properties": {
        "object_id": 25,
        "kode_zona": "BD",
        "satuan_wilayah_provinsi": "Jawa Barat",
        "satuan_wilayah_kabupaten": "Kabupaten Cirebon",
        "nama_kecamatan": "Plumbon",
        "nama_desa": "Cempaka",
        "kelas_nilai": 6,
        "range_nilai": "Rp 2.750.000–Rp 4.000.000",
        "nir_m2": 3400000,
        "rpbulat": 3400000,
        "penggunaan_dominan": "Kawasan Niaga Strategis Perbatasan Plumbon-Sumber",
        "jenis_zona": "Non Pertanian",
        "jumlah_sampel": 7,
        "nilai_tertinggi": 4012000,
        "nilai_terendah": 2924000,
        "simpangan_baku": 306000,
        "simpangan_baku_relatif": "10.2%",
        "kantor_pertanahan": "Kantor Pertanahan Kab. Cirebon",
        "tahun_penilaian": "2026",
        "warna_simbologi": "#ff9150",
        "foto_gallery": [
          {
            "url": "/images/foto_kawasan-znt-sumber.jpg",
            "caption": "Delineasi zona nilai tanah Cempaka (Plumbon): Kelas 6."
          },
          {
            "url": "/images/foto_kantor-desa-sindangjawa.png",
            "caption": "Dokumentasi pusat administrasi desa dan orientasi tata guna lahan Cempaka."
          },
          {
            "url": "/images/foto_pasar-sumber-cirebon.jpg",
            "caption": "Aktivitas ekonomi dan fasilitas pendukung di koridor Cempaka."
          }
        ]
      }
    },
    {
      "type": "Feature",
      "geometry": {
        "type": "Polygon",
        "coordinates": [
          [
            [
              108.470773,
              -6.748
            ],
            [
              108.470839,
              -6.749157
            ],
            [
              108.470844,
              -6.749204
            ],
            [
              108.47091599900006,
              -6.749885
            ],
            [
              108.47092800100008,
              -6.75
            ],
            [
              108.47483399900005,
              -6.750428
            ],
            [
              108.475099,
              -6.750451
            ],
            [
              108.47585299900008,
              -6.750542
            ],
            [
              108.476147,
              -6.750689000999934
            ],
            [
              108.476291,
              -6.750814998999967
            ],
            [
              108.476813,
              -6.751289
            ],
            [
              108.47682399900003,
              -6.751298
            ],
            [
              108.4772810000001,
              -6.751689000999896
            ],
            [
              108.47744599900008,
              -6.751884
            ],
            [
              108.477694,
              -6.752069
            ],
            [
              108.47806,
              -6.752297
            ],
            [
              108.478198,
              -6.752357
            ],
            [
              108.478559,
              -6.752631
            ],
            [
              108.478786,
              -6.752835
            ],
            [
              108.47935,
              -6.753366000999918
            ],
            [
              108.479875,
              -6.753751000999976
            ],
            [
              108.48045499900009,
              -6.75419
            ],
            [
              108.480938,
              -6.754596
            ],
            [
              108.481303,
              -6.754914
            ],
            [
              108.481506,
              -6.755396999
            ],
            [
              108.481496,
              -6.756181998999946
            ],
            [
              108.48146000000011,
              -6.75678
            ],
            [
              108.481451,
              -6.757181
            ],
            [
              108.482153,
              -6.756988000999932
            ],
            [
              108.483119,
              -6.756621
            ],
            [
              108.483647,
              -6.756252
            ],
            [
              108.48404399900004,
              -6.755794
            ],
            [
              108.484222,
              -6.755291000999943
            ],
            [
              108.484304,
              -6.754376
            ],
            [
              108.484405,
              -6.754195
            ],
            [
              108.484586,
              -6.752711
            ],
            [
              108.48459,
              -6.751835
            ],
            [
              108.48440799900004,
              -6.750436
            ],
            [
              108.4842262100001,
              -6.749999592999913
            ],
            [
              108.48476199900003,
              -6.748957
            ],
            [
              108.485068,
              -6.748492
            ],
            [
              108.48534599900003,
              -6.748392
            ],
            [
              108.486066,
              -6.748371
            ],
            [
              108.486837,
              -6.74837400099997
            ],
            [
              108.487103,
              -6.748237
            ],
            [
              108.48764799900007,
              -6.747861
            ],
            [
              108.4883580000001,
              -6.747386
            ],
            [
              108.488903,
              -6.746959
            ],
            [
              108.489079,
              -6.746882
            ],
            [
              108.488299,
              -6.74619000099992
            ],
            [
              108.487907,
              -6.74583
            ],
            [
              108.48834300100002,
              -6.744529
            ],
            [
              108.48750600100004,
              -6.743953
            ],
            [
              108.486348,
              -6.743197
            ],
            [
              108.485921,
              -6.742766
            ],
            [
              108.48540500000011,
              -6.742192
            ],
            [
              108.484677,
              -6.741349000999943
            ],
            [
              108.48432200000012,
              -6.740829
            ],
            [
              108.483395,
              -6.739588
            ],
            [
              108.482735,
              -6.739589
            ],
            [
              108.482121,
              -6.739631
            ],
            [
              108.481861,
              -6.739701
            ],
            [
              108.481772,
              -6.739725
            ],
            [
              108.481717,
              -6.739718
            ],
            [
              108.481603,
              -6.739704
            ],
            [
              108.48156,
              -6.739687
            ],
            [
              108.48148599900013,
              -6.739657000999923
            ],
            [
              108.48124800100007,
              -6.739636
            ],
            [
              108.481069,
              -6.739668
            ],
            [
              108.481031,
              -6.739686
            ],
            [
              108.47971299900007,
              -6.73977
            ],
            [
              108.47914,
              -6.739865
            ],
            [
              108.47894999900008,
              -6.739911
            ],
            [
              108.47883899900005,
              -6.739873998999936
            ],
            [
              108.478777,
              -6.739858
            ],
            [
              108.47865899900007,
              -6.739861
            ],
            [
              108.47890600100008,
              -6.740228
            ],
            [
              108.479037,
              -6.740421
            ],
            [
              108.47920799900002,
              -6.740782
            ],
            [
              108.479294,
              -6.741104
            ],
            [
              108.47931999900005,
              -6.741648998999985
            ],
            [
              108.479266,
              -6.742318
            ],
            [
              108.479172,
              -6.742788
            ],
            [
              108.479072,
              -6.743293
            ],
            [
              108.479056,
              -6.743344
            ],
            [
              108.47807399900007,
              -6.743426
            ],
            [
              108.477555,
              -6.743651
            ],
            [
              108.47659399900002,
              -6.743784
            ],
            [
              108.476379,
              -6.743985
            ],
            [
              108.47616199900007,
              -6.744299000999955
            ],
            [
              108.475932,
              -6.744929
            ],
            [
              108.475698,
              -6.746177
            ],
            [
              108.47546499900004,
              -6.747298
            ],
            [
              108.47528399900007,
              -6.748004
            ],
            [
              108.475016,
              -6.748646000999916
            ],
            [
              108.47487599900006,
              -6.748860000999947
            ],
            [
              108.474711,
              -6.748972
            ],
            [
              108.474281,
              -6.748995
            ],
            [
              108.473764,
              -6.748942
            ],
            [
              108.4733350000001,
              -6.748814
            ],
            [
              108.4725933490001,
              -6.748578363
            ],
            [
              108.470773,
              -6.748
            ]
          ]
        ]
      },
      "properties": {
        "object_id": 26,
        "kode_zona": "BE",
        "satuan_wilayah_provinsi": "Jawa Barat",
        "satuan_wilayah_kabupaten": "Kabupaten Cirebon",
        "nama_kecamatan": "Sumber",
        "nama_desa": "Kaliwadas",
        "kelas_nilai": 5,
        "range_nilai": "Rp 1.750.000–Rp 2.750.000",
        "nir_m2": 2200000,
        "rpbulat": 2200000,
        "penggunaan_dominan": "Kawasan Permukiman Teratur & Koridor Lingkungan",
        "jenis_zona": "Non Pertanian",
        "jumlah_sampel": 8,
        "nilai_tertinggi": 2596000,
        "nilai_terendah": 1892000,
        "simpangan_baku": 198000,
        "simpangan_baku_relatif": "11.2%",
        "kantor_pertanahan": "Kantor Pertanahan Kab. Cirebon",
        "tahun_penilaian": "2026",
        "warna_simbologi": "#ffdd50",
        "foto_gallery": [
          {
            "url": "/images/foto_kawasan-znt-sumber.jpg",
            "caption": "Delineasi zona nilai tanah Kaliwadas (Sumber): Kelas 5."
          },
          {
            "url": "/images/foto_kantor-desa-sindangjawa.png",
            "caption": "Dokumentasi pusat administrasi desa dan orientasi tata guna lahan Kaliwadas."
          },
          {
            "url": "/images/foto_pasar-sumber-cirebon.jpg",
            "caption": "Aktivitas ekonomi dan fasilitas pendukung di koridor Kaliwadas."
          }
        ]
      }
    },
    {
      "type": "Feature",
      "geometry": {
        "type": "Polygon",
        "coordinates": [
          [
            [
              108.44422000000013,
              -6.745247
            ],
            [
              108.444365,
              -6.745816
            ],
            [
              108.444868,
              -6.746138
            ],
            [
              108.445118,
              -6.748596
            ],
            [
              108.4461670000001,
              -6.748558
            ],
            [
              108.44647300100011,
              -6.748625
            ],
            [
              108.446733,
              -6.749019998999952
            ],
            [
              108.446949,
              -6.749545000999959
            ],
            [
              108.44699,
              -6.75
            ],
            [
              108.446902,
              -6.750703
            ],
            [
              108.446976,
              -6.750857
            ],
            [
              108.447085,
              -6.75099
            ],
            [
              108.44723899900008,
              -6.751118
            ],
            [
              108.44754,
              -6.751058000999912
            ],
            [
              108.44790599900001,
              -6.751076
            ],
            [
              108.44825,
              -6.751157
            ],
            [
              108.448712,
              -6.751234
            ],
            [
              108.449099,
              -6.75121
            ],
            [
              108.4493980000001,
              -6.751220999999898
            ],
            [
              108.450146,
              -6.751365
            ],
            [
              108.45017800100007,
              -6.751379998999909
            ],
            [
              108.45029800000013,
              -6.751419
            ],
            [
              108.450189,
              -6.751664
            ],
            [
              108.450159,
              -6.752034
            ],
            [
              108.4502150000001,
              -6.752522
            ],
            [
              108.45027,
              -6.753074
            ],
            [
              108.450264,
              -6.75325
            ],
            [
              108.450221,
              -6.754595
            ],
            [
              108.45012499900012,
              -6.755384
            ],
            [
              108.4500400000001,
              -6.755874
            ],
            [
              108.4499670000001,
              -6.756295
            ],
            [
              108.449955,
              -6.756454
            ],
            [
              108.449927,
              -6.756805999999884
            ],
            [
              108.44988,
              -6.757405
            ],
            [
              108.449828,
              -6.758077
            ],
            [
              108.450635,
              -6.758289
            ],
            [
              108.451737,
              -6.758782
            ],
            [
              108.4519690000001,
              -6.758768
            ],
            [
              108.4521149990001,
              -6.758432
            ],
            [
              108.45250600000013,
              -6.757563998999984
            ],
            [
              108.45255300000011,
              -6.757458
            ],
            [
              108.452718,
              -6.757183
            ],
            [
              108.452923,
              -6.756818
            ],
            [
              108.452979,
              -6.756539001
            ],
            [
              108.453066,
              -6.756276
            ],
            [
              108.45316400100003,
              -6.75609200099996
            ],
            [
              108.453275,
              -6.755891
            ],
            [
              108.45336299900006,
              -6.755731
            ],
            [
              108.453531,
              -6.755293
            ],
            [
              108.453807,
              -6.754628
            ],
            [
              108.453833,
              -6.754564
            ],
            [
              108.45399,
              -6.754301
            ],
            [
              108.454286,
              -6.753803
            ],
            [
              108.454661,
              -6.753175
            ],
            [
              108.45501600100006,
              -6.752764000999935
            ],
            [
              108.455833,
              -6.751817
            ],
            [
              108.456118,
              -6.751486
            ],
            [
              108.456694,
              -6.750736000999915
            ],
            [
              108.45695,
              -6.75014400099996
            ],
            [
              108.457005,
              -6.75
            ],
            [
              108.4571,
              -6.749752
            ],
            [
              108.457201,
              -6.74931
            ],
            [
              108.45728000100007,
              -6.749015999999887
            ],
            [
              108.457311,
              -6.748436998999942
            ],
            [
              108.457284,
              -6.74776
            ],
            [
              108.457414,
              -6.747533
            ],
            [
              108.45763000100007,
              -6.74728
            ],
            [
              108.458053,
              -6.746841
            ],
            [
              108.45706600100003,
              -6.746745
            ],
            [
              108.455673,
              -6.746443
            ],
            [
              108.454346,
              -6.746222
            ],
            [
              108.452242,
              -6.745901998999983
            ],
            [
              108.451492,
              -6.745778
            ],
            [
              108.450675,
              -6.745478999999889
            ],
            [
              108.449752,
              -6.745005
            ],
            [
              108.448911,
              -6.744398
            ],
            [
              108.4487,
              -6.743713
            ],
            [
              108.44870900000011,
              -6.741838
            ],
            [
              108.448203,
              -6.741165
            ],
            [
              108.44704200100003,
              -6.740928
            ],
            [
              108.447185,
              -6.741637
            ],
            [
              108.447309,
              -6.7421160009999
            ],
            [
              108.447361,
              -6.742392
            ],
            [
              108.447328,
              -6.742909
            ],
            [
              108.44730600000011,
              -6.74322
            ],
            [
              108.44746,
              -6.743839
            ],
            [
              108.447547,
              -6.744058
            ],
            [
              108.447588,
              -6.744123000999959
            ],
            [
              108.44694500100009,
              -6.744655
            ],
            [
              108.446614,
              -6.744994
            ],
            [
              108.44592800100004,
              -6.745141998999983
            ],
            [
              108.44547,
              -6.745172000999979
            ],
            [
              108.44422000000013,
              -6.745247
            ]
          ]
        ]
      },
      "properties": {
        "object_id": 27,
        "kode_zona": "BF",
        "satuan_wilayah_provinsi": "Jawa Barat",
        "satuan_wilayah_kabupaten": "Kabupaten Cirebon",
        "nama_kecamatan": "Depok",
        "nama_desa": "Karangwangi",
        "kelas_nilai": 4,
        "range_nilai": "Rp 1.000.000–Rp 1.750.000",
        "nir_m2": 1350000,
        "rpbulat": 1350000,
        "penggunaan_dominan": "Permukiman Semi Perkotaan & Lahan Pertanian Campuran",
        "jenis_zona": "Non Pertanian",
        "jumlah_sampel": 5,
        "nilai_tertinggi": 1593000,
        "nilai_terendah": 1161000,
        "simpangan_baku": 121500,
        "simpangan_baku_relatif": "12.2%",
        "kantor_pertanahan": "Kantor Pertanahan Kab. Cirebon",
        "tahun_penilaian": "2026",
        "warna_simbologi": "#def250",
        "foto_gallery": [
          {
            "url": "/images/foto_kawasan-znt-sumber.jpg",
            "caption": "Delineasi zona nilai tanah Karangwangi (Depok): Kelas 4."
          },
          {
            "url": "/images/foto_kantor-desa-sindangjawa.png",
            "caption": "Dokumentasi pusat administrasi desa dan orientasi tata guna lahan Karangwangi."
          },
          {
            "url": "/images/foto_pasar-sumber-cirebon.jpg",
            "caption": "Aktivitas ekonomi dan fasilitas pendukung di koridor Karangwangi."
          }
        ]
      }
    },
    {
      "type": "Feature",
      "geometry": {
        "type": "Polygon",
        "coordinates": [
          [
            [
              108.488216,
              -6.75608
            ],
            [
              108.48856599900009,
              -6.756287
            ],
            [
              108.48920400000011,
              -6.756514
            ],
            [
              108.489619,
              -6.756508
            ],
            [
              108.490323,
              -6.756224
            ],
            [
              108.490732,
              -6.755962998999944
            ],
            [
              108.491053,
              -6.755718
            ],
            [
              108.49138800100008,
              -6.755482
            ],
            [
              108.492122,
              -6.754789000999974
            ],
            [
              108.49222,
              -6.754102000999975
            ],
            [
              108.49240200100004,
              -6.753828
            ],
            [
              108.49288500100003,
              -6.753391
            ],
            [
              108.493138,
              -6.75289
            ],
            [
              108.493424,
              -6.75283800099993
            ],
            [
              108.493565,
              -6.752477999999897
            ],
            [
              108.493604,
              -6.752437
            ],
            [
              108.493998,
              -6.752547000999922
            ],
            [
              108.49453499900005,
              -6.752194
            ],
            [
              108.4947309990001,
              -6.752009
            ],
            [
              108.49592,
              -6.752035
            ],
            [
              108.49805899900012,
              -6.75237
            ],
            [
              108.49811900000012,
              -6.752330001
            ],
            [
              108.49848400100002,
              -6.752108
            ],
            [
              108.498783,
              -6.752096
            ],
            [
              108.499766,
              -6.752078
            ],
            [
              108.5,
              -6.752001
            ],
            [
              108.500272,
              -6.751911
            ],
            [
              108.500471,
              -6.751849999999894
            ],
            [
              108.500756,
              -6.751799
            ],
            [
              108.501291,
              -6.751515000999976
            ],
            [
              108.501418,
              -6.751437
            ],
            [
              108.50152500000011,
              -6.750703
            ],
            [
              108.50150800100003,
              -6.750473
            ],
            [
              108.501421,
              -6.750173
            ],
            [
              108.501376,
              -6.75
            ],
            [
              108.501369,
              -6.75
            ],
            [
              108.50111300000013,
              -6.749772
            ],
            [
              108.50055999900012,
              -6.749214
            ],
            [
              108.500199,
              -6.748639
            ],
            [
              108.5,
              -6.747046
            ],
            [
              108.5,
              -6.747077
            ],
            [
              108.499724,
              -6.746812
            ],
            [
              108.49940300000013,
              -6.746649
            ],
            [
              108.498801,
              -6.746485
            ],
            [
              108.49743300100002,
              -6.746304000999938
            ],
            [
              108.496871,
              -6.746114000999938
            ],
            [
              108.49675100100008,
              -6.745939
            ],
            [
              108.496685,
              -6.745697000999897
            ],
            [
              108.496796,
              -6.745015
            ],
            [
              108.497043,
              -6.743891000999948
            ],
            [
              108.49741000100008,
              -6.743074998999933
            ],
            [
              108.497465,
              -6.742834000999977
            ],
            [
              108.497427,
              -6.742051
            ],
            [
              108.497137,
              -6.741957000999978
            ],
            [
              108.496858,
              -6.741902
            ],
            [
              108.496639,
              -6.741933
            ],
            [
              108.49626899900008,
              -6.742066
            ],
            [
              108.49607199900004,
              -6.742228
            ],
            [
              108.49605199900006,
              -6.742244
            ],
            [
              108.495829,
              -6.742528
            ],
            [
              108.4957830000001,
              -6.742720998999953
            ],
            [
              108.495774,
              -6.74294
            ],
            [
              108.495655,
              -6.743182
            ],
            [
              108.495501,
              -6.743914
            ],
            [
              108.495454,
              -6.744341
            ],
            [
              108.495421,
              -6.744643
            ],
            [
              108.495463,
              -6.744848
            ],
            [
              108.49545099900007,
              -6.745027
            ],
            [
              108.495378,
              -6.745471998999932
            ],
            [
              108.49499500100009,
              -6.746961
            ],
            [
              108.49488599900005,
              -6.74718
            ],
            [
              108.494635,
              -6.747449
            ],
            [
              108.49428,
              -6.747705
            ],
            [
              108.493914,
              -6.747995
            ],
            [
              108.49371199900007,
              -6.748205
            ],
            [
              108.493447,
              -6.74866800099996
            ],
            [
              108.493222,
              -6.74903
            ],
            [
              108.492819,
              -6.749476
            ],
            [
              108.492621,
              -6.749696
            ],
            [
              108.492371,
              -6.750076
            ],
            [
              108.491781,
              -6.751202000999925
            ],
            [
              108.49138900100007,
              -6.751737
            ],
            [
              108.491242,
              -6.752111
            ],
            [
              108.491185,
              -6.752474
            ],
            [
              108.491133,
              -6.752876
            ],
            [
              108.491043,
              -6.753365000999924
            ],
            [
              108.4908290000001,
              -6.753857998999948
            ],
            [
              108.490725,
              -6.753959
            ],
            [
              108.49049699900007,
              -6.754069000999909
            ],
            [
              108.48936599900011,
              -6.754455
            ],
            [
              108.489124,
              -6.754649
            ],
            [
              108.488977,
              -6.75488
            ],
            [
              108.488681,
              -6.755453000999935
            ],
            [
              108.488221,
              -6.756072
            ],
            [
              108.488216,
              -6.75608
            ]
          ]
        ]
      },
      "properties": {
        "object_id": 28,
        "kode_zona": "BG",
        "satuan_wilayah_provinsi": "Jawa Barat",
        "satuan_wilayah_kabupaten": "Kabupaten Cirebon",
        "nama_kecamatan": "Sumber",
        "nama_desa": "Gegunung",
        "kelas_nilai": 5,
        "range_nilai": "Rp 1.750.000–Rp 2.750.000",
        "nir_m2": 2200000,
        "rpbulat": 2200000,
        "penggunaan_dominan": "Permukiman Perkotaan Kepadatan Sedang Sumber",
        "jenis_zona": "Non Pertanian",
        "jumlah_sampel": 6,
        "nilai_tertinggi": 2596000,
        "nilai_terendah": 1892000,
        "simpangan_baku": 198000,
        "simpangan_baku_relatif": "13.2%",
        "kantor_pertanahan": "Kantor Pertanahan Kab. Cirebon",
        "tahun_penilaian": "2026",
        "warna_simbologi": "#ffdd50",
        "foto_gallery": [
          {
            "url": "/images/foto_kawasan-znt-sumber.jpg",
            "caption": "Delineasi zona nilai tanah Gegunung (Sumber): Kelas 5."
          },
          {
            "url": "/images/foto_kantor-desa-sindangjawa.png",
            "caption": "Dokumentasi pusat administrasi desa dan orientasi tata guna lahan Gegunung."
          },
          {
            "url": "/images/foto_pasar-sumber-cirebon.jpg",
            "caption": "Aktivitas ekonomi dan fasilitas pendukung di koridor Gegunung."
          }
        ]
      }
    },
    {
      "type": "Feature",
      "geometry": {
        "type": "MultiPolygon",
        "coordinates": [
          [
            [
              [
                108.4519690000001,
                -6.758768
              ],
              [
                108.45256499900003,
                -6.759141998999986
              ],
              [
                108.453261,
                -6.759245
              ],
              [
                108.454072,
                -6.759206
              ],
              [
                108.45442200000012,
                -6.759273
              ],
              [
                108.455012,
                -6.759451
              ],
              [
                108.456389,
                -6.760159
              ],
              [
                108.4566003507765,
                -6.760246959687697
              ],
              [
                108.45638899975262,
                -6.760158999837927
              ],
              [
                108.45541831650218,
                -6.759659912075222
              ],
              [
                108.4555089996407,
                -6.759539000024802
              ],
              [
                108.45610400009957,
                -6.75879199975094
              ],
              [
                108.45632000016792,
                -6.758519999798125
              ],
              [
                108.4566819997745,
                -6.758040000145854
              ],
              [
                108.45728699979526,
                -6.75759300021673
              ],
              [
                108.45730699981823,
                -6.757577999524983
              ],
              [
                108.45731500018718,
                -6.757570000055409
              ],
              [
                108.45808899990749,
                -6.757435000125099
              ],
              [
                108.45887400013504,
                -6.75729700005644
              ],
              [
                108.45926300008745,
                -6.757242000218071
              ],
              [
                108.45933799994879,
                -6.757224999434129
              ],
              [
                108.46030699966838,
                -6.756913999481469
              ],
              [
                108.46052099964447,
                -6.756862999827547
              ],
              [
                108.46066800012818,
                -6.756861999781393
              ],
              [
                108.46090200012725,
                -6.756861999781393
              ],
              [
                108.46094700040379,
                -6.756859999689198
              ],
              [
                108.46123100001068,
                -6.756831000150498
              ],
              [
                108.46149999982521,
                -6.75679899957413
              ],
              [
                108.46156199998637,
                -6.756785999873955
              ],
              [
                108.46184200030814,
                -6.756712000058712
              ],
              [
                108.46371200020872,
                -6.756802999758577
              ],
              [
                108.46408300023035,
                -6.75682199973545
              ],
              [
                108.46463300041268,
                -6.756920999804265
              ],
              [
                108.46522299974168,
                -6.757038999849897
              ],
              [
                108.46736000026385,
                -6.757533000147816
              ],
              [
                108.4680780000997,
                -6.757741999893312
              ],
              [
                108.46810599959224,
                -6.757749000216165
              ],
              [
                108.46844399989072,
                -6.757824000077505
              ],
              [
                108.4684609997754,
                -6.757828000261952
              ],
              [
                108.46848199984447,
                -6.757829999454884
              ],
              [
                108.46857193224808,
                -6.757856040581092
              ],
              [
                108.468602,
                -6.757808
              ],
              [
                108.468723,
                -6.757441000999933
              ],
              [
                108.46872600100005,
                -6.75743
              ],
              [
                108.468827,
                -6.75703
              ],
              [
                108.469427,
                -6.755975
              ],
              [
                108.469597,
                -6.755677
              ],
              [
                108.469631,
                -6.755625
              ],
              [
                108.46949599900007,
                -6.754643
              ],
              [
                108.469467,
                -6.754483
              ],
              [
                108.46946900100006,
                -6.754256
              ],
              [
                108.46949499900008,
                -6.753814
              ],
              [
                108.4695350000001,
                -6.75348100099993
              ],
              [
                108.469485,
                -6.753032
              ],
              [
                108.46941299900004,
                -6.752754
              ],
              [
                108.46924900100007,
                -6.752364
              ],
              [
                108.46913899900002,
                -6.752220998999949
              ],
              [
                108.469018,
                -6.752162998999946
              ],
              [
                108.46888080200007,
                -6.752287724999963
              ],
              [
                108.468798,
                -6.752363
              ],
              [
                108.468634,
                -6.752498
              ],
              [
                108.468469,
                -6.752556
              ],
              [
                108.468399,
                -6.752558
              ],
              [
                108.468331,
                -6.752473
              ],
              [
                108.468273,
                -6.751891
              ],
              [
                108.468319,
                -6.751296
              ],
              [
                108.468348,
                -6.750858
              ],
              [
                108.468305,
                -6.750483
              ],
              [
                108.46820199900013,
                -6.750204
              ],
              [
                108.468178,
                -6.750157
              ],
              [
                108.468097,
                -6.75
              ],
              [
                108.467933,
                -6.749685999
              ],
              [
                108.4678250000001,
                -6.749538
              ],
              [
                108.467667,
                -6.749416
              ],
              [
                108.467274,
                -6.749198
              ],
              [
                108.46691600000013,
                -6.748958
              ],
              [
                108.46684,
                -6.748872
              ],
              [
                108.466804999,
                -6.748561999999893
              ],
              [
                108.466833,
                -6.748456
              ],
              [
                108.467221,
                -6.747549
              ],
              [
                108.467669,
                -6.746739998999953
              ],
              [
                108.46816799900006,
                -6.746066
              ],
              [
                108.46845400100001,
                -6.745782999
              ],
              [
                108.46915600100002,
                -6.745296
              ],
              [
                108.469208,
                -6.745264
              ],
              [
                108.4692430000001,
                -6.745227
              ],
              [
                108.4695,
                -6.744864000999897
              ],
              [
                108.469495,
                -6.744725000999942
              ],
              [
                108.469422,
                -6.744621
              ],
              [
                108.469363,
                -6.744596
              ],
              [
                108.46932889500002,
                -6.744580367999966
              ],
              [
                108.46931499900002,
                -6.744573998999972
              ],
              [
                108.469172,
                -6.744583001
              ],
              [
                108.46895800100006,
                -6.74462
              ],
              [
                108.46863599900006,
                -6.744676
              ],
              [
                108.46766200000012,
                -6.744817
              ],
              [
                108.466821,
                -6.744785
              ],
              [
                108.46633299900012,
                -6.744722
              ],
              [
                108.46433700100008,
                -6.74471
              ],
              [
                108.46320999900009,
                -6.744717
              ],
              [
                108.462647,
                -6.744621
              ],
              [
                108.462152,
                -6.744430000999959
              ],
              [
                108.461157,
                -6.743951
              ],
              [
                108.460693,
                -6.744128
              ],
              [
                108.46019299900004,
                -6.744356000999964
              ],
              [
                108.459461,
                -6.744774
              ],
              [
                108.45915200100006,
                -6.74519300099994
              ],
              [
                108.458709,
                -6.746208000999989
              ],
              [
                108.458053,
                -6.746841
              ],
              [
                108.45763000100007,
                -6.74728
              ],
              [
                108.457414,
                -6.747533
              ],
              [
                108.457284,
                -6.74776
              ],
              [
                108.457311,
                -6.748436998999942
              ],
              [
                108.45728000100007,
                -6.749015999999887
              ],
              [
                108.457201,
                -6.74931
              ],
              [
                108.4571,
                -6.749752
              ],
              [
                108.457005,
                -6.75
              ],
              [
                108.45695,
                -6.75014400099996
              ],
              [
                108.456694,
                -6.750736000999915
              ],
              [
                108.456118,
                -6.751486
              ],
              [
                108.455833,
                -6.751817
              ],
              [
                108.45501600100006,
                -6.752764000999935
              ],
              [
                108.454661,
                -6.753175
              ],
              [
                108.454286,
                -6.753803
              ],
              [
                108.45399,
                -6.754301
              ],
              [
                108.453833,
                -6.754564
              ],
              [
                108.453807,
                -6.754628
              ],
              [
                108.453531,
                -6.755293
              ],
              [
                108.45336299900006,
                -6.755731
              ],
              [
                108.453275,
                -6.755891
              ],
              [
                108.45316400100003,
                -6.75609200099996
              ],
              [
                108.453066,
                -6.756276
              ],
              [
                108.452979,
                -6.756539001
              ],
              [
                108.452923,
                -6.756818
              ],
              [
                108.452718,
                -6.757183
              ],
              [
                108.45255300000011,
                -6.757458
              ],
              [
                108.45250600000013,
                -6.757563998999984
              ],
              [
                108.4521149990001,
                -6.758432
              ],
              [
                108.4519690000001,
                -6.758768
              ]
            ]
          ],
          [
            [
              [
                108.45907999990989,
                -6.760960999981468
              ],
              [
                108.45908,
                -6.760961
              ],
              [
                108.4590800439519,
                -6.7609610082067855
              ],
              [
                108.45907999990989,
                -6.760960999981468
              ]
            ]
          ]
        ]
      },
      "properties": {
        "object_id": 29,
        "kode_zona": "BH",
        "satuan_wilayah_provinsi": "Jawa Barat",
        "satuan_wilayah_kabupaten": "Kabupaten Cirebon",
        "nama_kecamatan": "Sumber",
        "nama_desa": "Kenanga",
        "kelas_nilai": 5,
        "range_nilai": "Rp 1.750.000–Rp 2.750.000",
        "nir_m2": 2200000,
        "rpbulat": 2200000,
        "penggunaan_dominan": "Sentra Produksi Olahan Pangan & Permukiman Industri Kecil",
        "jenis_zona": "Non Pertanian",
        "jumlah_sampel": 7,
        "nilai_tertinggi": 2596000,
        "nilai_terendah": 1892000,
        "simpangan_baku": 198000,
        "simpangan_baku_relatif": "8.2%",
        "kantor_pertanahan": "Kantor Pertanahan Kab. Cirebon",
        "tahun_penilaian": "2026",
        "warna_simbologi": "#ffdd50",
        "foto_gallery": [
          {
            "url": "/images/foto_kawasan-znt-sumber.jpg",
            "caption": "Delineasi zona nilai tanah Kenanga (Sumber): Kelas 5."
          },
          {
            "url": "/images/foto_kantor-desa-sindangjawa.png",
            "caption": "Dokumentasi pusat administrasi desa dan orientasi tata guna lahan Kenanga."
          },
          {
            "url": "/images/foto_pasar-sumber-cirebon.jpg",
            "caption": "Aktivitas ekonomi dan fasilitas pendukung di koridor Kenanga."
          }
        ]
      }
    },
    {
      "type": "Feature",
      "geometry": {
        "type": "Polygon",
        "coordinates": [
          [
            [
              108.4842262100001,
              -6.749999592999913
            ],
            [
              108.48440799900004,
              -6.750436
            ],
            [
              108.48459,
              -6.751835
            ],
            [
              108.484586,
              -6.752711
            ],
            [
              108.484405,
              -6.754195
            ],
            [
              108.484304,
              -6.754376
            ],
            [
              108.484371,
              -6.754718
            ],
            [
              108.484397,
              -6.754856
            ],
            [
              108.484612,
              -6.755103
            ],
            [
              108.48481899900013,
              -6.755221000999924
            ],
            [
              108.48503199900007,
              -6.755268999999899
            ],
            [
              108.4854210010001,
              -6.755327
            ],
            [
              108.48631800100007,
              -6.755462
            ],
            [
              108.486751,
              -6.75566
            ],
            [
              108.48711400000012,
              -6.755805
            ],
            [
              108.4877590010001,
              -6.75597
            ],
            [
              108.487871,
              -6.75603
            ],
            [
              108.488216,
              -6.75608
            ],
            [
              108.488221,
              -6.756072
            ],
            [
              108.488681,
              -6.755453000999935
            ],
            [
              108.488977,
              -6.75488
            ],
            [
              108.489124,
              -6.754649
            ],
            [
              108.48936599900011,
              -6.754455
            ],
            [
              108.49049699900007,
              -6.754069000999909
            ],
            [
              108.490725,
              -6.753959
            ],
            [
              108.4908290000001,
              -6.753857998999948
            ],
            [
              108.491043,
              -6.753365000999924
            ],
            [
              108.491133,
              -6.752876
            ],
            [
              108.491185,
              -6.752474
            ],
            [
              108.491242,
              -6.752111
            ],
            [
              108.49138900100007,
              -6.751737
            ],
            [
              108.491781,
              -6.751202000999925
            ],
            [
              108.492371,
              -6.750076
            ],
            [
              108.492621,
              -6.749696
            ],
            [
              108.492819,
              -6.749476
            ],
            [
              108.49040300000011,
              -6.747548
            ],
            [
              108.489471,
              -6.746925
            ],
            [
              108.489131,
              -6.74686
            ],
            [
              108.489079,
              -6.746882
            ],
            [
              108.488903,
              -6.746959
            ],
            [
              108.4883580000001,
              -6.747386
            ],
            [
              108.48764799900007,
              -6.747861
            ],
            [
              108.487103,
              -6.748237
            ],
            [
              108.486837,
              -6.74837400099997
            ],
            [
              108.486066,
              -6.748371
            ],
            [
              108.48534599900003,
              -6.748392
            ],
            [
              108.485068,
              -6.748492
            ],
            [
              108.48476199900003,
              -6.748957
            ],
            [
              108.4842262100001,
              -6.749999592999913
            ]
          ]
        ]
      },
      "properties": {
        "object_id": 30,
        "kode_zona": "BI",
        "satuan_wilayah_provinsi": "Jawa Barat",
        "satuan_wilayah_kabupaten": "Kabupaten Cirebon",
        "nama_kecamatan": "Sumber",
        "nama_desa": "Perbutulan",
        "kelas_nilai": 5,
        "range_nilai": "Rp 1.750.000–Rp 2.750.000",
        "nir_m2": 2200000,
        "rpbulat": 2200000,
        "penggunaan_dominan": "Permukiman Kepadatan Sedang Dekat Kawasan Pemerintahan",
        "jenis_zona": "Non Pertanian",
        "jumlah_sampel": 8,
        "nilai_tertinggi": 2596000,
        "nilai_terendah": 1892000,
        "simpangan_baku": 198000,
        "simpangan_baku_relatif": "9.2%",
        "kantor_pertanahan": "Kantor Pertanahan Kab. Cirebon",
        "tahun_penilaian": "2026",
        "warna_simbologi": "#ffdd50",
        "foto_gallery": [
          {
            "url": "/images/foto_kawasan-znt-sumber.jpg",
            "caption": "Delineasi zona nilai tanah Perbutulan (Sumber): Kelas 5."
          },
          {
            "url": "/images/foto_kantor-desa-sindangjawa.png",
            "caption": "Dokumentasi pusat administrasi desa dan orientasi tata guna lahan Perbutulan."
          },
          {
            "url": "/images/foto_pasar-sumber-cirebon.jpg",
            "caption": "Aktivitas ekonomi dan fasilitas pendukung di koridor Perbutulan."
          }
        ]
      }
    },
    {
      "type": "Feature",
      "geometry": {
        "type": "Polygon",
        "coordinates": [
          [
            [
              108.43125,
              -6.76034
            ],
            [
              108.431438,
              -6.761069
            ],
            [
              108.431531,
              -6.761359
            ],
            [
              108.43159400000012,
              -6.761637000999922
            ],
            [
              108.431652,
              -6.761721
            ],
            [
              108.43188700100002,
              -6.76199
            ],
            [
              108.432114,
              -6.762125000999976
            ],
            [
              108.432271,
              -6.762128
            ],
            [
              108.432401,
              -6.76206
            ],
            [
              108.432426,
              -6.762048
            ],
            [
              108.43274799900003,
              -6.761786
            ],
            [
              108.433112,
              -6.761489
            ],
            [
              108.433277,
              -6.761476000999924
            ],
            [
              108.433603,
              -6.761553
            ],
            [
              108.433753,
              -6.761642
            ],
            [
              108.43382899900004,
              -6.761787
            ],
            [
              108.433985,
              -6.762045
            ],
            [
              108.43412,
              -6.762140000999974
            ],
            [
              108.434167,
              -6.762172
            ],
            [
              108.4345200000001,
              -6.762389
            ],
            [
              108.43459200000011,
              -6.762554000999945
            ],
            [
              108.434788,
              -6.763143
            ],
            [
              108.434973,
              -6.763388
            ],
            [
              108.43517500000011,
              -6.763567000999917
            ],
            [
              108.435408,
              -6.763674
            ],
            [
              108.435696,
              -6.763855
            ],
            [
              108.436133,
              -6.764226
            ],
            [
              108.436696,
              -6.76517899999989
            ],
            [
              108.436809,
              -6.76555
            ],
            [
              108.437012,
              -6.765798
            ],
            [
              108.437774,
              -6.766551
            ],
            [
              108.43859,
              -6.767357
            ],
            [
              108.438752,
              -6.76747
            ],
            [
              108.43910100100005,
              -6.767676
            ],
            [
              108.439162,
              -6.767768
            ],
            [
              108.4391810000001,
              -6.767903
            ],
            [
              108.438916,
              -6.768273
            ],
            [
              108.43877,
              -6.768523
            ],
            [
              108.438712,
              -6.768755
            ],
            [
              108.43871,
              -6.76911
            ],
            [
              108.43881299900004,
              -6.769253
            ],
            [
              108.439118,
              -6.769122
            ],
            [
              108.439586,
              -6.76889100099989
            ],
            [
              108.440029,
              -6.768621
            ],
            [
              108.440382,
              -6.768272
            ],
            [
              108.44080000100004,
              -6.767873
            ],
            [
              108.441284,
              -6.76749
            ],
            [
              108.44205399900005,
              -6.766705
            ],
            [
              108.44201300000013,
              -6.766537
            ],
            [
              108.441826,
              -6.766204
            ],
            [
              108.441595,
              -6.765881
            ],
            [
              108.441352,
              -6.765569
            ],
            [
              108.441098,
              -6.765313
            ],
            [
              108.440911,
              -6.765089999999898
            ],
            [
              108.44079,
              -6.764936
            ],
            [
              108.44105000100002,
              -6.763346000999928
            ],
            [
              108.441352,
              -6.763416
            ],
            [
              108.442581,
              -6.763826
            ],
            [
              108.443284,
              -6.764061
            ],
            [
              108.44389800100004,
              -6.764256999999898
            ],
            [
              108.44428800100006,
              -6.76437
            ],
            [
              108.444423,
              -6.764394
            ],
            [
              108.444581,
              -6.764419000999979
            ],
            [
              108.444747,
              -6.764445001
            ],
            [
              108.445358,
              -6.764461001
            ],
            [
              108.445356,
              -6.764456
            ],
            [
              108.446856,
              -6.763537
            ],
            [
              108.44809000100005,
              -6.762834
            ],
            [
              108.44813400100006,
              -6.762762
            ],
            [
              108.448237,
              -6.762691
            ],
            [
              108.44875899900008,
              -6.762309
            ],
            [
              108.44891400100002,
              -6.762149
            ],
            [
              108.44907299900002,
              -6.761845999999895
            ],
            [
              108.44914200100006,
              -6.761614
            ],
            [
              108.449258,
              -6.76119
            ],
            [
              108.449363,
              -6.760827
            ],
            [
              108.449496,
              -6.75923
            ],
            [
              108.44951400000011,
              -6.759169
            ],
            [
              108.449782,
              -6.758245
            ],
            [
              108.449828,
              -6.758077
            ],
            [
              108.44988,
              -6.757405
            ],
            [
              108.449927,
              -6.756805999999884
            ],
            [
              108.449955,
              -6.756454
            ],
            [
              108.4499670000001,
              -6.756295
            ],
            [
              108.4500400000001,
              -6.755874
            ],
            [
              108.45012499900012,
              -6.755384
            ],
            [
              108.450221,
              -6.754595
            ],
            [
              108.450264,
              -6.75325
            ],
            [
              108.45027,
              -6.753074
            ],
            [
              108.4502150000001,
              -6.752522
            ],
            [
              108.450159,
              -6.752034
            ],
            [
              108.450189,
              -6.751664
            ],
            [
              108.45029800000013,
              -6.751419
            ],
            [
              108.45017800100007,
              -6.751379998999909
            ],
            [
              108.450146,
              -6.751365
            ],
            [
              108.4493980000001,
              -6.751220999999898
            ],
            [
              108.449099,
              -6.75121
            ],
            [
              108.448712,
              -6.751234
            ],
            [
              108.44825,
              -6.751157
            ],
            [
              108.44790599900001,
              -6.751076
            ],
            [
              108.44754,
              -6.751058000999912
            ],
            [
              108.44723899900008,
              -6.751118
            ],
            [
              108.447085,
              -6.75099
            ],
            [
              108.446976,
              -6.750857
            ],
            [
              108.446902,
              -6.750703
            ],
            [
              108.44699,
              -6.75
            ],
            [
              108.446949,
              -6.749545000999959
            ],
            [
              108.446733,
              -6.749019998999952
            ],
            [
              108.44647300100011,
              -6.748625
            ],
            [
              108.4461670000001,
              -6.748558
            ],
            [
              108.445118,
              -6.748596
            ],
            [
              108.444591,
              -6.749008
            ],
            [
              108.44415200100009,
              -6.749355
            ],
            [
              108.44384499900009,
              -6.749528
            ],
            [
              108.443495,
              -6.74957
            ],
            [
              108.44314599900008,
              -6.749547
            ],
            [
              108.442755,
              -6.749108
            ],
            [
              108.4425589990001,
              -6.748998001
            ],
            [
              108.4421,
              -6.748864
            ],
            [
              108.441292,
              -6.748903998999946
            ],
            [
              108.44068,
              -6.748901
            ],
            [
              108.44037328200008,
              -6.748889954999939
            ],
            [
              108.439958,
              -6.748875
            ],
            [
              108.43958,
              -6.748879001
            ],
            [
              108.439584,
              -6.749048
            ],
            [
              108.4395460000001,
              -6.749464
            ],
            [
              108.439488,
              -6.749993000999989
            ],
            [
              108.439487,
              -6.75
            ],
            [
              108.43944399900002,
              -6.750429
            ],
            [
              108.439442,
              -6.75099
            ],
            [
              108.43943999900004,
              -6.751590000999965
            ],
            [
              108.439446,
              -6.751903
            ],
            [
              108.439449,
              -6.752321
            ],
            [
              108.439565,
              -6.752966
            ],
            [
              108.43972700100008,
              -6.753471
            ],
            [
              108.440147,
              -6.754376001
            ],
            [
              108.440164,
              -6.754409
            ],
            [
              108.440309,
              -6.75469
            ],
            [
              108.440384,
              -6.755225
            ],
            [
              108.440468,
              -6.755824001
            ],
            [
              108.44051399900009,
              -6.756157
            ],
            [
              108.440501,
              -6.756869
            ],
            [
              108.4403,
              -6.75765900099994
            ],
            [
              108.440254,
              -6.757794001
            ],
            [
              108.440234,
              -6.75834100099997
            ],
            [
              108.44013700100007,
              -6.760153000999971
            ],
            [
              108.440127,
              -6.760345
            ],
            [
              108.439955,
              -6.76094
            ],
            [
              108.43918699900007,
              -6.760913
            ],
            [
              108.438499,
              -6.760912
            ],
            [
              108.4380120000001,
              -6.760844
            ],
            [
              108.436103,
              -6.760651
            ],
            [
              108.43518599900005,
              -6.760576
            ],
            [
              108.434143,
              -6.760536000999952
            ],
            [
              108.432915,
              -6.760523
            ],
            [
              108.431876,
              -6.760496
            ],
            [
              108.43125,
              -6.76034
            ]
          ]
        ]
      },
      "properties": {
        "object_id": 31,
        "kode_zona": "BJ",
        "satuan_wilayah_provinsi": "Jawa Barat",
        "satuan_wilayah_kabupaten": "Kabupaten Cirebon",
        "nama_kecamatan": "Dukupuntang",
        "nama_desa": "Sindangmekar",
        "kelas_nilai": 4,
        "range_nilai": "Rp 1.000.000–Rp 1.750.000",
        "nir_m2": 1350000,
        "rpbulat": 1350000,
        "penggunaan_dominan": "Permukiman Pedesaan dan Sentra Kerajinan Batu Alam",
        "jenis_zona": "Non Pertanian",
        "jumlah_sampel": 5,
        "nilai_tertinggi": 1593000,
        "nilai_terendah": 1161000,
        "simpangan_baku": 121500,
        "simpangan_baku_relatif": "10.2%",
        "kantor_pertanahan": "Kantor Pertanahan Kab. Cirebon",
        "tahun_penilaian": "2026",
        "warna_simbologi": "#def250",
        "foto_gallery": [
          {
            "url": "/images/foto_kawasan-znt-sumber.jpg",
            "caption": "Delineasi zona nilai tanah Sindangmekar (Dukupuntang): Kelas 4."
          },
          {
            "url": "/images/foto_kantor-desa-sindangjawa.png",
            "caption": "Dokumentasi pusat administrasi desa dan orientasi tata guna lahan Sindangmekar."
          },
          {
            "url": "/images/foto_pasar-sumber-cirebon.jpg",
            "caption": "Aktivitas ekonomi dan fasilitas pendukung di koridor Sindangmekar."
          }
        ]
      }
    },
    {
      "type": "Feature",
      "geometry": {
        "type": "Polygon",
        "coordinates": [
          [
            [
              108.508786,
              -6.760045
            ],
            [
              108.509479,
              -6.760356
            ],
            [
              108.510286,
              -6.760701
            ],
            [
              108.51086400000011,
              -6.760895000999902
            ],
            [
              108.511545,
              -6.761093
            ],
            [
              108.51172999900008,
              -6.76092
            ],
            [
              108.51192499900006,
              -6.760718000999912
            ],
            [
              108.51194599900002,
              -6.760585998999915
            ],
            [
              108.511992,
              -6.760411
            ],
            [
              108.512173,
              -6.76013699999989
            ],
            [
              108.51227899900003,
              -6.759914
            ],
            [
              108.512381,
              -6.759716
            ],
            [
              108.512707999,
              -6.75937
            ],
            [
              108.512952,
              -6.759226
            ],
            [
              108.513154,
              -6.759164
            ],
            [
              108.513444,
              -6.759002
            ],
            [
              108.51354499900006,
              -6.75884
            ],
            [
              108.513551,
              -6.758678
            ],
            [
              108.51353800100011,
              -6.758286
            ],
            [
              108.51372800000011,
              -6.757909
            ],
            [
              108.5138610000001,
              -6.757767999999899
            ],
            [
              108.513926,
              -6.757803
            ],
            [
              108.51475,
              -6.758127000999938
            ],
            [
              108.5151170000001,
              -6.758116
            ],
            [
              108.515638,
              -6.758021
            ],
            [
              108.516035,
              -6.757875998999953
            ],
            [
              108.516393,
              -6.757646
            ],
            [
              108.516786,
              -6.75718500099989
            ],
            [
              108.516786999,
              -6.757183
            ],
            [
              108.516913,
              -6.757025
            ],
            [
              108.516953,
              -6.756964
            ],
            [
              108.51697200100003,
              -6.756908
            ],
            [
              108.51701600000011,
              -6.756776
            ],
            [
              108.51755700000011,
              -6.756693
            ],
            [
              108.51789100000012,
              -6.756556999999887
            ],
            [
              108.517968,
              -6.756525000999904
            ],
            [
              108.51820599900007,
              -6.756567
            ],
            [
              108.519023,
              -6.756732
            ],
            [
              108.5195300000001,
              -6.756851
            ],
            [
              108.52026,
              -6.756987
            ],
            [
              108.52039000000012,
              -6.756958
            ],
            [
              108.52060000100009,
              -6.75699
            ],
            [
              108.52076199900009,
              -6.757063
            ],
            [
              108.521024,
              -6.757226000999907
            ],
            [
              108.52108,
              -6.757366998999938
            ],
            [
              108.5212420000001,
              -6.75773
            ],
            [
              108.521376,
              -6.75789
            ],
            [
              108.521566,
              -6.75786
            ],
            [
              108.52215,
              -6.757658000999946
            ],
            [
              108.52255,
              -6.757553
            ],
            [
              108.52312399900002,
              -6.757377
            ],
            [
              108.523312,
              -6.757199
            ],
            [
              108.52334,
              -6.757066
            ],
            [
              108.523399,
              -6.756864
            ],
            [
              108.52360100100006,
              -6.756586
            ],
            [
              108.524117,
              -6.756167
            ],
            [
              108.524376,
              -6.756116001
            ],
            [
              108.525065,
              -6.756081
            ],
            [
              108.52510899900004,
              -6.756056000999912
            ],
            [
              108.525358,
              -6.755998
            ],
            [
              108.5253620000001,
              -6.755844000999957
            ],
            [
              108.525414,
              -6.755734
            ],
            [
              108.52541600100004,
              -6.755731
            ],
            [
              108.525748,
              -6.754435
            ],
            [
              108.525762,
              -6.754186
            ],
            [
              108.525782,
              -6.753849
            ],
            [
              108.52591,
              -6.753134001
            ],
            [
              108.526058,
              -6.752836000999942
            ],
            [
              108.52629799900009,
              -6.752520000999908
            ],
            [
              108.52612467722281,
              -6.752173356870774
            ],
            [
              108.52539067700016,
              -6.750710380999926
            ],
            [
              108.52485446883705,
              -6.75
            ],
            [
              108.52483799900008,
              -6.75
            ],
            [
              108.52419000100012,
              -6.750342
            ],
            [
              108.523709,
              -6.750606
            ],
            [
              108.523377,
              -6.750773
            ],
            [
              108.523223,
              -6.750855
            ],
            [
              108.522892,
              -6.750993
            ],
            [
              108.522578,
              -6.751142
            ],
            [
              108.522272,
              -6.751288
            ],
            [
              108.521586,
              -6.751613000999914
            ],
            [
              108.52147200000012,
              -6.751667
            ],
            [
              108.52116,
              -6.751815
            ],
            [
              108.52081000100006,
              -6.751981
            ],
            [
              108.5204820000001,
              -6.752109
            ],
            [
              108.520286,
              -6.752159
            ],
            [
              108.52023200100011,
              -6.752159
            ],
            [
              108.5202330000001,
              -6.752296000999937
            ],
            [
              108.51904200100006,
              -6.752727998999976
            ],
            [
              108.51842499900008,
              -6.752891
            ],
            [
              108.518101,
              -6.752977000999973
            ],
            [
              108.51775,
              -6.753034000999982
            ],
            [
              108.51707,
              -6.753116
            ],
            [
              108.516997,
              -6.753144000999935
            ],
            [
              108.516705,
              -6.753258
            ],
            [
              108.516439,
              -6.753379
            ],
            [
              108.516212,
              -6.753439
            ],
            [
              108.515937,
              -6.753549
            ],
            [
              108.51568899900009,
              -6.753674
            ],
            [
              108.515549,
              -6.753745
            ],
            [
              108.51515099900007,
              -6.753855000999966
            ],
            [
              108.514705,
              -6.753954
            ],
            [
              108.514386,
              -6.754065
            ],
            [
              108.514338,
              -6.753876
            ],
            [
              108.514654,
              -6.753127
            ],
            [
              108.51512299900007,
              -6.752455
            ],
            [
              108.513931,
              -6.752585
            ],
            [
              108.512901,
              -6.752684000999977
            ],
            [
              108.512929,
              -6.753499001
            ],
            [
              108.512095,
              -6.753492
            ],
            [
              108.511426,
              -6.753475
            ],
            [
              108.511203,
              -6.753567
            ],
            [
              108.510906,
              -6.753784
            ],
            [
              108.510695,
              -6.754478
            ],
            [
              108.510648,
              -6.754697
            ],
            [
              108.510532,
              -6.755236
            ],
            [
              108.510434,
              -6.75536
            ],
            [
              108.510382,
              -6.755378
            ],
            [
              108.51037,
              -6.75541
            ],
            [
              108.510315,
              -6.755554
            ],
            [
              108.51021599900005,
              -6.755880001
            ],
            [
              108.510185,
              -6.75598000099993
            ],
            [
              108.510063,
              -6.756411000999975
            ],
            [
              108.509877,
              -6.756865
            ],
            [
              108.509782999,
              -6.757109
            ],
            [
              108.509102,
              -6.75904
            ],
            [
              108.508906999,
              -6.759603
            ],
            [
              108.508786,
              -6.760045
            ]
          ]
        ]
      },
      "properties": {
        "object_id": 32,
        "kode_zona": "BK",
        "satuan_wilayah_provinsi": "Jawa Barat",
        "satuan_wilayah_kabupaten": "Kabupaten Cirebon",
        "nama_kecamatan": "Talun",
        "nama_desa": "Kecomberan",
        "kelas_nilai": 6,
        "range_nilai": "Rp 2.750.000–Rp 4.000.000",
        "nir_m2": 3400000,
        "rpbulat": 3400000,
        "penggunaan_dominan": "Koridor Permukiman Terencana & Jasa Komersial Talun",
        "jenis_zona": "Non Pertanian",
        "jumlah_sampel": 6,
        "nilai_tertinggi": 4012000,
        "nilai_terendah": 2924000,
        "simpangan_baku": 306000,
        "simpangan_baku_relatif": "11.2%",
        "kantor_pertanahan": "Kantor Pertanahan Kab. Cirebon",
        "tahun_penilaian": "2026",
        "warna_simbologi": "#ff9150",
        "foto_gallery": [
          {
            "url": "/images/foto_kawasan-znt-sumber.jpg",
            "caption": "Delineasi zona nilai tanah Kecomberan (Talun): Kelas 6."
          },
          {
            "url": "/images/foto_kantor-desa-sindangjawa.png",
            "caption": "Dokumentasi pusat administrasi desa dan orientasi tata guna lahan Kecomberan."
          },
          {
            "url": "/images/foto_pasar-sumber-cirebon.jpg",
            "caption": "Aktivitas ekonomi dan fasilitas pendukung di koridor Kecomberan."
          }
        ]
      }
    },
    {
      "type": "Feature",
      "geometry": {
        "type": "Polygon",
        "coordinates": [
          [
            [
              108.46857193224808,
              -6.757856040581092
            ],
            [
              108.46877900005086,
              -6.757915999823467
            ],
            [
              108.46880700044278,
              -6.757925000238515
            ],
            [
              108.46883499993538,
              -6.757932999708146
            ],
            [
              108.46938800025606,
              -6.758067999638399
            ],
            [
              108.47013799976895,
              -6.758240999522457
            ],
            [
              108.47050899979058,
              -6.758326999891096
            ],
            [
              108.47132799978743,
              -6.758498999728999
            ],
            [
              108.4713560001793,
              -6.758503999959601
            ],
            [
              108.47188400024646,
              -6.758579999867038
            ],
            [
              108.47352000014797,
              -6.758814999912261
            ],
            [
              108.47363400000916,
              -6.758832999843037
            ],
            [
              108.47379500023914,
              -6.758862999427834
            ],
            [
              108.47382799996228,
              -6.75886699961228
            ],
            [
              108.47450499970603,
              -6.758939999381425
            ],
            [
              108.47490900035012,
              -6.758999999450396
            ],
            [
              108.47503699995764,
              -6.758105999592146
            ],
            [
              108.47582300023134,
              -6.758211999983757
            ],
            [
              108.47660300022835,
              -6.758314000190921
            ],
            [
              108.47711714429451,
              -6.758390458680199
            ],
            [
              108.477194,
              -6.758297
            ],
            [
              108.477634,
              -6.757949000999954
            ],
            [
              108.478601,
              -6.75749500099996
            ],
            [
              108.47923700100003,
              -6.757257
            ],
            [
              108.479698,
              -6.757172
            ],
            [
              108.480574,
              -6.757221000999937
            ],
            [
              108.481451,
              -6.757181
            ],
            [
              108.48146000000011,
              -6.75678
            ],
            [
              108.481496,
              -6.756181998999946
            ],
            [
              108.481506,
              -6.755396999
            ],
            [
              108.481303,
              -6.754914
            ],
            [
              108.480938,
              -6.754596
            ],
            [
              108.48045499900009,
              -6.75419
            ],
            [
              108.479875,
              -6.753751000999976
            ],
            [
              108.47935,
              -6.753366000999918
            ],
            [
              108.478786,
              -6.752835
            ],
            [
              108.478559,
              -6.752631
            ],
            [
              108.478198,
              -6.752357
            ],
            [
              108.47806,
              -6.752297
            ],
            [
              108.477694,
              -6.752069
            ],
            [
              108.47744599900008,
              -6.751884
            ],
            [
              108.4772810000001,
              -6.751689000999896
            ],
            [
              108.47682399900003,
              -6.751298
            ],
            [
              108.476813,
              -6.751289
            ],
            [
              108.476291,
              -6.750814998999967
            ],
            [
              108.476147,
              -6.750689000999934
            ],
            [
              108.47585299900008,
              -6.750542
            ],
            [
              108.475099,
              -6.750451
            ],
            [
              108.47483399900005,
              -6.750428
            ],
            [
              108.47092800100008,
              -6.75
            ],
            [
              108.47108400100011,
              -6.750273
            ],
            [
              108.471263,
              -6.750454
            ],
            [
              108.471394,
              -6.751037
            ],
            [
              108.471688,
              -6.751708000999958
            ],
            [
              108.47149899900008,
              -6.751763000999979
            ],
            [
              108.471115,
              -6.751795
            ],
            [
              108.471005,
              -6.751811998999948
            ],
            [
              108.47051,
              -6.751897
            ],
            [
              108.470308,
              -6.751994001
            ],
            [
              108.47022,
              -6.752115
            ],
            [
              108.4699150000001,
              -6.752506
            ],
            [
              108.469776,
              -6.75272100099993
            ],
            [
              108.469485,
              -6.753032
            ],
            [
              108.4695350000001,
              -6.75348100099993
            ],
            [
              108.46949499900008,
              -6.753814
            ],
            [
              108.46946900100006,
              -6.754256
            ],
            [
              108.469467,
              -6.754483
            ],
            [
              108.46949599900007,
              -6.754643
            ],
            [
              108.469631,
              -6.755625
            ],
            [
              108.469597,
              -6.755677
            ],
            [
              108.469427,
              -6.755975
            ],
            [
              108.468827,
              -6.75703
            ],
            [
              108.46872600100005,
              -6.75743
            ],
            [
              108.468723,
              -6.757441000999933
            ],
            [
              108.468602,
              -6.757808
            ],
            [
              108.46857193224808,
              -6.757856040581092
            ]
          ]
        ]
      },
      "properties": {
        "object_id": 33,
        "kode_zona": "BL",
        "satuan_wilayah_provinsi": "Jawa Barat",
        "satuan_wilayah_kabupaten": "Kabupaten Cirebon",
        "nama_kecamatan": "Sumber",
        "nama_desa": "Tukmudal",
        "kelas_nilai": 6,
        "range_nilai": "Rp 2.750.000–Rp 4.000.000",
        "nir_m2": 3400000,
        "rpbulat": 3400000,
        "penggunaan_dominan": "Kawasan Campuran Perumahan, Kantor Layanan, dan Fasilitas Umum",
        "jenis_zona": "Non Pertanian",
        "jumlah_sampel": 7,
        "nilai_tertinggi": 4012000,
        "nilai_terendah": 2924000,
        "simpangan_baku": 306000,
        "simpangan_baku_relatif": "12.2%",
        "kantor_pertanahan": "Kantor Pertanahan Kab. Cirebon",
        "tahun_penilaian": "2026",
        "warna_simbologi": "#ff9150",
        "foto_gallery": [
          {
            "url": "/images/foto_kawasan-znt-sumber.jpg",
            "caption": "Delineasi zona nilai tanah Tukmudal (Sumber): Kelas 6."
          },
          {
            "url": "/images/foto_kantor-desa-sindangjawa.png",
            "caption": "Dokumentasi pusat administrasi desa dan orientasi tata guna lahan Tukmudal."
          },
          {
            "url": "/images/foto_pasar-sumber-cirebon.jpg",
            "caption": "Aktivitas ekonomi dan fasilitas pendukung di koridor Tukmudal."
          }
        ]
      }
    },
    {
      "type": "Feature",
      "geometry": {
        "type": "MultiPolygon",
        "coordinates": [
          [
            [
              [
                108.496554,
                -6.759991000999978
              ],
              [
                108.49655400001845,
                -6.7599910010020965
              ],
              [
                108.49655400000168,
                -6.759991000996581
              ],
              [
                108.496554,
                -6.759991000999978
              ]
            ]
          ],
          [
            [
              [
                108.4966939269399,
                -6.76000706227414
              ],
              [
                108.497643,
                -6.760116
              ],
              [
                108.499208,
                -6.760642
              ],
              [
                108.49967600100007,
                -6.760798998999952
              ],
              [
                108.5,
                -6.760875762999909
              ],
              [
                108.500001,
                -6.760876000999929
              ],
              [
                108.50035900100009,
                -6.760901
              ],
              [
                108.50089,
                -6.760842
              ],
              [
                108.502104,
                -6.76036
              ],
              [
                108.502614,
                -6.759968
              ],
              [
                108.50362,
                -6.759423
              ],
              [
                108.50373315695138,
                -6.759361604325191
              ],
              [
                108.50373315685977,
                -6.759361604254593
              ],
              [
                108.50285061436443,
                -6.759562757415267
              ],
              [
                108.50230809744079,
                -6.75964841784014
              ],
              [
                108.50185124004275,
                -6.759705524790093
              ],
              [
                108.50157522281836,
                -6.759743595790269
              ],
              [
                108.50150147841055,
                -6.759833727644377
              ],
              [
                108.50148956239343,
                -6.759848292164918
              ],
              [
                108.50146451717382,
                -6.760252142622221
              ],
              [
                108.50146001696629,
                -6.760324713414718
              ],
              [
                108.50124231268262,
                -6.76037573824965
              ],
              [
                108.50113740226936,
                -6.760400326613762
              ],
              [
                108.500855325413,
                -6.760469126548912
              ],
              [
                108.50074717024575,
                -6.760495506362474
              ],
              [
                108.50022368927188,
                -6.760495506362474
              ],
              [
                108.49995718867336,
                -6.760533577362651
              ],
              [
                108.49986201072329,
                -6.760666827212276
              ],
              [
                108.49980042874682,
                -6.760828478551389
              ],
              [
                108.49977982258082,
                -6.760823596132013
              ],
              [
                108.49967600124654,
                -6.760798998774703
              ],
              [
                108.49920800034897,
                -6.760641999628547
              ],
              [
                108.49764300012441,
                -6.760115999653635
              ],
              [
                108.4966939269399,
                -6.76000706227414
              ]
            ]
          ],
          [
            [
              [
                108.49707132288476,
                -6.758947739113079
              ],
              [
                108.4971459996882,
                -6.758946999704222
              ],
              [
                108.49746800014816,
                -6.758967999773347
              ],
              [
                108.4974959996407,
                -6.758968999819444
              ],
              [
                108.49887900046554,
                -6.758971999957794
              ],
              [
                108.49891200018874,
                -6.758970999911696
              ],
              [
                108.49952499967907,
                -6.758927999727348
              ],
              [
                108.49956499972501,
                -6.758922999496804
              ],
              [
                108.5000729997692,
                -6.75884100021193
              ],
              [
                108.50055699960592,
                -6.758762000166143
              ],
              [
                108.50058800013613,
                -6.758755999889445
              ],
              [
                108.50122099964949,
                -6.758606000166708
              ],
              [
                108.50123700038733,
                -6.758600999936164
              ],
              [
                108.5025420003131,
                -6.758237999384107
              ],
              [
                108.50325299982615,
                -6.758041000191952
              ],
              [
                108.5033919999409,
                -6.758003000238205
              ],
              [
                108.50438199972956,
                -6.757749000216165
              ],
              [
                108.50444800007523,
                -6.757733999524419
              ],
              [
                108.50467345189892,
                -6.757688530725171
              ],
              [
                108.50466,
                -6.757617000999929
              ],
              [
                108.504444,
                -6.757426
              ],
              [
                108.504353,
                -6.757292
              ],
              [
                108.504344,
                -6.757279
              ],
              [
                108.504341,
                -6.757118
              ],
              [
                108.5044050000001,
                -6.756942
              ],
              [
                108.504551,
                -6.756802
              ],
              [
                108.50485,
                -6.756595
              ],
              [
                108.5050190000001,
                -6.756467999999895
              ],
              [
                108.505262,
                -6.756204
              ],
              [
                108.50529,
                -6.75616
              ],
              [
                108.505465,
                -6.755888
              ],
              [
                108.506147,
                -6.754457
              ],
              [
                108.50649,
                -6.754127001
              ],
              [
                108.50694800000011,
                -6.753545
              ],
              [
                108.50706,
                -6.753202
              ],
              [
                108.50694700000011,
                -6.75309599899996
              ],
              [
                108.506774,
                -6.752915
              ],
              [
                108.506646,
                -6.752405
              ],
              [
                108.506489,
                -6.751869
              ],
              [
                108.50632899900005,
                -6.751358000999954
              ],
              [
                108.506176,
                -6.750952
              ],
              [
                108.505969,
                -6.7506
              ],
              [
                108.50572699900006,
                -6.750405
              ],
              [
                108.50545,
                -6.750305000999958
              ],
              [
                108.505088,
                -6.750282
              ],
              [
                108.504669,
                -6.750297
              ],
              [
                108.504021,
                -6.750342
              ],
              [
                108.503511,
                -6.750453
              ],
              [
                108.503076,
                -6.750561999
              ],
              [
                108.50246899900006,
                -6.750793001000012
              ],
              [
                108.501418,
                -6.751437
              ],
              [
                108.501291,
                -6.751515000999976
              ],
              [
                108.500756,
                -6.751799
              ],
              [
                108.500471,
                -6.751849999999894
              ],
              [
                108.500272,
                -6.751911
              ],
              [
                108.5,
                -6.752001
              ],
              [
                108.499766,
                -6.752078
              ],
              [
                108.498783,
                -6.752096
              ],
              [
                108.49848400100002,
                -6.752108
              ],
              [
                108.49811900000012,
                -6.752330001
              ],
              [
                108.49805899900012,
                -6.75237
              ],
              [
                108.4979450000001,
                -6.753379000999928
              ],
              [
                108.497756,
                -6.754093
              ],
              [
                108.49775299900003,
                -6.754104
              ],
              [
                108.497583,
                -6.754959001
              ],
              [
                108.49755100100002,
                -6.755097
              ],
              [
                108.497466,
                -6.755461
              ],
              [
                108.497411,
                -6.755721
              ],
              [
                108.497367,
                -6.755926999999897
              ],
              [
                108.497344,
                -6.756119
              ],
              [
                108.49729,
                -6.756575
              ],
              [
                108.497306,
                -6.757042
              ],
              [
                108.497185,
                -6.758006000999963
              ],
              [
                108.49715400000012,
                -6.758413
              ],
              [
                108.497159,
                -6.758495
              ],
              [
                108.497158,
                -6.758654
              ],
              [
                108.49707132288476,
                -6.758947739113079
              ]
            ]
          ],
          [
            [
              [
                108.5049778676316,
                -6.759548608451939
              ],
              [
                108.505453,
                -6.759418
              ],
              [
                108.50547218319281,
                -6.759338330152904
              ],
              [
                108.50545480099834,
                -6.759410519279982
              ],
              [
                108.50543996398324,
                -6.759421582739833
              ],
              [
                108.5049778676316,
                -6.759548608451939
              ]
            ]
          ],
          [
            [
              [
                108.50502930994762,
                -6.758135517757852
              ],
              [
                108.50530500002577,
                -6.758144001344533
              ],
              [
                108.50533445821873,
                -6.758139493043132
              ],
              [
                108.50534600011787,
                -6.758230999960631
              ],
              [
                108.50574826053104,
                -6.758204182180078
              ],
              [
                108.505782,
                -6.758071
              ],
              [
                108.505305,
                -6.758144000999923
              ],
              [
                108.50502930994762,
                -6.758135517757852
              ]
            ]
          ],
          [
            [
              [
                108.50550078088425,
                -6.759219560888262
              ],
              [
                108.50556400100008,
                -6.758957000999956
              ],
              [
                108.50564568699626,
                -6.7586198995031985
              ],
              [
                108.50553099965595,
                -6.758897000096454
              ],
              [
                108.50550078088425,
                -6.759219560888262
              ]
            ]
          ],
          [
            [
              [
                108.50566866076883,
                -6.758525091415114
              ],
              [
                108.5057060000001,
                -6.758371
              ],
              [
                108.505728,
                -6.758284157999974
              ],
              [
                108.50574539678865,
                -6.758215486431893
              ],
              [
                108.50572799974748,
                -6.758284157987475
              ],
              [
                108.50570599963226,
                -6.758371000121485
              ],
              [
                108.50566866076883,
                -6.758525091415114
              ]
            ]
          ]
        ]
      },
      "properties": {
        "object_id": 34,
        "kode_zona": "BM",
        "satuan_wilayah_provinsi": "Jawa Barat",
        "satuan_wilayah_kabupaten": "Kabupaten Cirebon",
        "nama_kecamatan": "Sumber",
        "nama_desa": "Sendang",
        "kelas_nilai": 6,
        "range_nilai": "Rp 2.750.000–Rp 4.000.000",
        "nir_m2": 3400000,
        "rpbulat": 3400000,
        "penggunaan_dominan": "Sentra Kerajinan Tradisional, Batik, & Permukiman Teratur",
        "jenis_zona": "Non Pertanian",
        "jumlah_sampel": 8,
        "nilai_tertinggi": 4012000,
        "nilai_terendah": 2924000,
        "simpangan_baku": 306000,
        "simpangan_baku_relatif": "13.2%",
        "kantor_pertanahan": "Kantor Pertanahan Kab. Cirebon",
        "tahun_penilaian": "2026",
        "warna_simbologi": "#ff9150",
        "foto_gallery": [
          {
            "url": "/images/foto_kawasan-znt-sumber.jpg",
            "caption": "Delineasi zona nilai tanah Sendang (Sumber): Kelas 6."
          },
          {
            "url": "/images/foto_kantor-desa-sindangjawa.png",
            "caption": "Dokumentasi pusat administrasi desa dan orientasi tata guna lahan Sendang."
          },
          {
            "url": "/images/foto_pasar-sumber-cirebon.jpg",
            "caption": "Aktivitas ekonomi dan fasilitas pendukung di koridor Sendang."
          }
        ]
      }
    },
    {
      "type": "Feature",
      "geometry": {
        "type": "Polygon",
        "coordinates": [
          [
            [
              108.423501001,
              -6.757096999999892
            ],
            [
              108.423585,
              -6.757274
            ],
            [
              108.423781,
              -6.757459001
            ],
            [
              108.42434,
              -6.75794
            ],
            [
              108.424408,
              -6.758111
            ],
            [
              108.424374,
              -6.758249
            ],
            [
              108.424244,
              -6.758425
            ],
            [
              108.42393700000011,
              -6.758668
            ],
            [
              108.423591,
              -6.75894
            ],
            [
              108.423506,
              -6.759089
            ],
            [
              108.423517,
              -6.759228
            ],
            [
              108.42360999900006,
              -6.759352
            ],
            [
              108.424079,
              -6.759752
            ],
            [
              108.424136,
              -6.759809
            ],
            [
              108.424396,
              -6.760067
            ],
            [
              108.425013,
              -6.760723998999964
            ],
            [
              108.42572200100001,
              -6.76148
            ],
            [
              108.425731,
              -6.761569
            ],
            [
              108.425663,
              -6.762183998999973
            ],
            [
              108.42569199900002,
              -6.762607000999978
            ],
            [
              108.425769,
              -6.762854
            ],
            [
              108.425863,
              -6.762936
            ],
            [
              108.426113,
              -6.763029
            ],
            [
              108.426446,
              -6.763179998999959
            ],
            [
              108.426736,
              -6.763388000999939
            ],
            [
              108.426966,
              -6.763664
            ],
            [
              108.427083,
              -6.763878
            ],
            [
              108.42719,
              -6.764206000999941
            ],
            [
              108.427213,
              -6.764442
            ],
            [
              108.427229,
              -6.764604
            ],
            [
              108.42728,
              -6.765066000999955
            ],
            [
              108.42724800100007,
              -6.765105
            ],
            [
              108.42692199900009,
              -6.765479999000014
            ],
            [
              108.426372,
              -6.765906
            ],
            [
              108.426209,
              -6.766088
            ],
            [
              108.42544300000012,
              -6.766813
            ],
            [
              108.42480900100006,
              -6.767413
            ],
            [
              108.424686,
              -6.767729
            ],
            [
              108.42467,
              -6.767918
            ],
            [
              108.424711,
              -6.768145
            ],
            [
              108.42481300000011,
              -6.768314
            ],
            [
              108.4249329990001,
              -6.768375
            ],
            [
              108.425289,
              -6.768583
            ],
            [
              108.4260439990001,
              -6.769054
            ],
            [
              108.426422,
              -6.769283998999988
            ],
            [
              108.42713,
              -6.76966700099997
            ],
            [
              108.427863,
              -6.770051
            ],
            [
              108.428798,
              -6.770461
            ],
            [
              108.429557,
              -6.770717999999889
            ],
            [
              108.430114,
              -6.770847
            ],
            [
              108.430873,
              -6.771028
            ],
            [
              108.43148000000011,
              -6.771183
            ],
            [
              108.43198600100004,
              -6.771363000999965
            ],
            [
              108.43239,
              -6.771619
            ],
            [
              108.432769,
              -6.771874
            ],
            [
              108.432995,
              -6.77228
            ],
            [
              108.4330439990001,
              -6.77266
            ],
            [
              108.433042,
              -6.773014
            ],
            [
              108.433039,
              -6.773444
            ],
            [
              108.433621,
              -6.773726
            ],
            [
              108.43435499900004,
              -6.773856
            ],
            [
              108.435242,
              -6.773861
            ],
            [
              108.436104,
              -6.773789
            ],
            [
              108.4372960000001,
              -6.773593
            ],
            [
              108.437728,
              -6.773393000999974
            ],
            [
              108.43816,
              -6.773117000999964
            ],
            [
              108.4385680000001,
              -6.772638
            ],
            [
              108.439002,
              -6.772058
            ],
            [
              108.439206,
              -6.77173
            ],
            [
              108.439487,
              -6.771378
            ],
            [
              108.43963400000011,
              -6.77085400099995
            ],
            [
              108.439636,
              -6.770496
            ],
            [
              108.43969299900002,
              -6.770078000999959
            ],
            [
              108.439694999,
              -6.769692
            ],
            [
              108.43956600100007,
              -6.769436
            ],
            [
              108.439125,
              -6.769396
            ],
            [
              108.43899399900009,
              -6.769379
            ],
            [
              108.43881299900004,
              -6.769253
            ],
            [
              108.43871,
              -6.76911
            ],
            [
              108.438712,
              -6.768755
            ],
            [
              108.43877,
              -6.768523
            ],
            [
              108.438916,
              -6.768273
            ],
            [
              108.4391810000001,
              -6.767903
            ],
            [
              108.439162,
              -6.767768
            ],
            [
              108.43910100100005,
              -6.767676
            ],
            [
              108.438752,
              -6.76747
            ],
            [
              108.43859,
              -6.767357
            ],
            [
              108.437774,
              -6.766551
            ],
            [
              108.437012,
              -6.765798
            ],
            [
              108.436809,
              -6.76555
            ],
            [
              108.436696,
              -6.76517899999989
            ],
            [
              108.436133,
              -6.764226
            ],
            [
              108.435696,
              -6.763855
            ],
            [
              108.435408,
              -6.763674
            ],
            [
              108.43517500000011,
              -6.763567000999917
            ],
            [
              108.434973,
              -6.763388
            ],
            [
              108.434788,
              -6.763143
            ],
            [
              108.43459200000011,
              -6.762554000999945
            ],
            [
              108.4345200000001,
              -6.762389
            ],
            [
              108.434167,
              -6.762172
            ],
            [
              108.43412,
              -6.762140000999974
            ],
            [
              108.433985,
              -6.762045
            ],
            [
              108.43382899900004,
              -6.761787
            ],
            [
              108.433753,
              -6.761642
            ],
            [
              108.433603,
              -6.761553
            ],
            [
              108.433277,
              -6.761476000999924
            ],
            [
              108.433112,
              -6.761489
            ],
            [
              108.43274799900003,
              -6.761786
            ],
            [
              108.432426,
              -6.762048
            ],
            [
              108.432401,
              -6.76206
            ],
            [
              108.432271,
              -6.762128
            ],
            [
              108.432114,
              -6.762125000999976
            ],
            [
              108.43188700100002,
              -6.76199
            ],
            [
              108.431652,
              -6.761721
            ],
            [
              108.43159400000012,
              -6.761637000999922
            ],
            [
              108.431531,
              -6.761359
            ],
            [
              108.431438,
              -6.761069
            ],
            [
              108.43125,
              -6.76034
            ],
            [
              108.431159,
              -6.759989
            ],
            [
              108.43101200000011,
              -6.759581
            ],
            [
              108.43069700100007,
              -6.759149
            ],
            [
              108.430447,
              -6.758790001
            ],
            [
              108.4303109990001,
              -6.758469
            ],
            [
              108.43026400000012,
              -6.758075
            ],
            [
              108.430341,
              -6.757617
            ],
            [
              108.430382,
              -6.757237
            ],
            [
              108.4303840000001,
              -6.75665
            ],
            [
              108.430438,
              -6.756253000999958
            ],
            [
              108.430487,
              -6.755771
            ],
            [
              108.43050899900005,
              -6.755546
            ],
            [
              108.430519,
              -6.755165
            ],
            [
              108.430346,
              -6.754394
            ],
            [
              108.430285,
              -6.75404
            ],
            [
              108.430348,
              -6.753529
            ],
            [
              108.430459,
              -6.753180999999888
            ],
            [
              108.430508,
              -6.753028
            ],
            [
              108.43054699900009,
              -6.752936
            ],
            [
              108.430562,
              -6.752723000999918
            ],
            [
              108.43042600100003,
              -6.752148
            ],
            [
              108.430216,
              -6.751825000999958
            ],
            [
              108.43001200100005,
              -6.75166
            ],
            [
              108.429752,
              -6.751540998999907
            ],
            [
              108.42933100100002,
              -6.751390000999937
            ],
            [
              108.428946,
              -6.751764
            ],
            [
              108.428515,
              -6.752283
            ],
            [
              108.428043,
              -6.753068
            ],
            [
              108.427464,
              -6.753827
            ],
            [
              108.42714,
              -6.754345998999913
            ],
            [
              108.426735,
              -6.754971998999928
            ],
            [
              108.42638500100007,
              -6.755451000999948
            ],
            [
              108.426183,
              -6.75561
            ],
            [
              108.425741,
              -6.755875
            ],
            [
              108.42511,
              -6.756218999999899
            ],
            [
              108.423984,
              -6.756614
            ],
            [
              108.423562,
              -6.75677
            ],
            [
              108.423501001,
              -6.757096999999892
            ]
          ]
        ]
      },
      "properties": {
        "object_id": 35,
        "kode_zona": "BN",
        "satuan_wilayah_provinsi": "Jawa Barat",
        "satuan_wilayah_kabupaten": "Kabupaten Cirebon",
        "nama_kecamatan": "Dukupuntang",
        "nama_desa": "Cangkoak",
        "kelas_nilai": 4,
        "range_nilai": "Rp 1.000.000–Rp 1.750.000",
        "nir_m2": 1350000,
        "rpbulat": 1350000,
        "penggunaan_dominan": "Kawasan Permukiman Pengrajin & Tegalan Dukupuntang",
        "jenis_zona": "Non Pertanian",
        "jumlah_sampel": 5,
        "nilai_tertinggi": 1593000,
        "nilai_terendah": 1161000,
        "simpangan_baku": 121500,
        "simpangan_baku_relatif": "8.2%",
        "kantor_pertanahan": "Kantor Pertanahan Kab. Cirebon",
        "tahun_penilaian": "2026",
        "warna_simbologi": "#def250",
        "foto_gallery": [
          {
            "url": "/images/foto_kawasan-znt-sumber.jpg",
            "caption": "Delineasi zona nilai tanah Cangkoak (Dukupuntang): Kelas 4."
          },
          {
            "url": "/images/foto_kantor-desa-sindangjawa.png",
            "caption": "Dokumentasi pusat administrasi desa dan orientasi tata guna lahan Cangkoak."
          },
          {
            "url": "/images/foto_pasar-sumber-cirebon.jpg",
            "caption": "Aktivitas ekonomi dan fasilitas pendukung di koridor Cangkoak."
          }
        ]
      }
    },
    {
      "type": "Feature",
      "geometry": {
        "type": "MultiPolygon",
        "coordinates": [
          [
            [
              [
                108.488089,
                -6.756798000999932
              ],
              [
                108.48815200000011,
                -6.757071
              ],
              [
                108.488368,
                -6.757721
              ],
              [
                108.488398,
                -6.758018
              ],
              [
                108.488404,
                -6.758747000999989
              ],
              [
                108.48840500100009,
                -6.75887
              ],
              [
                108.48848837272028,
                -6.759193218793875
              ],
              [
                108.48852699972133,
                -6.759190000118338
              ],
              [
                108.48861993116498,
                -6.759182117560613
              ],
              [
                108.48875100015857,
                -6.759171000141521
              ],
              [
                108.488765999951,
                -6.759171000141521
              ],
              [
                108.48879400034292,
                -6.759170000095367
              ],
              [
                108.48949600034018,
                -6.759125999864978
              ],
              [
                108.49020999999158,
                -6.759076000257153
              ],
              [
                108.49094999994259,
                -6.759022999611716
              ],
              [
                108.49137000042526,
                -6.758993000026862
              ],
              [
                108.49219699989169,
                -6.759009999911541
              ],
              [
                108.49221499982247,
                -6.759009999911541
              ],
              [
                108.49291499972753,
                -6.758996000165212
              ],
              [
                108.4929349997505,
                -6.758995000119114
              ],
              [
                108.49320300041819,
                -6.758978000234492
              ],
              [
                108.49378100009312,
                -6.758940999427523
              ],
              [
                108.49460500032058,
                -6.758939000234648
              ],
              [
                108.49633800019859,
                -6.758955000073172
              ],
              [
                108.49707132288476,
                -6.758947739113079
              ],
              [
                108.497158,
                -6.758654
              ],
              [
                108.497159,
                -6.758495
              ],
              [
                108.49715400000012,
                -6.758413
              ],
              [
                108.497185,
                -6.758006000999963
              ],
              [
                108.497306,
                -6.757042
              ],
              [
                108.49729,
                -6.756575
              ],
              [
                108.497344,
                -6.756119
              ],
              [
                108.497367,
                -6.755926999999897
              ],
              [
                108.497411,
                -6.755721
              ],
              [
                108.497466,
                -6.755461
              ],
              [
                108.49755100100002,
                -6.755097
              ],
              [
                108.497583,
                -6.754959001
              ],
              [
                108.49775299900003,
                -6.754104
              ],
              [
                108.497756,
                -6.754093
              ],
              [
                108.4979450000001,
                -6.753379000999928
              ],
              [
                108.49805899900012,
                -6.75237
              ],
              [
                108.49592,
                -6.752035
              ],
              [
                108.4947309990001,
                -6.752009
              ],
              [
                108.49453499900005,
                -6.752194
              ],
              [
                108.493998,
                -6.752547000999922
              ],
              [
                108.493604,
                -6.752437
              ],
              [
                108.493565,
                -6.752477999999897
              ],
              [
                108.493424,
                -6.75283800099993
              ],
              [
                108.493138,
                -6.75289
              ],
              [
                108.49288500100003,
                -6.753391
              ],
              [
                108.49240200100004,
                -6.753828
              ],
              [
                108.49222,
                -6.754102000999975
              ],
              [
                108.492122,
                -6.754789000999974
              ],
              [
                108.49138800100008,
                -6.755482
              ],
              [
                108.491053,
                -6.755718
              ],
              [
                108.490732,
                -6.755962998999944
              ],
              [
                108.490323,
                -6.756224
              ],
              [
                108.489619,
                -6.756508
              ],
              [
                108.48920400000011,
                -6.756514
              ],
              [
                108.48856599900009,
                -6.756287
              ],
              [
                108.488216,
                -6.75608
              ],
              [
                108.4881,
                -6.756507
              ],
              [
                108.488089,
                -6.756798000999932
              ]
            ]
          ],
          [
            [
              [
                108.49655399872341,
                -6.759991000576329
              ],
              [
                108.496554,
                -6.759991000999978
              ],
              [
                108.49655400000168,
                -6.759991000996581
              ],
              [
                108.49655399872341,
                -6.759991000576329
              ]
            ]
          ]
        ]
      },
      "properties": {
        "object_id": 36,
        "kode_zona": "BO",
        "satuan_wilayah_provinsi": "Jawa Barat",
        "satuan_wilayah_kabupaten": "Kabupaten Cirebon",
        "nama_kecamatan": "Sumber",
        "nama_desa": "Kemantren",
        "kelas_nilai": 6,
        "range_nilai": "Rp 2.750.000–Rp 4.000.000",
        "nir_m2": 3400000,
        "rpbulat": 3400000,
        "penggunaan_dominan": "Kawasan Jasa Komersial & Permukiman Koridor Penghubung",
        "jenis_zona": "Non Pertanian",
        "jumlah_sampel": 6,
        "nilai_tertinggi": 4012000,
        "nilai_terendah": 2924000,
        "simpangan_baku": 306000,
        "simpangan_baku_relatif": "9.2%",
        "kantor_pertanahan": "Kantor Pertanahan Kab. Cirebon",
        "tahun_penilaian": "2026",
        "warna_simbologi": "#ff9150",
        "foto_gallery": [
          {
            "url": "/images/foto_kawasan-znt-sumber.jpg",
            "caption": "Delineasi zona nilai tanah Kemantren (Sumber): Kelas 6."
          },
          {
            "url": "/images/foto_kantor-desa-sindangjawa.png",
            "caption": "Dokumentasi pusat administrasi desa dan orientasi tata guna lahan Kemantren."
          },
          {
            "url": "/images/foto_pasar-sumber-cirebon.jpg",
            "caption": "Aktivitas ekonomi dan fasilitas pendukung di koridor Kemantren."
          }
        ]
      }
    },
    {
      "type": "Feature",
      "geometry": {
        "type": "Polygon",
        "coordinates": [
          [
            [
              108.506691,
              -6.772115
            ],
            [
              108.50671,
              -6.772241
            ],
            [
              108.50676,
              -6.77239
            ],
            [
              108.506762,
              -6.772397
            ],
            [
              108.506839,
              -6.77265
            ],
            [
              108.506891,
              -6.772891
            ],
            [
              108.50699399900009,
              -6.773259
            ],
            [
              108.507155,
              -6.773838
            ],
            [
              108.507417,
              -6.77463
            ],
            [
              108.507775,
              -6.775822
            ],
            [
              108.50805,
              -6.77633
            ],
            [
              108.508016,
              -6.776594
            ],
            [
              108.50804200100002,
              -6.776813
            ],
            [
              108.50802000100008,
              -6.776898
            ],
            [
              108.507965,
              -6.776995
            ],
            [
              108.507947,
              -6.777025
            ],
            [
              108.507812,
              -6.777162
            ],
            [
              108.50760400000011,
              -6.777277
            ],
            [
              108.50756900100006,
              -6.777297000999962
            ],
            [
              108.50731200000011,
              -6.777404
            ],
            [
              108.50721,
              -6.777483
            ],
            [
              108.50699100000011,
              -6.777774
            ],
            [
              108.50688700100002,
              -6.778239
            ],
            [
              108.50685699900004,
              -6.778462999999892
            ],
            [
              108.50698,
              -6.778562000999912
            ],
            [
              108.507184,
              -6.778827
            ],
            [
              108.507623,
              -6.779282
            ],
            [
              108.507817,
              -6.779237
            ],
            [
              108.508197,
              -6.779227000999956
            ],
            [
              108.508327,
              -6.779241
            ],
            [
              108.508329,
              -6.77924600099993
            ],
            [
              108.508429,
              -6.779507
            ],
            [
              108.508443,
              -6.779713000999934
            ],
            [
              108.50837400100005,
              -6.779932
            ],
            [
              108.50827500000013,
              -6.780145
            ],
            [
              108.508204,
              -6.780372
            ],
            [
              108.50818900000012,
              -6.780584
            ],
            [
              108.5082790000001,
              -6.780792
            ],
            [
              108.508541,
              -6.781073000999928
            ],
            [
              108.508798,
              -6.78125
            ],
            [
              108.5092149990001,
              -6.781538
            ],
            [
              108.509504,
              -6.781734
            ],
            [
              108.509729,
              -6.781998
            ],
            [
              108.5097690000001,
              -6.782188
            ],
            [
              108.5097390010001,
              -6.782278
            ],
            [
              108.50959099900003,
              -6.782364000999987
            ],
            [
              108.509273,
              -6.782414
            ],
            [
              108.508898,
              -6.782428
            ],
            [
              108.50884200100005,
              -6.782429998999941
            ],
            [
              108.508692,
              -6.78247
            ],
            [
              108.508503,
              -6.782705
            ],
            [
              108.508201,
              -6.783069000999966
            ],
            [
              108.507954,
              -6.783392
            ],
            [
              108.50785300000011,
              -6.783603
            ],
            [
              108.507798,
              -6.783912
            ],
            [
              108.507815,
              -6.784098
            ],
            [
              108.507937,
              -6.784156
            ],
            [
              108.50807800100007,
              -6.784193
            ],
            [
              108.50821900100001,
              -6.784317
            ],
            [
              108.50822399900008,
              -6.784319998999912
            ],
            [
              108.5083500000001,
              -6.784574
            ],
            [
              108.50839400100001,
              -6.784765000999961
            ],
            [
              108.50837500100005,
              -6.784953
            ],
            [
              108.50826199900011,
              -6.785139
            ],
            [
              108.508129,
              -6.785326
            ],
            [
              108.5080590000001,
              -6.785544
            ],
            [
              108.508076,
              -6.78594
            ],
            [
              108.50811,
              -6.78607399899991
            ],
            [
              108.50821900100001,
              -6.786182
            ],
            [
              108.508704,
              -6.786096
            ],
            [
              108.50903600100011,
              -6.786042
            ],
            [
              108.509645,
              -6.786094
            ],
            [
              108.509771,
              -6.786119999999897
            ],
            [
              108.509829,
              -6.786197
            ],
            [
              108.50982,
              -6.786262
            ],
            [
              108.509804,
              -6.786392
            ],
            [
              108.509727,
              -6.786539000999927
            ],
            [
              108.50952799900006,
              -6.786689
            ],
            [
              108.509171,
              -6.78684700099992
            ],
            [
              108.508987,
              -6.786918
            ],
            [
              108.508954,
              -6.786923
            ],
            [
              108.508929,
              -6.786951
            ],
            [
              108.50881500000013,
              -6.78717
            ],
            [
              108.50882200100008,
              -6.787318000999988
            ],
            [
              108.508929,
              -6.787999
            ],
            [
              108.509176,
              -6.788327
            ],
            [
              108.509454,
              -6.788699
            ],
            [
              108.50955399900008,
              -6.788903998999942
            ],
            [
              108.50944400100012,
              -6.789422
            ],
            [
              108.509382,
              -6.789692
            ],
            [
              108.50919200100006,
              -6.790362000999963
            ],
            [
              108.508991,
              -6.790712000999967
            ],
            [
              108.508413,
              -6.791154
            ],
            [
              108.508305,
              -6.791255
            ],
            [
              108.508291,
              -6.791268
            ],
            [
              108.50839100100004,
              -6.791647000999969
            ],
            [
              108.508495,
              -6.792111
            ],
            [
              108.508516,
              -6.792263
            ],
            [
              108.508547,
              -6.792543
            ],
            [
              108.508615,
              -6.792704
            ],
            [
              108.50890399900003,
              -6.792944
            ],
            [
              108.509239,
              -6.793165000999981
            ],
            [
              108.509465,
              -6.79335
            ],
            [
              108.509571,
              -6.793498
            ],
            [
              108.50957483841604,
              -6.793504397359975
            ],
            [
              108.50957476900001,
              -6.793502390999919
            ],
            [
              108.5095596640001,
              -6.793065931999955
            ],
            [
              108.50967413100015,
              -6.792388343999935
            ],
            [
              108.50973425564906,
              -6.79233266719881
            ],
            [
              108.509962,
              -6.79212
            ],
            [
              108.510129,
              -6.79203500099992
            ],
            [
              108.51013168144738,
              -6.792035080916971
            ],
            [
              108.5101318770001,
              -6.792034981999919
            ],
            [
              108.51049810300003,
              -6.792045958999939
            ],
            [
              108.5108414300001,
              -6.792094584999877
            ],
            [
              108.51119999100001,
              -6.792012107999891
            ],
            [
              108.51131231101083,
              -6.791926841337006
            ],
            [
              108.511509,
              -6.791775
            ],
            [
              108.51173475054821,
              -6.791563782748923
            ],
            [
              108.51174168900008,
              -6.79155719099991
            ],
            [
              108.51177184403285,
              -6.791525935351796
            ],
            [
              108.5119620010001,
              -6.791328000999954
            ],
            [
              108.512272,
              -6.79124
            ],
            [
              108.51250999900005,
              -6.791162999999891
            ],
            [
              108.512655,
              -6.790756
            ],
            [
              108.5128099990001,
              -6.790104
            ],
            [
              108.51291900100006,
              -6.789633
            ],
            [
              108.51299799900002,
              -6.789283
            ],
            [
              108.512919,
              -6.788184
            ],
            [
              108.512951,
              -6.788096
            ],
            [
              108.512993,
              -6.78798200099995
            ],
            [
              108.513046,
              -6.787787
            ],
            [
              108.51314200000012,
              -6.787477999
            ],
            [
              108.513297,
              -6.787184999
            ],
            [
              108.513557,
              -6.786973
            ],
            [
              108.513669,
              -6.786526
            ],
            [
              108.51368199900013,
              -6.786075998999898
            ],
            [
              108.51368500000011,
              -6.785549
            ],
            [
              108.513577,
              -6.78507700099993
            ],
            [
              108.513559,
              -6.784844
            ],
            [
              108.513553,
              -6.784767998999943
            ],
            [
              108.513659,
              -6.784497
            ],
            [
              108.514,
              -6.783778
            ],
            [
              108.51438,
              -6.783121
            ],
            [
              108.514634,
              -6.782435
            ],
            [
              108.51518800000012,
              -6.781168
            ],
            [
              108.515488,
              -6.780288
            ],
            [
              108.51581800000011,
              -6.779394
            ],
            [
              108.51611899900006,
              -6.778557
            ],
            [
              108.51640300000011,
              -6.777741001000017
            ],
            [
              108.5165,
              -6.777375000999932
            ],
            [
              108.516736,
              -6.776856
            ],
            [
              108.516296,
              -6.776641
            ],
            [
              108.5162,
              -6.774917
            ],
            [
              108.51618400000011,
              -6.774777
            ],
            [
              108.51630800100006,
              -6.774359
            ],
            [
              108.516598,
              -6.773956
            ],
            [
              108.516759,
              -6.773795
            ],
            [
              108.517071,
              -6.773355000999938
            ],
            [
              108.517153,
              -6.773215999999895
            ],
            [
              108.517215,
              -6.773057
            ],
            [
              108.517355,
              -6.772726
            ],
            [
              108.517554,
              -6.772314
            ],
            [
              108.517676,
              -6.772063
            ],
            [
              108.518354,
              -6.771057
            ],
            [
              108.518398,
              -6.770964999999897
            ],
            [
              108.51885199900005,
              -6.770553
            ],
            [
              108.519585,
              -6.770099
            ],
            [
              108.519998,
              -6.769853
            ],
            [
              108.520787,
              -6.769266999
            ],
            [
              108.521377,
              -6.768640998999988
            ],
            [
              108.5216800000001,
              -6.768264
            ],
            [
              108.521962,
              -6.768039
            ],
            [
              108.522624,
              -6.767201
            ],
            [
              108.5230390010001,
              -6.766731
            ],
            [
              108.523371,
              -6.766419998999897
            ],
            [
              108.524531,
              -6.765476
            ],
            [
              108.524788,
              -6.765322001
            ],
            [
              108.525033,
              -6.765101
            ],
            [
              108.525277,
              -6.764809
            ],
            [
              108.525562,
              -6.764479
            ],
            [
              108.526423,
              -6.763677
            ],
            [
              108.526909,
              -6.763224
            ],
            [
              108.527071,
              -6.763118
            ],
            [
              108.527675,
              -6.762721
            ],
            [
              108.528059,
              -6.762234
            ],
            [
              108.528062,
              -6.76223
            ],
            [
              108.52842399900005,
              -6.76175
            ],
            [
              108.528479,
              -6.761604
            ],
            [
              108.528601,
              -6.761021
            ],
            [
              108.52873799900001,
              -6.760368
            ],
            [
              108.528715,
              -6.760186
            ],
            [
              108.528648,
              -6.760043
            ],
            [
              108.528622,
              -6.759959
            ],
            [
              108.529236,
              -6.759565000999903
            ],
            [
              108.529561,
              -6.758677
            ],
            [
              108.52961466568237,
              -6.758432074148015
            ],
            [
              108.52985386500015,
              -6.757277372999894
            ],
            [
              108.52955658267925,
              -6.75708681942422
            ],
            [
              108.529141,
              -6.756906
            ],
            [
              108.528946,
              -6.756803999999896
            ],
            [
              108.52894604436824,
              -6.75680392682554
            ],
            [
              108.528945965,
              -6.756803885999975
            ],
            [
              108.52921300600023,
              -6.756361856999906
            ],
            [
              108.52925584758509,
              -6.75627080974013
            ],
            [
              108.52934800000013,
              -6.75607
            ],
            [
              108.52944875607135,
              -6.755988620526889
            ],
            [
              108.52957920699998,
              -6.755880728999976
            ],
            [
              108.52964026100005,
              -6.755625124999966
            ],
            [
              108.52979283500007,
              -6.755292315999963
            ],
            [
              108.52981717376228,
              -6.755085032536591
            ],
            [
              108.529823,
              -6.755033
            ],
            [
              108.529655,
              -6.75474
            ],
            [
              108.52963018603671,
              -6.754669197491172
            ],
            [
              108.52950291999997,
              -6.754312408999887
            ],
            [
              108.52935057039558,
              -6.754312779947426
            ],
            [
              108.5293070000001,
              -6.754313
            ],
            [
              108.52930656791845,
              -6.754312887086613
            ],
            [
              108.52930455000008,
              -6.754312891999927
            ],
            [
              108.52916734796545,
              -6.754276505565795
            ],
            [
              108.52902,
              -6.754238
            ],
            [
              108.528823,
              -6.754129
            ],
            [
              108.52881434745397,
              -6.75410600894897
            ],
            [
              108.52878577399997,
              -6.754036324999959
            ],
            [
              108.5288917853657,
              -6.753834593225207
            ],
            [
              108.52898999900007,
              -6.753643999
            ],
            [
              108.52912429414194,
              -6.753313014558817
            ],
            [
              108.52931219100009,
              -6.752843272999922
            ],
            [
              108.52886258271296,
              -6.752804220315635
            ],
            [
              108.52881881200004,
              -6.752827329999935
            ],
            [
              108.52814356508823,
              -6.753183845937862
            ],
            [
              108.52775576700019,
              -6.753388767999937
            ],
            [
              108.52775548551202,
              -6.753388743660029
            ],
            [
              108.527755,
              -6.753389
            ],
            [
              108.526998,
              -6.753324
            ],
            [
              108.52675657139508,
              -6.753104756726326
            ],
            [
              108.52662662300011,
              -6.752988230999925
            ],
            [
              108.52639086761805,
              -6.752651704904935
            ],
            [
              108.52629799900009,
              -6.752520000999908
            ],
            [
              108.526058,
              -6.752836000999942
            ],
            [
              108.52591,
              -6.753134001
            ],
            [
              108.525782,
              -6.753849
            ],
            [
              108.525762,
              -6.754186
            ],
            [
              108.525748,
              -6.754435
            ],
            [
              108.52541600100004,
              -6.755731
            ],
            [
              108.525414,
              -6.755734
            ],
            [
              108.5253620000001,
              -6.755844000999957
            ],
            [
              108.525358,
              -6.755998
            ],
            [
              108.52510899900004,
              -6.756056000999912
            ],
            [
              108.525065,
              -6.756081
            ],
            [
              108.524376,
              -6.756116001
            ],
            [
              108.524117,
              -6.756167
            ],
            [
              108.52360100100006,
              -6.756586
            ],
            [
              108.523399,
              -6.756864
            ],
            [
              108.52334,
              -6.757066
            ],
            [
              108.523312,
              -6.757199
            ],
            [
              108.52312399900002,
              -6.757377
            ],
            [
              108.52255,
              -6.757553
            ],
            [
              108.52215,
              -6.757658000999946
            ],
            [
              108.521566,
              -6.75786
            ],
            [
              108.521376,
              -6.75789
            ],
            [
              108.5212420000001,
              -6.75773
            ],
            [
              108.52108,
              -6.757366998999938
            ],
            [
              108.521024,
              -6.757226000999907
            ],
            [
              108.52076199900009,
              -6.757063
            ],
            [
              108.52060000100009,
              -6.75699
            ],
            [
              108.52039000000012,
              -6.756958
            ],
            [
              108.52026,
              -6.756987
            ],
            [
              108.520205,
              -6.756995
            ],
            [
              108.52011,
              -6.757483
            ],
            [
              108.520133001,
              -6.757751
            ],
            [
              108.520156,
              -6.757923000999934
            ],
            [
              108.520123,
              -6.75806
            ],
            [
              108.519519,
              -6.758685
            ],
            [
              108.519286,
              -6.759126
            ],
            [
              108.519187,
              -6.759328
            ],
            [
              108.519083,
              -6.759448
            ],
            [
              108.518204,
              -6.760295
            ],
            [
              108.517886,
              -6.760431
            ],
            [
              108.517708,
              -6.760502
            ],
            [
              108.517536,
              -6.760638
            ],
            [
              108.51733099900007,
              -6.760925999999891
            ],
            [
              108.517176,
              -6.761629
            ],
            [
              108.517163,
              -6.761922
            ],
            [
              108.517176,
              -6.762289
            ],
            [
              108.51714600000012,
              -6.762808
            ],
            [
              108.51713,
              -6.762867999
            ],
            [
              108.516745,
              -6.762906998999931
            ],
            [
              108.516534,
              -6.762866001
            ],
            [
              108.516006,
              -6.762703
            ],
            [
              108.515476,
              -6.762476998999968
            ],
            [
              108.515035,
              -6.762299000999985
            ],
            [
              108.514628,
              -6.762107
            ],
            [
              108.5145,
              -6.76239400099994
            ],
            [
              108.514346,
              -6.762742
            ],
            [
              108.51428300100011,
              -6.762884999999887
            ],
            [
              108.51414900000013,
              -6.763201998999914
            ],
            [
              108.513596,
              -6.76415100099992
            ],
            [
              108.513377,
              -6.764526
            ],
            [
              108.512833,
              -6.765343
            ],
            [
              108.5126910000001,
              -6.765556
            ],
            [
              108.51249099900008,
              -6.765857
            ],
            [
              108.511818,
              -6.767022
            ],
            [
              108.511499,
              -6.767588999999898
            ],
            [
              108.511488,
              -6.767608
            ],
            [
              108.51122800000012,
              -6.768198
            ],
            [
              108.510684,
              -6.769433000999882
            ],
            [
              108.510648,
              -6.769521
            ],
            [
              108.5104410010001,
              -6.770035
            ],
            [
              108.51030300100005,
              -6.770379
            ],
            [
              108.510287,
              -6.770419
            ],
            [
              108.50981700100007,
              -6.771519000999906
            ],
            [
              108.50954500100003,
              -6.771407
            ],
            [
              108.50940000000013,
              -6.771322000999948
            ],
            [
              108.50932800100011,
              -6.771199
            ],
            [
              108.50935500000013,
              -6.77098
            ],
            [
              108.5094329990001,
              -6.770816
            ],
            [
              108.50952699900006,
              -6.770545
            ],
            [
              108.50907400100006,
              -6.770423999999899
            ],
            [
              108.50880699900009,
              -6.770324
            ],
            [
              108.50822499900006,
              -6.770155
            ],
            [
              108.50788,
              -6.770042998999905
            ],
            [
              108.50777800000012,
              -6.770041
            ],
            [
              108.5077670000001,
              -6.770173000999915
            ],
            [
              108.50768900000013,
              -6.770398
            ],
            [
              108.507625,
              -6.770598
            ],
            [
              108.507527,
              -6.770787
            ],
            [
              108.507496,
              -6.770897000999955
            ],
            [
              108.50730599900005,
              -6.771016000999943
            ],
            [
              108.5071530000001,
              -6.771081
            ],
            [
              108.5070800000001,
              -6.771164
            ],
            [
              108.507075,
              -6.771383
            ],
            [
              108.507136,
              -6.771731
            ],
            [
              108.507124,
              -6.771861
            ],
            [
              108.507122,
              -6.771878998999938
            ],
            [
              108.50693,
              -6.772036
            ],
            [
              108.506732,
              -6.772112
            ],
            [
              108.506693,
              -6.772115
            ],
            [
              108.506691,
              -6.772115
            ]
          ]
        ]
      },
      "properties": {
        "object_id": 37,
        "kode_zona": "BP",
        "satuan_wilayah_provinsi": "Jawa Barat",
        "satuan_wilayah_kabupaten": "Kabupaten Cirebon",
        "nama_kecamatan": "Talun",
        "nama_desa": "Sampiran",
        "kelas_nilai": 4,
        "range_nilai": "Rp 1.000.000–Rp 1.750.000",
        "nir_m2": 1350000,
        "rpbulat": 1350000,
        "penggunaan_dominan": "Kawasan Residensial Perbukitan & Wisata Alam Gronggong",
        "jenis_zona": "Non Pertanian",
        "jumlah_sampel": 7,
        "nilai_tertinggi": 1593000,
        "nilai_terendah": 1161000,
        "simpangan_baku": 121500,
        "simpangan_baku_relatif": "10.2%",
        "kantor_pertanahan": "Kantor Pertanahan Kab. Cirebon",
        "tahun_penilaian": "2026",
        "warna_simbologi": "#def250",
        "foto_gallery": [
          {
            "url": "/images/foto_kawasan-znt-sumber.jpg",
            "caption": "Delineasi zona nilai tanah Sampiran (Talun): Kelas 4."
          },
          {
            "url": "/images/foto_kantor-desa-sindangjawa.png",
            "caption": "Dokumentasi pusat administrasi desa dan orientasi tata guna lahan Sampiran."
          },
          {
            "url": "/images/foto_pasar-sumber-cirebon.jpg",
            "caption": "Aktivitas ekonomi dan fasilitas pendukung di koridor Sampiran."
          }
        ]
      }
    },
    {
      "type": "Feature",
      "geometry": {
        "type": "Polygon",
        "coordinates": [
          [
            [
              108.48862211612636,
              -6.76801125212504
            ],
            [
              108.48878816526413,
              -6.768371766114355
            ],
            [
              108.48880900013529,
              -6.768417001143632
            ],
            [
              108.48891438179334,
              -6.768806048760098
            ],
            [
              108.48893822372008,
              -6.768894068106704
            ],
            [
              108.48894748147964,
              -6.768928246823798
            ],
            [
              108.48895499900003,
              -6.768956
            ],
            [
              108.489154,
              -6.769396000999929
            ],
            [
              108.489306,
              -6.769688000999931
            ],
            [
              108.489564,
              -6.770269
            ],
            [
              108.48960163753593,
              -6.770443180989604
            ],
            [
              108.48965000114669,
              -6.770666999682248
            ],
            [
              108.48978800031603,
              -6.771807000092906
            ],
            [
              108.48979784159718,
              -6.77202037324156
            ],
            [
              108.48980504255506,
              -6.772176497460609
            ],
            [
              108.489835,
              -6.772826000999956
            ],
            [
              108.4897759990001,
              -6.773163
            ],
            [
              108.489603,
              -6.773633
            ],
            [
              108.4894748666861,
              -6.77399920425289
            ],
            [
              108.48943400027947,
              -6.774116001065247
            ],
            [
              108.491689,
              -6.774643
            ],
            [
              108.49182100000012,
              -6.774034
            ],
            [
              108.49185600100007,
              -6.773855
            ],
            [
              108.491886,
              -6.773707000999931
            ],
            [
              108.492241,
              -6.772851
            ],
            [
              108.492402,
              -6.772402
            ],
            [
              108.492726,
              -6.772418000999949
            ],
            [
              108.492978,
              -6.77244
            ],
            [
              108.493169,
              -6.772457000999978
            ],
            [
              108.493385,
              -6.772467
            ],
            [
              108.49377900000012,
              -6.772487
            ],
            [
              108.49471099900005,
              -6.772534
            ],
            [
              108.49497200100005,
              -6.772547
            ],
            [
              108.49511799900006,
              -6.772547
            ],
            [
              108.496419,
              -6.772551
            ],
            [
              108.49655999900008,
              -6.77249
            ],
            [
              108.496627,
              -6.772460998999954
            ],
            [
              108.49683,
              -6.772306
            ],
            [
              108.496921,
              -6.772117
            ],
            [
              108.497297,
              -6.771342
            ],
            [
              108.497437,
              -6.771095998999989
            ],
            [
              108.49748900000013,
              -6.771036001
            ],
            [
              108.4976539990001,
              -6.770826
            ],
            [
              108.49774500100008,
              -6.770759
            ],
            [
              108.499088,
              -6.771006
            ],
            [
              108.499496,
              -6.77113000099996
            ],
            [
              108.499533,
              -6.771145
            ],
            [
              108.49965800100009,
              -6.771232998999956
            ],
            [
              108.499792,
              -6.771319
            ],
            [
              108.499975,
              -6.771192
            ],
            [
              108.5,
              -6.771173730999937
            ],
            [
              108.500001,
              -6.771173000999966
            ],
            [
              108.500207,
              -6.77103
            ],
            [
              108.500473,
              -6.770906
            ],
            [
              108.50057200100004,
              -6.771035
            ],
            [
              108.500695,
              -6.771230000999974
            ],
            [
              108.50111400100012,
              -6.772151
            ],
            [
              108.501385,
              -6.772586999999898
            ],
            [
              108.50189,
              -6.773138
            ],
            [
              108.502149,
              -6.773558
            ],
            [
              108.502575,
              -6.773611
            ],
            [
              108.502788,
              -6.773338
            ],
            [
              108.50285500000011,
              -6.772967998999981
            ],
            [
              108.502808,
              -6.772532000999966
            ],
            [
              108.50269300000012,
              -6.77211
            ],
            [
              108.502672,
              -6.771686
            ],
            [
              108.502633,
              -6.771062
            ],
            [
              108.502628,
              -6.7705
            ],
            [
              108.502618,
              -6.770258
            ],
            [
              108.502598,
              -6.769696
            ],
            [
              108.50272599900009,
              -6.768956
            ],
            [
              108.502834,
              -6.767867
            ],
            [
              108.502938,
              -6.766897
            ],
            [
              108.503222,
              -6.765836
            ],
            [
              108.503513,
              -6.764842999999889
            ],
            [
              108.50375399900007,
              -6.764426000999936
            ],
            [
              108.50415400000011,
              -6.764131000999953
            ],
            [
              108.50444299900005,
              -6.763937
            ],
            [
              108.50484,
              -6.763479
            ],
            [
              108.505209,
              -6.763234000999987
            ],
            [
              108.50559099900009,
              -6.763288001000014
            ],
            [
              108.505882,
              -6.763438
            ],
            [
              108.506223,
              -6.763625001
            ],
            [
              108.506537,
              -6.763686998999987
            ],
            [
              108.506899,
              -6.763698
            ],
            [
              108.50743,
              -6.763993001
            ],
            [
              108.50800599900006,
              -6.762908
            ],
            [
              108.508284,
              -6.762093
            ],
            [
              108.50866999900003,
              -6.76047
            ],
            [
              108.508786,
              -6.760045
            ],
            [
              108.508906999,
              -6.759603
            ],
            [
              108.509102,
              -6.75904
            ],
            [
              108.509782999,
              -6.757109
            ],
            [
              108.509877,
              -6.756865
            ],
            [
              108.510063,
              -6.756411000999975
            ],
            [
              108.510185,
              -6.75598000099993
            ],
            [
              108.51021599900005,
              -6.755880001
            ],
            [
              108.510315,
              -6.755554
            ],
            [
              108.51037,
              -6.75541
            ],
            [
              108.510382,
              -6.755378
            ],
            [
              108.510434,
              -6.75536
            ],
            [
              108.510532,
              -6.755236
            ],
            [
              108.510648,
              -6.754697
            ],
            [
              108.510695,
              -6.754478
            ],
            [
              108.5102650000001,
              -6.754087
            ],
            [
              108.510301,
              -6.753437
            ],
            [
              108.510122,
              -6.753222
            ],
            [
              108.509889,
              -6.753158
            ],
            [
              108.509722,
              -6.753212000999966
            ],
            [
              108.509575,
              -6.753383
            ],
            [
              108.50935700000012,
              -6.753706
            ],
            [
              108.509186,
              -6.754166000999941
            ],
            [
              108.509092,
              -6.754455
            ],
            [
              108.50875099900007,
              -6.754862
            ],
            [
              108.508504,
              -6.755261
            ],
            [
              108.508167,
              -6.755905
            ],
            [
              108.50784600100006,
              -6.756246001
            ],
            [
              108.507777,
              -6.756559
            ],
            [
              108.50773199900004,
              -6.756667
            ],
            [
              108.50753899900006,
              -6.757136
            ],
            [
              108.50739600100005,
              -6.757481
            ],
            [
              108.507293,
              -6.757631
            ],
            [
              108.50695699900005,
              -6.758902000999935
            ],
            [
              108.5067750010001,
              -6.759468000999959
            ],
            [
              108.506714,
              -6.760094000999974
            ],
            [
              108.50665400000011,
              -6.76053800099994
            ],
            [
              108.506577,
              -6.761027
            ],
            [
              108.506458,
              -6.761567
            ],
            [
              108.506161,
              -6.761734998999948
            ],
            [
              108.505752,
              -6.761844
            ],
            [
              108.50515500100008,
              -6.761975
            ],
            [
              108.50465799900007,
              -6.762104
            ],
            [
              108.504323,
              -6.762211
            ],
            [
              108.503902,
              -6.76242
            ],
            [
              108.50349,
              -6.762716
            ],
            [
              108.503314,
              -6.762932
            ],
            [
              108.50317,
              -6.763503
            ],
            [
              108.5030319990001,
              -6.764099
            ],
            [
              108.502705,
              -6.764581
            ],
            [
              108.502345,
              -6.764957
            ],
            [
              108.5019799990001,
              -6.765133
            ],
            [
              108.501719,
              -6.76517
            ],
            [
              108.501281,
              -6.765142
            ],
            [
              108.50095299900003,
              -6.764999
            ],
            [
              108.50063999900007,
              -6.764754000999986
            ],
            [
              108.500464,
              -6.764559
            ],
            [
              108.5002700000001,
              -6.764364000999958
            ],
            [
              108.500001,
              -6.764233
            ],
            [
              108.5,
              -6.764233138999966
            ],
            [
              108.49996500100009,
              -6.764238
            ],
            [
              108.499077,
              -6.764308000999943
            ],
            [
              108.498314,
              -6.764379
            ],
            [
              108.497501,
              -6.764375
            ],
            [
              108.49682600100007,
              -6.764409
            ],
            [
              108.496387,
              -6.764417
            ],
            [
              108.49615,
              -6.76469
            ],
            [
              108.4956809990001,
              -6.765151
            ],
            [
              108.495601,
              -6.765229
            ],
            [
              108.495363,
              -6.765336
            ],
            [
              108.495071,
              -6.765332
            ],
            [
              108.49472699900012,
              -6.76524699899992
            ],
            [
              108.494454,
              -6.765198
            ],
            [
              108.49425899900004,
              -6.76526000099993
            ],
            [
              108.493977,
              -6.765423
            ],
            [
              108.49333,
              -6.765899
            ],
            [
              108.49327,
              -6.766054999999895
            ],
            [
              108.49249000000013,
              -6.766171999999894
            ],
            [
              108.49193061400483,
              -6.766183226431673
            ],
            [
              108.4916473207673,
              -6.766290547870426
            ],
            [
              108.49129250134791,
              -6.766424964140754
            ],
            [
              108.49115690336845,
              -6.766636606993757
            ],
            [
              108.49109343911101,
              -6.766735663719885
            ],
            [
              108.49033201191287,
              -6.766802289094301
            ],
            [
              108.490170207689,
              -6.767002164318399
            ],
            [
              108.48937366826027,
              -6.76711662193452
            ],
            [
              108.4893510188345,
              -6.767650796746807
            ],
            [
              108.48933618002076,
              -6.767881336154687
            ],
            [
              108.48862211612636,
              -6.76801125212504
            ]
          ]
        ]
      },
      "properties": {
        "object_id": 38,
        "kode_zona": "BQ",
        "satuan_wilayah_provinsi": "Jawa Barat",
        "satuan_wilayah_kabupaten": "Kabupaten Cirebon",
        "nama_kecamatan": "Talun",
        "nama_desa": "Wanasaba Kidul",
        "kelas_nilai": 4,
        "range_nilai": "Rp 1.000.000–Rp 1.750.000",
        "nir_m2": 1350000,
        "rpbulat": 1350000,
        "penggunaan_dominan": "Permukiman Perdesaan & Pertanian Tanaman Semusim",
        "jenis_zona": "Non Pertanian",
        "jumlah_sampel": 8,
        "nilai_tertinggi": 1593000,
        "nilai_terendah": 1161000,
        "simpangan_baku": 121500,
        "simpangan_baku_relatif": "11.2%",
        "kantor_pertanahan": "Kantor Pertanahan Kab. Cirebon",
        "tahun_penilaian": "2026",
        "warna_simbologi": "#def250",
        "foto_gallery": [
          {
            "url": "/images/foto_kawasan-znt-sumber.jpg",
            "caption": "Delineasi zona nilai tanah Wanasaba Kidul (Talun): Kelas 4."
          },
          {
            "url": "/images/foto_kantor-desa-sindangjawa.png",
            "caption": "Dokumentasi pusat administrasi desa dan orientasi tata guna lahan Wanasaba Kidul."
          },
          {
            "url": "/images/foto_pasar-sumber-cirebon.jpg",
            "caption": "Aktivitas ekonomi dan fasilitas pendukung di koridor Wanasaba Kidul."
          }
        ]
      }
    },
    {
      "type": "Feature",
      "geometry": {
        "type": "Polygon",
        "coordinates": [
          [
            [
              108.47711714429451,
              -6.758390458680199
            ],
            [
              108.47726200004132,
              -6.758412000213582
            ],
            [
              108.47768599980913,
              -6.758460999775252
            ],
            [
              108.47778499987788,
              -6.75847299942933
            ],
            [
              108.4780660002458,
              -6.758505000005698
            ],
            [
              108.47866099980536,
              -6.758554999613523
            ],
            [
              108.47868700010503,
              -6.758557999751815
            ],
            [
              108.47883399968941,
              -6.758577999774843
            ],
            [
              108.47883599978161,
              -6.758430000144358
            ],
            [
              108.47884200005831,
              -6.758364999844844
            ],
            [
              108.47886200008128,
              -6.758235000145078
            ],
            [
              108.4788840001965,
              -6.758154000007039
            ],
            [
              108.47891599987355,
              -6.758085999569175
            ],
            [
              108.4789549998734,
              -6.758018000030631
            ],
            [
              108.47898500035757,
              -6.757972999754088
            ],
            [
              108.47902000017291,
              -6.757931999661992
            ],
            [
              108.47906000021891,
              -6.757894999754399
            ],
            [
              108.4791040004493,
              -6.75786300007735
            ],
            [
              108.47915199996487,
              -6.75783699977768
            ],
            [
              108.47920200047201,
              -6.757816999754709
            ],
            [
              108.47925400017203,
              -6.75780300000838
            ],
            [
              108.4793079999643,
              -6.757794999639486
            ],
            [
              108.47936199975652,
              -6.757792999547235
            ],
            [
              108.48068499961312,
              -6.757840999962127
            ],
            [
              108.4829159999735,
              -6.757887999431603
            ],
            [
              108.48295900015779,
              -6.757890999569952
            ],
            [
              108.4832370003873,
              -6.757924000192418
            ],
            [
              108.4835199999481,
              -6.757956999915564
            ],
            [
              108.48516700035685,
              -6.758152999960942
            ],
            [
              108.48582500012373,
              -6.758182999545738
            ],
            [
              108.48654400000567,
              -6.758216000168204
            ],
            [
              108.48657399959046,
              -6.758218000260456
            ],
            [
              108.48759700000159,
              -6.75833500025999
            ],
            [
              108.48764100023203,
              -6.75833799949902
            ],
            [
              108.48767099981683,
              -6.758339999591271
            ],
            [
              108.48770799972448,
              -6.758338999545174
            ],
            [
              108.48796299979267,
              -6.75833799949902
            ],
            [
              108.48808399997665,
              -6.758321999660495
            ],
            [
              108.48810399999968,
              -6.7583199995683
            ],
            [
              108.48807200032263,
              -6.759234999495561
            ],
            [
              108.48819399965345,
              -6.759218999657037
            ],
            [
              108.48844300034426,
              -6.759196999541871
            ],
            [
              108.48848837272028,
              -6.759193218793875
            ],
            [
              108.48840500100009,
              -6.75887
            ],
            [
              108.488404,
              -6.758747000999989
            ],
            [
              108.488398,
              -6.758018
            ],
            [
              108.488368,
              -6.757721
            ],
            [
              108.48815200000011,
              -6.757071
            ],
            [
              108.488089,
              -6.756798000999932
            ],
            [
              108.4881,
              -6.756507
            ],
            [
              108.488216,
              -6.75608
            ],
            [
              108.487871,
              -6.75603
            ],
            [
              108.4877590010001,
              -6.75597
            ],
            [
              108.48711400000012,
              -6.755805
            ],
            [
              108.486751,
              -6.75566
            ],
            [
              108.48631800100007,
              -6.755462
            ],
            [
              108.4854210010001,
              -6.755327
            ],
            [
              108.48503199900007,
              -6.755268999999899
            ],
            [
              108.48481899900013,
              -6.755221000999924
            ],
            [
              108.484612,
              -6.755103
            ],
            [
              108.484397,
              -6.754856
            ],
            [
              108.484371,
              -6.754718
            ],
            [
              108.484304,
              -6.754376
            ],
            [
              108.484222,
              -6.755291000999943
            ],
            [
              108.48404399900004,
              -6.755794
            ],
            [
              108.483647,
              -6.756252
            ],
            [
              108.483119,
              -6.756621
            ],
            [
              108.482153,
              -6.756988000999932
            ],
            [
              108.481451,
              -6.757181
            ],
            [
              108.480574,
              -6.757221000999937
            ],
            [
              108.479698,
              -6.757172
            ],
            [
              108.47923700100003,
              -6.757257
            ],
            [
              108.478601,
              -6.75749500099996
            ],
            [
              108.477634,
              -6.757949000999954
            ],
            [
              108.477194,
              -6.758297
            ],
            [
              108.47711714429451,
              -6.758390458680199
            ]
          ]
        ]
      },
      "properties": {
        "object_id": 39,
        "kode_zona": "BR",
        "satuan_wilayah_provinsi": "Jawa Barat",
        "satuan_wilayah_kabupaten": "Kabupaten Cirebon",
        "nama_kecamatan": "Sumber",
        "nama_desa": "Sumber",
        "kelas_nilai": 8,
        "range_nilai": "Rp > 6.000.000",
        "nir_m2": 6800000,
        "rpbulat": 6800000,
        "penggunaan_dominan": "Kawasan Pusat Pemerintahan Kabupaten Cirebon & Bisnis Inti",
        "jenis_zona": "Non Pertanian",
        "jumlah_sampel": 5,
        "nilai_tertinggi": 8024000,
        "nilai_terendah": 5848000,
        "simpangan_baku": 612000,
        "simpangan_baku_relatif": "12.2%",
        "kantor_pertanahan": "Kantor Pertanahan Kab. Cirebon",
        "tahun_penilaian": "2026",
        "warna_simbologi": "#ff0050",
        "foto_gallery": [
          {
            "url": "/images/foto_kawasan-znt-sumber.jpg",
            "caption": "Delineasi zona nilai tanah Sumber (Sumber): Kelas 8."
          },
          {
            "url": "/images/foto_kantor-desa-sindangjawa.png",
            "caption": "Dokumentasi pusat administrasi desa dan orientasi tata guna lahan Sumber."
          },
          {
            "url": "/images/foto_pasar-sumber-cirebon.jpg",
            "caption": "Aktivitas ekonomi dan fasilitas pendukung di koridor Sumber."
          }
        ]
      }
    },
    {
      "type": "Feature",
      "geometry": {
        "type": "Polygon",
        "coordinates": [
          [
            [
              108.502883,
              -6.769912
            ],
            [
              108.502924,
              -6.770027
            ],
            [
              108.50298400000013,
              -6.770325
            ],
            [
              108.5029870000001,
              -6.770767
            ],
            [
              108.503001,
              -6.771959
            ],
            [
              108.50316800100008,
              -6.773932
            ],
            [
              108.50346199900007,
              -6.775105
            ],
            [
              108.50356299900007,
              -6.775334999999895
            ],
            [
              108.50365000100007,
              -6.775608
            ],
            [
              108.50379000100011,
              -6.77625
            ],
            [
              108.50381299900006,
              -6.776629000999936
            ],
            [
              108.50379,
              -6.77688
            ],
            [
              108.503742,
              -6.777416
            ],
            [
              108.504615,
              -6.777503
            ],
            [
              108.505653,
              -6.777278998999982
            ],
            [
              108.50576100100004,
              -6.777528000999979
            ],
            [
              108.505794,
              -6.777603
            ],
            [
              108.505831,
              -6.777816
            ],
            [
              108.50591899900004,
              -6.778235
            ],
            [
              108.505931,
              -6.778266
            ],
            [
              108.505965,
              -6.778446
            ],
            [
              108.50662,
              -6.778392
            ],
            [
              108.50685699900004,
              -6.778462999999892
            ],
            [
              108.50688700100002,
              -6.778239
            ],
            [
              108.50699100000011,
              -6.777774
            ],
            [
              108.50721,
              -6.777483
            ],
            [
              108.50731200000011,
              -6.777404
            ],
            [
              108.50756900100006,
              -6.777297000999962
            ],
            [
              108.50760400000011,
              -6.777277
            ],
            [
              108.507812,
              -6.777162
            ],
            [
              108.507947,
              -6.777025
            ],
            [
              108.507965,
              -6.776995
            ],
            [
              108.50802000100008,
              -6.776898
            ],
            [
              108.50804200100002,
              -6.776813
            ],
            [
              108.508016,
              -6.776594
            ],
            [
              108.50805,
              -6.77633
            ],
            [
              108.507775,
              -6.775822
            ],
            [
              108.507417,
              -6.77463
            ],
            [
              108.507155,
              -6.773838
            ],
            [
              108.50699399900009,
              -6.773259
            ],
            [
              108.506891,
              -6.772891
            ],
            [
              108.506839,
              -6.77265
            ],
            [
              108.506762,
              -6.772397
            ],
            [
              108.50676,
              -6.77239
            ],
            [
              108.50671,
              -6.772241
            ],
            [
              108.506691,
              -6.772115
            ],
            [
              108.506693,
              -6.772115
            ],
            [
              108.506732,
              -6.772112
            ],
            [
              108.50693,
              -6.772036
            ],
            [
              108.507122,
              -6.771878998999938
            ],
            [
              108.507124,
              -6.771861
            ],
            [
              108.507136,
              -6.771731
            ],
            [
              108.507075,
              -6.771383
            ],
            [
              108.5070800000001,
              -6.771164
            ],
            [
              108.5071530000001,
              -6.771081
            ],
            [
              108.50730599900005,
              -6.771016000999943
            ],
            [
              108.507496,
              -6.770897000999955
            ],
            [
              108.507527,
              -6.770787
            ],
            [
              108.507625,
              -6.770598
            ],
            [
              108.50768900000013,
              -6.770398
            ],
            [
              108.5077670000001,
              -6.770173000999915
            ],
            [
              108.50777800000012,
              -6.770041
            ],
            [
              108.50788,
              -6.770042998999905
            ],
            [
              108.50822499900006,
              -6.770155
            ],
            [
              108.50880699900009,
              -6.770324
            ],
            [
              108.50907400100006,
              -6.770423999999899
            ],
            [
              108.50952699900006,
              -6.770545
            ],
            [
              108.5094329990001,
              -6.770816
            ],
            [
              108.50935500000013,
              -6.77098
            ],
            [
              108.50932800100011,
              -6.771199
            ],
            [
              108.50940000000013,
              -6.771322000999948
            ],
            [
              108.50954500100003,
              -6.771407
            ],
            [
              108.50981700100007,
              -6.771519000999906
            ],
            [
              108.510287,
              -6.770419
            ],
            [
              108.51030300100005,
              -6.770379
            ],
            [
              108.5104410010001,
              -6.770035
            ],
            [
              108.510648,
              -6.769521
            ],
            [
              108.510684,
              -6.769433000999882
            ],
            [
              108.51122800000012,
              -6.768198
            ],
            [
              108.511488,
              -6.767608
            ],
            [
              108.511499,
              -6.767588999999898
            ],
            [
              108.511818,
              -6.767022
            ],
            [
              108.51249099900008,
              -6.765857
            ],
            [
              108.5126910000001,
              -6.765556
            ],
            [
              108.512833,
              -6.765343
            ],
            [
              108.513377,
              -6.764526
            ],
            [
              108.513596,
              -6.76415100099992
            ],
            [
              108.51414900000013,
              -6.763201998999914
            ],
            [
              108.51428300100011,
              -6.762884999999887
            ],
            [
              108.514346,
              -6.762742
            ],
            [
              108.5145,
              -6.76239400099994
            ],
            [
              108.514628,
              -6.762107
            ],
            [
              108.515035,
              -6.762299000999985
            ],
            [
              108.515476,
              -6.762476998999968
            ],
            [
              108.516006,
              -6.762703
            ],
            [
              108.516534,
              -6.762866001
            ],
            [
              108.516745,
              -6.762906998999931
            ],
            [
              108.51713,
              -6.762867999
            ],
            [
              108.51714600000012,
              -6.762808
            ],
            [
              108.517176,
              -6.762289
            ],
            [
              108.517163,
              -6.761922
            ],
            [
              108.517176,
              -6.761629
            ],
            [
              108.51733099900007,
              -6.760925999999891
            ],
            [
              108.517536,
              -6.760638
            ],
            [
              108.517708,
              -6.760502
            ],
            [
              108.517886,
              -6.760431
            ],
            [
              108.518204,
              -6.760295
            ],
            [
              108.519083,
              -6.759448
            ],
            [
              108.519187,
              -6.759328
            ],
            [
              108.519286,
              -6.759126
            ],
            [
              108.519519,
              -6.758685
            ],
            [
              108.520123,
              -6.75806
            ],
            [
              108.520156,
              -6.757923000999934
            ],
            [
              108.520133001,
              -6.757751
            ],
            [
              108.52011,
              -6.757483
            ],
            [
              108.520205,
              -6.756995
            ],
            [
              108.52026,
              -6.756987
            ],
            [
              108.5195300000001,
              -6.756851
            ],
            [
              108.519023,
              -6.756732
            ],
            [
              108.51820599900007,
              -6.756567
            ],
            [
              108.517968,
              -6.756525000999904
            ],
            [
              108.51789100000012,
              -6.756556999999887
            ],
            [
              108.51755700000011,
              -6.756693
            ],
            [
              108.51701600000011,
              -6.756776
            ],
            [
              108.51697200100003,
              -6.756908
            ],
            [
              108.516953,
              -6.756964
            ],
            [
              108.516913,
              -6.757025
            ],
            [
              108.516786999,
              -6.757183
            ],
            [
              108.516786,
              -6.75718500099989
            ],
            [
              108.516393,
              -6.757646
            ],
            [
              108.516035,
              -6.757875998999953
            ],
            [
              108.515638,
              -6.758021
            ],
            [
              108.5151170000001,
              -6.758116
            ],
            [
              108.51475,
              -6.758127000999938
            ],
            [
              108.513926,
              -6.757803
            ],
            [
              108.5138610000001,
              -6.757767999999899
            ],
            [
              108.51372800000011,
              -6.757909
            ],
            [
              108.51353800100011,
              -6.758286
            ],
            [
              108.513551,
              -6.758678
            ],
            [
              108.51354499900006,
              -6.75884
            ],
            [
              108.513444,
              -6.759002
            ],
            [
              108.513154,
              -6.759164
            ],
            [
              108.512952,
              -6.759226
            ],
            [
              108.512707999,
              -6.75937
            ],
            [
              108.512381,
              -6.759716
            ],
            [
              108.51227899900003,
              -6.759914
            ],
            [
              108.512173,
              -6.76013699999989
            ],
            [
              108.511992,
              -6.760411
            ],
            [
              108.51194599900002,
              -6.760585998999915
            ],
            [
              108.51192499900006,
              -6.760718000999912
            ],
            [
              108.51172999900008,
              -6.76092
            ],
            [
              108.511545,
              -6.761093
            ],
            [
              108.51086400000011,
              -6.760895000999902
            ],
            [
              108.510286,
              -6.760701
            ],
            [
              108.509479,
              -6.760356
            ],
            [
              108.508786,
              -6.760045
            ],
            [
              108.50866999900003,
              -6.76047
            ],
            [
              108.508284,
              -6.762093
            ],
            [
              108.50800599900006,
              -6.762908
            ],
            [
              108.50743,
              -6.763993001
            ],
            [
              108.507346,
              -6.764303000999973
            ],
            [
              108.50731200000011,
              -6.764517
            ],
            [
              108.50719,
              -6.764988000999985
            ],
            [
              108.50684,
              -6.765726
            ],
            [
              108.50652200000012,
              -6.766179
            ],
            [
              108.506166,
              -6.766616
            ],
            [
              108.50597799900005,
              -6.766915
            ],
            [
              108.505801,
              -6.767310000999906
            ],
            [
              108.505666,
              -6.767646
            ],
            [
              108.505518,
              -6.768015998999967
            ],
            [
              108.505359,
              -6.768266
            ],
            [
              108.504775,
              -6.769189
            ],
            [
              108.504496,
              -6.769418
            ],
            [
              108.504349,
              -6.769447
            ],
            [
              108.5040699990001,
              -6.76941
            ],
            [
              108.503897,
              -6.76942
            ],
            [
              108.503546,
              -6.769719
            ],
            [
              108.503311,
              -6.769741
            ],
            [
              108.503092,
              -6.769772
            ],
            [
              108.502883,
              -6.769912
            ]
          ]
        ]
      },
      "properties": {
        "object_id": 40,
        "kode_zona": "BS",
        "satuan_wilayah_provinsi": "Jawa Barat",
        "satuan_wilayah_kabupaten": "Kabupaten Cirebon",
        "nama_kecamatan": "Talun",
        "nama_desa": "Cirebongirang",
        "kelas_nilai": 4,
        "range_nilai": "Rp 1.000.000–Rp 1.750.000",
        "nir_m2": 1350000,
        "rpbulat": 1350000,
        "penggunaan_dominan": "Permukiman Perdesaan & Lahan Pertanian Produktif",
        "jenis_zona": "Non Pertanian",
        "jumlah_sampel": 6,
        "nilai_tertinggi": 1593000,
        "nilai_terendah": 1161000,
        "simpangan_baku": 121500,
        "simpangan_baku_relatif": "13.2%",
        "kantor_pertanahan": "Kantor Pertanahan Kab. Cirebon",
        "tahun_penilaian": "2026",
        "warna_simbologi": "#def250",
        "foto_gallery": [
          {
            "url": "/images/foto_kawasan-znt-sumber.jpg",
            "caption": "Delineasi zona nilai tanah Cirebongirang (Talun): Kelas 4."
          },
          {
            "url": "/images/foto_kantor-desa-sindangjawa.png",
            "caption": "Dokumentasi pusat administrasi desa dan orientasi tata guna lahan Cirebongirang."
          },
          {
            "url": "/images/foto_pasar-sumber-cirebon.jpg",
            "caption": "Aktivitas ekonomi dan fasilitas pendukung di koridor Cirebongirang."
          }
        ]
      }
    },
    {
      "type": "Feature",
      "geometry": {
        "type": "Polygon",
        "coordinates": [
          [
            [
              108.49117427467309,
              -6.762776676302508
            ],
            [
              108.49121558862856,
              -6.763002330593054
            ],
            [
              108.49129292133131,
              -6.763020176739701
            ],
            [
              108.49132266460936,
              -6.76305586903311
            ],
            [
              108.491316715594,
              -6.763198637307198
            ],
            [
              108.491316715594,
              -6.763246225832631
            ],
            [
              108.49132266460936,
              -6.763293815257327
            ],
            [
              108.49132266460936,
              -6.763466325910144
            ],
            [
              108.4913345617407,
              -6.763555555744233
            ],
            [
              108.4913345617407,
              -6.763650734593682
            ],
            [
              108.491316715594,
              -6.76373401631173
            ],
            [
              108.4913345617407,
              -6.763864885655892
            ],
            [
              108.4913345617407,
              -6.763930321227292
            ],
            [
              108.49147138099949,
              -6.763971961636685
            ],
            [
              108.49162009738967,
              -6.763977909752668
            ],
            [
              108.49179260804249,
              -6.764013602046077
            ],
            [
              108.49191753016993,
              -6.764049294339429
            ],
            [
              108.49203650328207,
              -6.764102831880166
            ],
            [
              108.49210193795415,
              -6.764150421304862
            ],
            [
              108.49218521877287,
              -6.764221804992246
            ],
            [
              108.49225660335964,
              -6.764322931957679
            ],
            [
              108.49228634573831,
              -6.764459751216521
            ],
            [
              108.49228634573831,
              -6.764507339741897
            ],
            [
              108.49212573311615,
              -6.764584673343961
            ],
            [
              108.4920662456608,
              -6.764614415722633
            ],
            [
              108.4920042419023,
              -6.764659885445326
            ],
            [
              108.49200838238102,
              -6.76467782512151
            ],
            [
              108.49200838238102,
              -6.764887216971431
            ],
            [
              108.49201578290212,
              -6.764934584263585
            ],
            [
              108.49201865713536,
              -6.764935642765636
            ],
            [
              108.49214952737884,
              -6.765007027352397
            ],
            [
              108.49217926975757,
              -6.765084360055141
            ],
            [
              108.4921554763942,
              -6.765131948580517
            ],
            [
              108.49203065589012,
              -6.765179498435032
            ],
            [
              108.49202730321753,
              -6.765488427249068
            ],
            [
              108.49202596862364,
              -6.765611372666683
            ],
            [
              108.49198194770878,
              -6.76587538843836
            ],
            [
              108.49193061890298,
              -6.766183224576082
            ],
            [
              108.49193061400483,
              -6.766183226431673
            ],
            [
              108.49249000000013,
              -6.766171999999894
            ],
            [
              108.49327,
              -6.766054999999895
            ],
            [
              108.49333,
              -6.765899
            ],
            [
              108.493977,
              -6.765423
            ],
            [
              108.49425899900004,
              -6.76526000099993
            ],
            [
              108.494454,
              -6.765198
            ],
            [
              108.49472699900012,
              -6.76524699899992
            ],
            [
              108.495071,
              -6.765332
            ],
            [
              108.495363,
              -6.765336
            ],
            [
              108.495601,
              -6.765229
            ],
            [
              108.4956809990001,
              -6.765151
            ],
            [
              108.49615,
              -6.76469
            ],
            [
              108.496387,
              -6.764417
            ],
            [
              108.49682600100007,
              -6.764409
            ],
            [
              108.497501,
              -6.764375
            ],
            [
              108.498314,
              -6.764379
            ],
            [
              108.499077,
              -6.764308000999943
            ],
            [
              108.49996500100009,
              -6.764238
            ],
            [
              108.5,
              -6.764233138999966
            ],
            [
              108.500001,
              -6.764233
            ],
            [
              108.5002700000001,
              -6.764364000999958
            ],
            [
              108.500464,
              -6.764559
            ],
            [
              108.50063999900007,
              -6.764754000999986
            ],
            [
              108.50095299900003,
              -6.764999
            ],
            [
              108.501281,
              -6.765142
            ],
            [
              108.501719,
              -6.76517
            ],
            [
              108.5019799990001,
              -6.765133
            ],
            [
              108.502345,
              -6.764957
            ],
            [
              108.502705,
              -6.764581
            ],
            [
              108.5030319990001,
              -6.764099
            ],
            [
              108.50317,
              -6.763503
            ],
            [
              108.503314,
              -6.762932
            ],
            [
              108.50349,
              -6.762716
            ],
            [
              108.503902,
              -6.76242
            ],
            [
              108.504323,
              -6.762211
            ],
            [
              108.50465799900007,
              -6.762104
            ],
            [
              108.50515500100008,
              -6.761975
            ],
            [
              108.505752,
              -6.761844
            ],
            [
              108.506161,
              -6.761734998999948
            ],
            [
              108.506458,
              -6.761567
            ],
            [
              108.506577,
              -6.761027
            ],
            [
              108.50665400000011,
              -6.76053800099994
            ],
            [
              108.506714,
              -6.760094000999974
            ],
            [
              108.5067750010001,
              -6.759468000999959
            ],
            [
              108.50695699900005,
              -6.758902000999935
            ],
            [
              108.507293,
              -6.757631
            ],
            [
              108.507169,
              -6.757667
            ],
            [
              108.506917,
              -6.75774
            ],
            [
              108.506732,
              -6.757794001
            ],
            [
              108.506694,
              -6.757818
            ],
            [
              108.506002,
              -6.758016
            ],
            [
              108.505947,
              -6.75802
            ],
            [
              108.505782,
              -6.758071
            ],
            [
              108.50574826053104,
              -6.758204182180078
            ],
            [
              108.50574826057385,
              -6.758204182177224
            ],
            [
              108.50574539678865,
              -6.758215486431893
            ],
            [
              108.505728,
              -6.758284157999974
            ],
            [
              108.5057060000001,
              -6.758371
            ],
            [
              108.50566866076883,
              -6.758525091415114
            ],
            [
              108.50564568749854,
              -6.758619898289624
            ],
            [
              108.50564568699626,
              -6.7586198995031985
            ],
            [
              108.50556400100008,
              -6.758957000999956
            ],
            [
              108.50550078088425,
              -6.759219560888262
            ],
            [
              108.50550078063657,
              -6.759219563531985
            ],
            [
              108.50547218319281,
              -6.759338330152904
            ],
            [
              108.505453,
              -6.759418
            ],
            [
              108.5049778676316,
              -6.759548608451939
            ],
            [
              108.50478000009701,
              -6.759603000278219
            ],
            [
              108.50428199961465,
              -6.759677000093404
            ],
            [
              108.50423672234695,
              -6.759701932897826
            ],
            [
              108.5041032018014,
              -6.759775460569017
            ],
            [
              108.50392474213322,
              -6.759804014943313
            ],
            [
              108.50388904983981,
              -6.759768322649904
            ],
            [
              108.50388904983981,
              -6.75959700090084
            ],
            [
              108.50385335844578,
              -6.759454234425334
            ],
            [
              108.50385126032745,
              -6.75945261744431
            ],
            [
              108.50373315695138,
              -6.759361604325191
            ],
            [
              108.50362,
              -6.759423
            ],
            [
              108.502614,
              -6.759968
            ],
            [
              108.502104,
              -6.76036
            ],
            [
              108.50089,
              -6.760842
            ],
            [
              108.50035900100009,
              -6.760901
            ],
            [
              108.500001,
              -6.760876000999929
            ],
            [
              108.5,
              -6.760875762999909
            ],
            [
              108.49967600100007,
              -6.760798998999952
            ],
            [
              108.499208,
              -6.760642
            ],
            [
              108.497643,
              -6.760116
            ],
            [
              108.4966939269399,
              -6.76000706227414
            ],
            [
              108.49655400026694,
              -6.75999100108379
            ],
            [
              108.49655400001845,
              -6.7599910010020965
            ],
            [
              108.496554,
              -6.759991000999978
            ],
            [
              108.49655399872341,
              -6.759991000576329
            ],
            [
              108.49655380331541,
              -6.759990936332599
            ],
            [
              108.49632915806427,
              -6.760544105725842
            ],
            [
              108.49523968966002,
              -6.760610135749118
            ],
            [
              108.4952482557025,
              -6.761027018282221
            ],
            [
              108.49494368500314,
              -6.76112219623235
            ],
            [
              108.49444875660487,
              -6.761236410132199
            ],
            [
              108.4941441859055,
              -6.761407731881263
            ],
            [
              108.49398238168163,
              -6.761512428255912
            ],
            [
              108.49390126283305,
              -6.761546226577025
            ],
            [
              108.49375395388194,
              -6.761607606206042
            ],
            [
              108.49342558802056,
              -6.761793203793275
            ],
            [
              108.49329471777708,
              -6.761781306661931
            ],
            [
              108.49309439738857,
              -6.761769523744476
            ],
            [
              108.49309246384621,
              -6.761769410429906
            ],
            [
              108.49294969557207,
              -6.761828896086627
            ],
            [
              108.49279623975474,
              -6.761923331196726
            ],
            [
              108.49268202135823,
              -6.761959182670125
            ],
            [
              108.4921667943621,
              -6.762120905954987
            ],
            [
              108.49184820503069,
              -6.762137046987107
            ],
            [
              108.49150250203888,
              -6.762236492220268
            ],
            [
              108.49121971291947,
              -6.762473882663528
            ],
            [
              108.49121029431967,
              -6.762568867259347
            ],
            [
              108.49119757430867,
              -6.762642251038983
            ],
            [
              108.49117427467309,
              -6.762776676302508
            ]
          ]
        ]
      },
      "properties": {
        "object_id": 41,
        "kode_zona": "BT",
        "satuan_wilayah_provinsi": "Jawa Barat",
        "satuan_wilayah_kabupaten": "Kabupaten Cirebon",
        "nama_kecamatan": "Talun",
        "nama_desa": "Wanasaba Lor",
        "kelas_nilai": 5,
        "range_nilai": "Rp 1.750.000–Rp 2.750.000",
        "nir_m2": 2200000,
        "rpbulat": 2200000,
        "penggunaan_dominan": "Kawasan Permukiman Berkembang & Pasar Tradisional Talun",
        "jenis_zona": "Non Pertanian",
        "jumlah_sampel": 7,
        "nilai_tertinggi": 2596000,
        "nilai_terendah": 1892000,
        "simpangan_baku": 198000,
        "simpangan_baku_relatif": "8.2%",
        "kantor_pertanahan": "Kantor Pertanahan Kab. Cirebon",
        "tahun_penilaian": "2026",
        "warna_simbologi": "#ffdd50",
        "foto_gallery": [
          {
            "url": "/images/foto_kawasan-znt-sumber.jpg",
            "caption": "Delineasi zona nilai tanah Wanasaba Lor (Talun): Kelas 5."
          },
          {
            "url": "/images/foto_kantor-desa-sindangjawa.png",
            "caption": "Dokumentasi pusat administrasi desa dan orientasi tata guna lahan Wanasaba Lor."
          },
          {
            "url": "/images/foto_pasar-sumber-cirebon.jpg",
            "caption": "Aktivitas ekonomi dan fasilitas pendukung di koridor Wanasaba Lor."
          }
        ]
      }
    },
    {
      "type": "Feature",
      "geometry": {
        "type": "Polygon",
        "coordinates": [
          [
            [
              108.43881299900004,
              -6.769253
            ],
            [
              108.43899399900009,
              -6.769379
            ],
            [
              108.439125,
              -6.769396
            ],
            [
              108.43956600100007,
              -6.769436
            ],
            [
              108.439694999,
              -6.769692
            ],
            [
              108.43969299900002,
              -6.770078000999959
            ],
            [
              108.439636,
              -6.770496
            ],
            [
              108.43963400000011,
              -6.77085400099995
            ],
            [
              108.440225,
              -6.770672
            ],
            [
              108.44103200100005,
              -6.770408
            ],
            [
              108.442068,
              -6.770115
            ],
            [
              108.442905,
              -6.769911
            ],
            [
              108.44426600000011,
              -6.76968
            ],
            [
              108.445453,
              -6.769662
            ],
            [
              108.446392,
              -6.769741
            ],
            [
              108.447974,
              -6.769872
            ],
            [
              108.44930800000012,
              -6.770052
            ],
            [
              108.449784,
              -6.770086
            ],
            [
              108.450037,
              -6.77003900099993
            ],
            [
              108.450488,
              -6.769917000999961
            ],
            [
              108.450848,
              -6.769718
            ],
            [
              108.451439,
              -6.769323
            ],
            [
              108.451934,
              -6.769103
            ],
            [
              108.45238,
              -6.769006001
            ],
            [
              108.4532700000001,
              -6.768986
            ],
            [
              108.454135,
              -6.769164
            ],
            [
              108.455246,
              -6.769392
            ],
            [
              108.4561349990001,
              -6.769569
            ],
            [
              108.457198,
              -6.769748
            ],
            [
              108.45796399900009,
              -6.769826000999981
            ],
            [
              108.458261,
              -6.769803
            ],
            [
              108.45892100000013,
              -6.769725
            ],
            [
              108.45972599985132,
              -6.769554000031585
            ],
            [
              108.4597259998551,
              -6.769553999617358
            ],
            [
              108.46001999992313,
              -6.768919000011806
            ],
            [
              108.4600491944441,
              -6.768817290088268
            ],
            [
              108.460144,
              -6.768486998999947
            ],
            [
              108.46016520772523,
              -6.768428425619309
            ],
            [
              108.46020699955346,
              -6.768312999944953
            ],
            [
              108.46033602258944,
              -6.768144109063314
            ],
            [
              108.46038499876875,
              -6.768079999991983
            ],
            [
              108.4604589437968,
              -6.7680232106232605
            ],
            [
              108.46063500000011,
              -6.767888
            ],
            [
              108.460889,
              -6.767688
            ],
            [
              108.46093091817984,
              -6.767628721167174
            ],
            [
              108.46098799869725,
              -6.767547999740373
            ],
            [
              108.46098999968882,
              -6.767424000317305
            ],
            [
              108.46097199975804,
              -6.767284000156451
            ],
            [
              108.4610135943436,
              -6.767195917860609
            ],
            [
              108.46104,
              -6.76714
            ],
            [
              108.46104044451813,
              -6.767139570869029
            ],
            [
              108.46113012755342,
              -6.767052992201798
            ],
            [
              108.46129999959538,
              -6.766888999927346
            ],
            [
              108.46159879197276,
              -6.766715408330499
            ],
            [
              108.461688999,
              -6.766663
            ],
            [
              108.461862,
              -6.766556
            ],
            [
              108.46188907736749,
              -6.766530171959846
            ],
            [
              108.46192022963493,
              -6.766500456830556
            ],
            [
              108.46192699883198,
              -6.766493999698298
            ],
            [
              108.46192700078865,
              -6.766493999139247
            ],
            [
              108.46192707099266,
              -6.766493965353675
            ],
            [
              108.46192709236146,
              -6.766493944839624
            ],
            [
              108.46168797162267,
              -6.766154299681148
            ],
            [
              108.46162918923574,
              -6.766070805723075
            ],
            [
              108.46142581924624,
              -6.765783665683557
            ],
            [
              108.46134544143905,
              -6.765654655238109
            ],
            [
              108.46129777377331,
              -6.765578148112979
            ],
            [
              108.46127074644784,
              -6.765555444727966
            ],
            [
              108.46116975078343,
              -6.765470611679348
            ],
            [
              108.46111953983495,
              -6.76545619644628
            ],
            [
              108.46097851084966,
              -6.765415706269778
            ],
            [
              108.46059136709795,
              -6.765451342805193
            ],
            [
              108.46021000688637,
              -6.765444308308133
            ],
            [
              108.46006676197158,
              -6.76528599884972
            ],
            [
              108.45997265331533,
              -6.76515194320757
            ],
            [
              108.4598809647348,
              -6.764962751929431
            ],
            [
              108.45982205824146,
              -6.764720483563394
            ],
            [
              108.45980144667948,
              -6.764635716165344
            ],
            [
              108.45978617169453,
              -6.764559045363626
            ],
            [
              108.45980543337413,
              -6.764529395615057
            ],
            [
              108.45980879234196,
              -6.764524225412629
            ],
            [
              108.45986277414778,
              -6.764441137048777
            ],
            [
              108.46025426792016,
              -6.764297925408869
            ],
            [
              108.46054682907294,
              -6.764168610093236
            ],
            [
              108.46068748214162,
              -6.764066644060335
            ],
            [
              108.4607185591143,
              -6.763999649064488
            ],
            [
              108.46076554059727,
              -6.763898369214303
            ],
            [
              108.4607679939478,
              -6.763750720319422
            ],
            [
              108.46068906584776,
              -6.763565447387464
            ],
            [
              108.46064638042617,
              -6.763465245824364
            ],
            [
              108.46046696028208,
              -6.763228189928952
            ],
            [
              108.46026639797594,
              -6.763090072049124
            ],
            [
              108.46018889620063,
              -6.763036699983672
            ],
            [
              108.459893880798,
              -6.762924632765532
            ],
            [
              108.45979434293463,
              -6.762891586277647
            ],
            [
              108.4596071139772,
              -6.762829426936435
            ],
            [
              108.4594878620752,
              -6.762885800039612
            ],
            [
              108.45930642834907,
              -6.763022620197717
            ],
            [
              108.45909525134482,
              -6.763150516383178
            ],
            [
              108.45894058593933,
              -6.763418204986124
            ],
            [
              108.45868360376534,
              -6.763579611709645
            ],
            [
              108.45843328376907,
              -6.763568190319688
            ],
            [
              108.45836047285758,
              -6.763549631010619
            ],
            [
              108.4581434664479,
              -6.763486813365716
            ],
            [
              108.45807065463708,
              -6.763436844334876
            ],
            [
              108.45785507455213,
              -6.763342616968146
            ],
            [
              108.45770231481004,
              -6.763281228345988
            ],
            [
              108.45762093695674,
              -6.7632626681376
            ],
            [
              108.45751243285258,
              -6.763279800222563
            ],
            [
              108.4573584824081,
              -6.763276156169638
            ],
            [
              108.4572823386091,
              -6.763266637745062
            ],
            [
              108.4571395721336,
              -6.763191686447101
            ],
            [
              108.45705748111794,
              -6.763081041057148
            ],
            [
              108.45716812470926,
              -6.763052486682852
            ],
            [
              108.45732115784523,
              -6.763018771998702
            ],
            [
              108.45750005997985,
              -6.76291685722714
            ],
            [
              108.45758572130404,
              -6.762806212736507
            ],
            [
              108.4576892269763,
              -6.762638461295921
            ],
            [
              108.45773660236239,
              -6.762527704389981
            ],
            [
              108.45779132970614,
              -6.762449181884165
            ],
            [
              108.45786509299973,
              -6.762389695328125
            ],
            [
              108.45805544979925,
              -6.762375418590636
            ],
            [
              108.45826722215463,
              -6.762308794115484
            ],
            [
              108.45833146792296,
              -6.762265963003756
            ],
            [
              108.45846233816644,
              -6.762099401366243
            ],
            [
              108.458571792854,
              -6.761951874779129
            ],
            [
              108.45868402374873,
              -6.761758543022268
            ],
            [
              108.45895171415037,
              -6.761377830322544
            ],
            [
              108.45902309783776,
              -6.761324291882545
            ],
            [
              108.45909338165433,
              -6.76096349916611
            ],
            [
              108.4590800439519,
              -6.7609610082067855
            ],
            [
              108.45908,
              -6.760961
            ],
            [
              108.45907999990989,
              -6.760960999981468
            ],
            [
              108.45907999974224,
              -6.760960999950157
            ],
            [
              108.4579859987549,
              -6.76073600036608
            ],
            [
              108.45785888677824,
              -6.760698072358082
            ],
            [
              108.4572419986194,
              -6.760514000021033
            ],
            [
              108.4566003507765,
              -6.760246959687697
            ],
            [
              108.456389,
              -6.760159
            ],
            [
              108.455012,
              -6.759451
            ],
            [
              108.45442200000012,
              -6.759273
            ],
            [
              108.454072,
              -6.759206
            ],
            [
              108.453261,
              -6.759245
            ],
            [
              108.45256499900003,
              -6.759141998999986
            ],
            [
              108.4519690000001,
              -6.758768
            ],
            [
              108.451737,
              -6.758782
            ],
            [
              108.450635,
              -6.758289
            ],
            [
              108.449828,
              -6.758077
            ],
            [
              108.449782,
              -6.758245
            ],
            [
              108.44951400000011,
              -6.759169
            ],
            [
              108.449496,
              -6.75923
            ],
            [
              108.449363,
              -6.760827
            ],
            [
              108.449258,
              -6.76119
            ],
            [
              108.44914200100006,
              -6.761614
            ],
            [
              108.44907299900002,
              -6.761845999999895
            ],
            [
              108.44891400100002,
              -6.762149
            ],
            [
              108.44875899900008,
              -6.762309
            ],
            [
              108.448237,
              -6.762691
            ],
            [
              108.44813400100006,
              -6.762762
            ],
            [
              108.44809000100005,
              -6.762834
            ],
            [
              108.446856,
              -6.763537
            ],
            [
              108.445356,
              -6.764456
            ],
            [
              108.445358,
              -6.764461001
            ],
            [
              108.444747,
              -6.764445001
            ],
            [
              108.444581,
              -6.764419000999979
            ],
            [
              108.444423,
              -6.764394
            ],
            [
              108.44428800100006,
              -6.76437
            ],
            [
              108.44389800100004,
              -6.764256999999898
            ],
            [
              108.443284,
              -6.764061
            ],
            [
              108.442581,
              -6.763826
            ],
            [
              108.441352,
              -6.763416
            ],
            [
              108.44105000100002,
              -6.763346000999928
            ],
            [
              108.44079,
              -6.764936
            ],
            [
              108.440911,
              -6.765089999999898
            ],
            [
              108.441098,
              -6.765313
            ],
            [
              108.441352,
              -6.765569
            ],
            [
              108.441595,
              -6.765881
            ],
            [
              108.441826,
              -6.766204
            ],
            [
              108.44201300000013,
              -6.766537
            ],
            [
              108.44205399900005,
              -6.766705
            ],
            [
              108.441284,
              -6.76749
            ],
            [
              108.44080000100004,
              -6.767873
            ],
            [
              108.440382,
              -6.768272
            ],
            [
              108.440029,
              -6.768621
            ],
            [
              108.439586,
              -6.76889100099989
            ],
            [
              108.439118,
              -6.769122
            ],
            [
              108.43881299900004,
              -6.769253
            ]
          ]
        ]
      },
      "properties": {
        "object_id": 42,
        "kode_zona": "BU",
        "satuan_wilayah_provinsi": "Jawa Barat",
        "satuan_wilayah_kabupaten": "Kabupaten Cirebon",
        "nama_kecamatan": "Dukupuntang",
        "nama_desa": "Sindangjawa",
        "kelas_nilai": 4,
        "range_nilai": "Rp 1.000.000–Rp 1.750.000",
        "nir_m2": 1350000,
        "rpbulat": 1350000,
        "penggunaan_dominan": "Permukiman Perdesaan Asri & Sentra Agribisnis Buah",
        "jenis_zona": "Non Pertanian",
        "jumlah_sampel": 8,
        "nilai_tertinggi": 1593000,
        "nilai_terendah": 1161000,
        "simpangan_baku": 121500,
        "simpangan_baku_relatif": "9.2%",
        "kantor_pertanahan": "Kantor Pertanahan Kab. Cirebon",
        "tahun_penilaian": "2026",
        "warna_simbologi": "#def250",
        "foto_gallery": [
          {
            "url": "/images/foto_kawasan-znt-sumber.jpg",
            "caption": "Delineasi zona nilai tanah Sindangjawa (Dukupuntang): Kelas 4."
          },
          {
            "url": "/images/foto_kantor-desa-sindangjawa.png",
            "caption": "Dokumentasi pusat administrasi desa dan orientasi tata guna lahan Sindangjawa."
          },
          {
            "url": "/images/foto_pasar-sumber-cirebon.jpg",
            "caption": "Aktivitas ekonomi dan fasilitas pendukung di koridor Sindangjawa."
          }
        ]
      }
    },
    {
      "type": "Feature",
      "geometry": {
        "type": "Polygon",
        "coordinates": [
          [
            [
              108.4915730000001,
              -6.776397000999925
            ],
            [
              108.491674,
              -6.776875
            ],
            [
              108.49192,
              -6.777707
            ],
            [
              108.49202500000011,
              -6.777981
            ],
            [
              108.492129,
              -6.778135000999931
            ],
            [
              108.492384,
              -6.778509
            ],
            [
              108.4927420000001,
              -6.779134
            ],
            [
              108.492856,
              -6.779406
            ],
            [
              108.493021,
              -6.779684
            ],
            [
              108.493488,
              -6.780508000999898
            ],
            [
              108.493543,
              -6.780691
            ],
            [
              108.49355000100009,
              -6.780774
            ],
            [
              108.493679,
              -6.780989
            ],
            [
              108.4938,
              -6.781329
            ],
            [
              108.494156,
              -6.781698000999949
            ],
            [
              108.49441899900005,
              -6.781919000999938
            ],
            [
              108.49497500100004,
              -6.782244
            ],
            [
              108.495558,
              -6.782463000999918
            ],
            [
              108.496012,
              -6.782601000999968
            ],
            [
              108.496297,
              -6.782674
            ],
            [
              108.496987,
              -6.782777
            ],
            [
              108.497408,
              -6.782725
            ],
            [
              108.497805,
              -6.782625
            ],
            [
              108.498804,
              -6.78222
            ],
            [
              108.499466,
              -6.781916
            ],
            [
              108.5,
              -6.7815267299999
            ],
            [
              108.500001,
              -6.781526
            ],
            [
              108.50046,
              -6.781001
            ],
            [
              108.500675,
              -6.780507000999904
            ],
            [
              108.501012,
              -6.780217
            ],
            [
              108.501983,
              -6.779788
            ],
            [
              108.502348,
              -6.779752000999963
            ],
            [
              108.503091,
              -6.779509
            ],
            [
              108.50332200100011,
              -6.779591
            ],
            [
              108.504124,
              -6.780035
            ],
            [
              108.50429500100006,
              -6.780032
            ],
            [
              108.50464,
              -6.779757998999926
            ],
            [
              108.505404,
              -6.779312
            ],
            [
              108.506008,
              -6.778763
            ],
            [
              108.505965,
              -6.778446
            ],
            [
              108.505931,
              -6.778266
            ],
            [
              108.50591899900004,
              -6.778235
            ],
            [
              108.505831,
              -6.777816
            ],
            [
              108.505794,
              -6.777603
            ],
            [
              108.50576100100004,
              -6.777528000999979
            ],
            [
              108.505653,
              -6.777278998999982
            ],
            [
              108.504615,
              -6.777503
            ],
            [
              108.503742,
              -6.777416
            ],
            [
              108.50379,
              -6.77688
            ],
            [
              108.50381299900006,
              -6.776629000999936
            ],
            [
              108.50379000100011,
              -6.77625
            ],
            [
              108.50365000100007,
              -6.775608
            ],
            [
              108.50356299900007,
              -6.775334999999895
            ],
            [
              108.50346199900007,
              -6.775105
            ],
            [
              108.50316800100008,
              -6.773932
            ],
            [
              108.503001,
              -6.771959
            ],
            [
              108.5029870000001,
              -6.770767
            ],
            [
              108.50298400000013,
              -6.770325
            ],
            [
              108.502924,
              -6.770027
            ],
            [
              108.502883,
              -6.769912
            ],
            [
              108.503092,
              -6.769772
            ],
            [
              108.503311,
              -6.769741
            ],
            [
              108.503546,
              -6.769719
            ],
            [
              108.503897,
              -6.76942
            ],
            [
              108.5040699990001,
              -6.76941
            ],
            [
              108.504349,
              -6.769447
            ],
            [
              108.504496,
              -6.769418
            ],
            [
              108.504775,
              -6.769189
            ],
            [
              108.505359,
              -6.768266
            ],
            [
              108.505518,
              -6.768015998999967
            ],
            [
              108.505666,
              -6.767646
            ],
            [
              108.505801,
              -6.767310000999906
            ],
            [
              108.50597799900005,
              -6.766915
            ],
            [
              108.506166,
              -6.766616
            ],
            [
              108.50652200000012,
              -6.766179
            ],
            [
              108.50684,
              -6.765726
            ],
            [
              108.50719,
              -6.764988000999985
            ],
            [
              108.50731200000011,
              -6.764517
            ],
            [
              108.507346,
              -6.764303000999973
            ],
            [
              108.50743,
              -6.763993001
            ],
            [
              108.506899,
              -6.763698
            ],
            [
              108.506537,
              -6.763686998999987
            ],
            [
              108.506223,
              -6.763625001
            ],
            [
              108.505882,
              -6.763438
            ],
            [
              108.50559099900009,
              -6.763288001000014
            ],
            [
              108.505209,
              -6.763234000999987
            ],
            [
              108.50484,
              -6.763479
            ],
            [
              108.50444299900005,
              -6.763937
            ],
            [
              108.50415400000011,
              -6.764131000999953
            ],
            [
              108.50375399900007,
              -6.764426000999936
            ],
            [
              108.503513,
              -6.764842999999889
            ],
            [
              108.503222,
              -6.765836
            ],
            [
              108.502938,
              -6.766897
            ],
            [
              108.502834,
              -6.767867
            ],
            [
              108.50272599900009,
              -6.768956
            ],
            [
              108.502598,
              -6.769696
            ],
            [
              108.502618,
              -6.770258
            ],
            [
              108.502628,
              -6.7705
            ],
            [
              108.502633,
              -6.771062
            ],
            [
              108.502672,
              -6.771686
            ],
            [
              108.50269300000012,
              -6.77211
            ],
            [
              108.502808,
              -6.772532000999966
            ],
            [
              108.50285500000011,
              -6.772967998999981
            ],
            [
              108.502788,
              -6.773338
            ],
            [
              108.502575,
              -6.773611
            ],
            [
              108.502149,
              -6.773558
            ],
            [
              108.50189,
              -6.773138
            ],
            [
              108.501385,
              -6.772586999999898
            ],
            [
              108.50111400100012,
              -6.772151
            ],
            [
              108.500695,
              -6.771230000999974
            ],
            [
              108.50057200100004,
              -6.771035
            ],
            [
              108.500473,
              -6.770906
            ],
            [
              108.500207,
              -6.77103
            ],
            [
              108.500001,
              -6.771173000999966
            ],
            [
              108.5,
              -6.771173730999937
            ],
            [
              108.499975,
              -6.771192
            ],
            [
              108.499792,
              -6.771319
            ],
            [
              108.49965800100009,
              -6.771232998999956
            ],
            [
              108.499533,
              -6.771145
            ],
            [
              108.499496,
              -6.77113000099996
            ],
            [
              108.499088,
              -6.771006
            ],
            [
              108.49774500100008,
              -6.770759
            ],
            [
              108.4976539990001,
              -6.770826
            ],
            [
              108.49748900000013,
              -6.771036001
            ],
            [
              108.497437,
              -6.771095998999989
            ],
            [
              108.497297,
              -6.771342
            ],
            [
              108.496921,
              -6.772117
            ],
            [
              108.49683,
              -6.772306
            ],
            [
              108.496627,
              -6.772460998999954
            ],
            [
              108.49655999900008,
              -6.77249
            ],
            [
              108.496419,
              -6.772551
            ],
            [
              108.49511799900006,
              -6.772547
            ],
            [
              108.49497200100005,
              -6.772547
            ],
            [
              108.49471099900005,
              -6.772534
            ],
            [
              108.49377900000012,
              -6.772487
            ],
            [
              108.493385,
              -6.772467
            ],
            [
              108.493169,
              -6.772457000999978
            ],
            [
              108.492978,
              -6.77244
            ],
            [
              108.492726,
              -6.772418000999949
            ],
            [
              108.492402,
              -6.772402
            ],
            [
              108.492241,
              -6.772851
            ],
            [
              108.491886,
              -6.773707000999931
            ],
            [
              108.49185600100007,
              -6.773855
            ],
            [
              108.49182100000012,
              -6.774034
            ],
            [
              108.491689,
              -6.774643
            ],
            [
              108.49174599900003,
              -6.77485
            ],
            [
              108.491784,
              -6.775179
            ],
            [
              108.49170200000012,
              -6.77555
            ],
            [
              108.49161300000013,
              -6.775877
            ],
            [
              108.491593,
              -6.776056
            ],
            [
              108.4915730000001,
              -6.776397000999925
            ]
          ]
        ]
      },
      "properties": {
        "object_id": 43,
        "kode_zona": "BV",
        "satuan_wilayah_provinsi": "Jawa Barat",
        "satuan_wilayah_kabupaten": "Kabupaten Cirebon",
        "nama_kecamatan": "Talun",
        "nama_desa": "Krandon",
        "kelas_nilai": 3,
        "range_nilai": "Rp 500.000–Rp 1.000.000",
        "nir_m2": 750000,
        "rpbulat": 750000,
        "penggunaan_dominan": "Permukiman Kepadatan Rendah & Persawahan Irigasi",
        "jenis_zona": "Pertanian",
        "jumlah_sampel": 5,
        "nilai_tertinggi": 885000,
        "nilai_terendah": 645000,
        "simpangan_baku": 67500,
        "simpangan_baku_relatif": "10.2%",
        "kantor_pertanahan": "Kantor Pertanahan Kab. Cirebon",
        "tahun_penilaian": "2026",
        "warna_simbologi": "#9bd950",
        "foto_gallery": [
          {
            "url": "/images/foto_kawasan-znt-sumber.jpg",
            "caption": "Delineasi zona nilai tanah Krandon (Talun): Kelas 3."
          },
          {
            "url": "/images/foto_kantor-desa-sindangjawa.png",
            "caption": "Dokumentasi pusat administrasi desa dan orientasi tata guna lahan Krandon."
          },
          {
            "url": "/images/foto_pasar-sumber-cirebon.jpg",
            "caption": "Aktivitas ekonomi dan fasilitas pendukung di koridor Krandon."
          }
        ]
      }
    },
    {
      "type": "Feature",
      "geometry": {
        "type": "MultiPolygon",
        "coordinates": [
          [
            [
              [
                108.446689,
                -6.775324
              ],
              [
                108.4467005098623,
                -6.775403609880856
              ],
              [
                108.44668900029717,
                -6.775324000402236
              ],
              [
                108.44674979823354,
                -6.775236737368305
              ],
              [
                108.446689,
                -6.775324
              ]
            ]
          ],
          [
            [
              [
                108.4467009999631,
                -6.775406999744747
              ],
              [
                108.446701,
                -6.775407
              ],
              [
                108.44673448263761,
                -6.775439616707329
              ],
              [
                108.4467009999631,
                -6.775406999744747
              ]
            ]
          ],
          [
            [
              [
                108.4468594865127,
                -6.775149006711651
              ],
              [
                108.44699500001929,
                -6.775065000149596
              ],
              [
                108.44707122091944,
                -6.775033636218028
              ],
              [
                108.446995,
                -6.775065
              ],
              [
                108.4468594865127,
                -6.775149006711651
              ]
            ]
          ],
          [
            [
              [
                108.44700366753054,
                -6.7757177560380555
              ],
              [
                108.44712000100009,
                -6.775841
              ],
              [
                108.447156,
                -6.776018
              ],
              [
                108.44725400100008,
                -6.776515
              ],
              [
                108.44742614891244,
                -6.776805453484193
              ],
              [
                108.4472540011713,
                -6.776514999567553
              ],
              [
                108.44715600024927,
                -6.776018000030604
              ],
              [
                108.44712000128709,
                -6.775840999962156
              ],
              [
                108.44700366753054,
                -6.7757177560380555
              ]
            ]
          ],
          [
            [
              [
                108.44786799996504,
                -6.775097999981654
              ],
              [
                108.4481239999227,
                -6.775275999987343
              ],
              [
                108.44814396763182,
                -6.775284418785308
              ],
              [
                108.448124,
                -6.775276
              ],
              [
                108.447868,
                -6.775098
              ],
              [
                108.44786799996504,
                -6.775097999981654
              ]
            ]
          ],
          [
            [
              [
                108.447953,
                -6.779338
              ],
              [
                108.448075,
                -6.780349
              ],
              [
                108.44827834475414,
                -6.780713676129339
              ],
              [
                108.44807500036103,
                -6.780349000106241
              ],
              [
                108.44796536760771,
                -6.779440486988847
              ],
              [
                108.4479530001309,
                -6.779338000248458
              ],
              [
                108.44798871220934,
                -6.778517278949209
              ],
              [
                108.4480074721133,
                -6.778086131798509
              ],
              [
                108.447953,
                -6.779338
              ]
            ]
          ],
          [
            [
              [
                108.44799400100624,
                -6.777743001147229
              ],
              [
                108.4480069325497,
                -6.778048760696297
              ],
              [
                108.44800174068786,
                -6.777925996287649
              ],
              [
                108.44799400112231,
                -6.777743001338422
              ],
              [
                108.44799400100624,
                -6.777743001147229
              ]
            ]
          ],
          [
            [
              [
                108.448306,
                -6.773894
              ],
              [
                108.4483460000001,
                -6.7742
              ],
              [
                108.44842517076833,
                -6.7743640431442
              ],
              [
                108.44834600026775,
                -6.774199999830103
              ],
              [
                108.4483060002218,
                -6.773894000107987
              ],
              [
                108.44833000042922,
                -6.773709999716687
              ],
              [
                108.44841856459645,
                -6.77356948886139
              ],
              [
                108.44833,
                -6.77371
              ],
              [
                108.448306,
                -6.773894
              ]
            ]
          ],
          [
            [
              [
                108.44843399990445,
                -6.773545000151599
              ],
              [
                108.44861494792156,
                -6.773424714079226
              ],
              [
                108.44874913216677,
                -6.773517159888968
              ],
              [
                108.4489361812598,
                -6.773590925880455
              ],
              [
                108.44917148707452,
                -6.773683722425801
              ],
              [
                108.44944512469283,
                -6.77377890127525
              ],
              [
                108.44976635083646,
                -6.773862182093978
              ],
              [
                108.45025414221493,
                -6.773969258074771
              ],
              [
                108.45092039056362,
                -6.774064436024844
              ],
              [
                108.45144387243681,
                -6.774242894793701
              ],
              [
                108.45194355824867,
                -6.774349971673814
              ],
              [
                108.45245514299052,
                -6.774433251593223
              ],
              [
                108.45287154888291,
                -6.774504636179984
              ],
              [
                108.45310949420787,
                -6.774766376666889
              ],
              [
                108.45333554330074,
                -6.774659301585473
              ],
              [
                108.4535972837877,
                -6.774504637079303
              ],
              [
                108.45391851083065,
                -6.77461171216072
              ],
              [
                108.45425163590431,
                -6.774813966990962
              ],
              [
                108.45466453803806,
                -6.774612739186523
              ],
              [
                108.45525681355116,
                -6.774141122115054
              ],
              [
                108.45547075057476,
                -6.773703824971506
              ],
              [
                108.45554871100427,
                -6.773220880938879
              ],
              [
                108.45550689972373,
                -6.772796692313477
              ],
              [
                108.4554988849656,
                -6.772429836367792
              ],
              [
                108.45568523888272,
                -6.772063808697794
              ],
              [
                108.45603139603219,
                -6.771763483697782
              ],
              [
                108.45639551713947,
                -6.771627570056239
              ],
              [
                108.45673542489999,
                -6.771585755178421
              ],
              [
                108.45699379562723,
                -6.771757479823805
              ],
              [
                108.45715633010059,
                -6.771941664576104
              ],
              [
                108.45737786459682,
                -6.772173821864328
              ],
              [
                108.45754751540557,
                -6.772337258357766
              ],
              [
                108.45813384190336,
                -6.772413546947575
              ],
              [
                108.45833887473935,
                -6.7723159417273
              ],
              [
                108.45846324108578,
                -6.772256737558337
              ],
              [
                108.45862553633947,
                -6.771867409353433
              ],
              [
                108.45867702432525,
                -6.771639168612694
              ],
              [
                108.4585520230575,
                -6.771307723472603
              ],
              [
                108.45852829804261,
                -6.77124481499618
              ],
              [
                108.45844444615432,
                -6.770927047645102
              ],
              [
                108.45888003998192,
                -6.770720933824009
              ],
              [
                108.45959306117089,
                -6.770620625241634
              ],
              [
                108.45973279333379,
                -6.770600967860332
              ],
              [
                108.45992769620625,
                -6.770512291109299
              ],
              [
                108.4598240916086,
                -6.77013341932178
              ],
              [
                108.45978948839422,
                -6.770084750710623
              ],
              [
                108.45972201405976,
                -6.769989850651029
              ],
              [
                108.45972599985132,
                -6.769554000031585
              ],
              [
                108.45892100000013,
                -6.769725
              ],
              [
                108.458261,
                -6.769803
              ],
              [
                108.45796399900009,
                -6.769826000999981
              ],
              [
                108.457198,
                -6.769748
              ],
              [
                108.4561349990001,
                -6.769569
              ],
              [
                108.455246,
                -6.769392
              ],
              [
                108.454135,
                -6.769164
              ],
              [
                108.4532700000001,
                -6.768986
              ],
              [
                108.45238,
                -6.769006001
              ],
              [
                108.451934,
                -6.769103
              ],
              [
                108.451439,
                -6.769323
              ],
              [
                108.450848,
                -6.769718
              ],
              [
                108.450488,
                -6.769917000999961
              ],
              [
                108.450037,
                -6.77003900099993
              ],
              [
                108.449784,
                -6.770086
              ],
              [
                108.449832,
                -6.7703
              ],
              [
                108.449774,
                -6.7706
              ],
              [
                108.449657,
                -6.770781
              ],
              [
                108.4494700000001,
                -6.77106
              ],
              [
                108.449456,
                -6.771203
              ],
              [
                108.449493,
                -6.771585
              ],
              [
                108.449533,
                -6.771961
              ],
              [
                108.449488,
                -6.772695998999946
              ],
              [
                108.449366,
                -6.772927
              ],
              [
                108.44913199900012,
                -6.773081
              ],
              [
                108.448434,
                -6.773545
              ],
              [
                108.44843399990445,
                -6.773545000151599
              ]
            ]
          ],
          [
            [
              [
                108.44858089627469,
                -6.781133369856381
              ],
              [
                108.448693,
                -6.781238
              ],
              [
                108.44900800100007,
                -6.781563
              ],
              [
                108.44900800124746,
                -6.78156300001628
              ],
              [
                108.44900800111844,
                -6.781562999432822
              ],
              [
                108.44869300008196,
                -6.781237999733833
              ],
              [
                108.44858089627469,
                -6.781133369856381
              ]
            ]
          ],
          [
            [
              [
                108.44858835327787,
                -6.775297237695995
              ],
              [
                108.4486020003821,
                -6.775289998834353
              ],
              [
                108.44867400010509,
                -6.775168000402857
              ],
              [
                108.4486920000358,
                -6.775004000034528
              ],
              [
                108.44868977058026,
                -6.774989906882324
              ],
              [
                108.448692,
                -6.775004
              ],
              [
                108.448674,
                -6.775168
              ],
              [
                108.448602,
                -6.775289998999902
              ],
              [
                108.44858835327787,
                -6.775297237695995
              ]
            ]
          ],
          [
            [
              [
                108.4600491944441,
                -6.768817290088268
              ],
              [
                108.46014400024546,
                -6.768486998975789
              ],
              [
                108.46016520772523,
                -6.768428425619309
              ],
              [
                108.460144,
                -6.768486998999947
              ],
              [
                108.4600491944441,
                -6.768817290088268
              ]
            ]
          ],
          [
            [
              [
                108.4604589437968,
                -6.7680232106232605
              ],
              [
                108.46063500040498,
                -6.767888000131052
              ],
              [
                108.46088900042707,
                -6.767687999901227
              ],
              [
                108.46093091817984,
                -6.767628721167174
              ],
              [
                108.460889,
                -6.767688
              ],
              [
                108.46063500000011,
                -6.767888
              ],
              [
                108.4604589437968,
                -6.7680232106232605
              ]
            ]
          ],
          [
            [
              [
                108.4610135943436,
                -6.767195917860609
              ],
              [
                108.46104000019591,
                -6.767139999811093
              ],
              [
                108.46104044451813,
                -6.767139570869029
              ],
              [
                108.46104,
                -6.76714
              ],
              [
                108.4610135943436,
                -6.767195917860609
              ]
            ]
          ],
          [
            [
              [
                108.46159879197276,
                -6.766715408330499
              ],
              [
                108.46168899864841,
                -6.766663000297171
              ],
              [
                108.46186200033111,
                -6.766555999859463
              ],
              [
                108.46188907736749,
                -6.766530171959846
              ],
              [
                108.461862,
                -6.766556
              ],
              [
                108.461688999,
                -6.766663
              ],
              [
                108.46159879197276,
                -6.766715408330499
              ]
            ]
          ],
          [
            [
              [
                108.46192700078865,
                -6.766493999139247
              ],
              [
                108.46192703660353,
                -6.766493988906404
              ],
              [
                108.46192706987841,
                -6.766493966423354
              ],
              [
                108.46192707099266,
                -6.766493965353675
              ],
              [
                108.46192700078865,
                -6.766493999139247
              ]
            ]
          ],
          [
            [
              [
                108.4632579999568,
                -6.769352000194601
              ],
              [
                108.46423600009138,
                -6.770028999938347
              ],
              [
                108.46446699995215,
                -6.770188000076075
              ],
              [
                108.4632579999568,
                -6.769352000194601
              ]
            ]
          ],
          [
            [
              [
                108.46724234077486,
                -6.791541417446712
              ],
              [
                108.46724237279611,
                -6.791541405350944
              ],
              [
                108.46752935299997,
                -6.791432273999966
              ],
              [
                108.46766622489685,
                -6.791411379133055
              ],
              [
                108.46752935339703,
                -6.791432273780345
              ],
              [
                108.46724273136704,
                -6.791541268914386
              ],
              [
                108.46724234077486,
                -6.791541417446712
              ]
            ]
          ],
          [
            [
              [
                108.46950669744047,
                -6.791510969524677
              ],
              [
                108.46985025755332,
                -6.791710741522252
              ],
              [
                108.46985028225188,
                -6.791710755749236
              ],
              [
                108.46950669744047,
                -6.791510969524677
              ]
            ]
          ],
          [
            [
              [
                108.47058516697194,
                -6.775412556644142
              ],
              [
                108.4707905577381,
                -6.775508480132203
              ],
              [
                108.47138678307363,
                -6.775786935418694
              ],
              [
                108.47161521087332,
                -6.775977292218215
              ],
              [
                108.47184363867302,
                -6.776224755967689
              ],
              [
                108.47212917522131,
                -6.776319934817082
              ],
              [
                108.47249085287064,
                -6.776472219717107
              ],
              [
                108.47273831662005,
                -6.776643540566909
              ],
              [
                108.4730999951687,
                -6.776852934215469
              ],
              [
                108.47344263686824,
                -6.776986184065095
              ],
              [
                108.47365202961754,
                -6.777043291015048
              ],
              [
                108.47393756526651,
                -6.777043291015048
              ],
              [
                108.47410888611626,
                -6.777005219115495
              ],
              [
                108.47424213596588,
                -6.776948112165599
              ],
              [
                108.47447056376558,
                -6.776948112165599
              ],
              [
                108.47458477766543,
                -6.777252682864969
              ],
              [
                108.47475609941449,
                -6.777633397363331
              ],
              [
                108.47485127826394,
                -6.777995075012655
              ],
              [
                108.47532716981311,
                -6.778490003410866
              ],
              [
                108.47530813386334,
                -6.778699396160164
              ],
              [
                108.47534620576283,
                -6.779003966859534
              ],
              [
                108.47544138371296,
                -6.779213358709512
              ],
              [
                108.47570788431148,
                -6.779403716408353
              ],
              [
                108.47614570486047,
                -6.779708287107724
              ],
              [
                108.47622184686082,
                -6.779860572907069
              ],
              [
                108.47643123961006,
                -6.780184178656896
              ],
              [
                108.47671677525904,
                -6.780374536355737
              ],
              [
                108.47692616800833,
                -6.780602965054754
              ],
              [
                108.47724977465742,
                -6.780793320954956
              ],
              [
                108.47736398855727,
                -6.780831392854452
              ],
              [
                108.47780181000559,
                -6.780926570804525
              ],
              [
                108.47827770155476,
                -6.780983677754477
              ],
              [
                108.47871552300302,
                -6.781002713704254
              ],
              [
                108.47898202180295,
                -6.780907535754125
              ],
              [
                108.47972441395058,
                -6.780907535754125
              ],
              [
                108.48020030639907,
                -6.780850427904852
              ],
              [
                108.48035259219841,
                -6.780850427904852
              ],
              [
                108.48056198404839,
                -6.781002713704254
              ],
              [
                108.48077417728649,
                -6.781234198299558
              ],
              [
                108.48098076864761,
                -6.781459570202969
              ],
              [
                108.48118225815477,
                -6.7817754588703
              ],
              [
                108.48119299156338,
                -6.781805152685592
              ],
              [
                108.48127106440813,
                -6.782021123076333
              ],
              [
                108.48134244809557,
                -6.782178168087967
              ],
              [
                108.48135672393374,
                -6.7823637656752
              ],
              [
                108.4812853402463,
                -6.782549364161753
              ],
              [
                108.4812282332964,
                -6.782734961749043
              ],
              [
                108.4812282332964,
                -6.782906282598844
              ],
              [
                108.48114068879181,
                -6.783003554170648
              ],
              [
                108.48074382786541,
                -6.783840603560975
              ],
              [
                108.48065857843073,
                -6.784020411312895
              ],
              [
                108.48055938860495,
                -6.784201938568572
              ],
              [
                108.48054294899794,
                -6.784232026286929
              ],
              [
                108.48047909533403,
                -6.784348887790884
              ],
              [
                108.48046368095419,
                -6.784377095026855
              ],
              [
                108.48098604856733,
                -6.784965263336176
              ],
              [
                108.48102108075835,
                -6.785004707601104
              ],
              [
                108.48105861486323,
                -6.785032799723865
              ],
              [
                108.48146264878227,
                -6.785335185070664
              ],
              [
                108.48175085631703,
                -6.785550885664804
              ],
              [
                108.48181968233251,
                -6.78560239613364
              ],
              [
                108.4818232166682,
                -6.785605041939107
              ],
              [
                108.48184689311967,
                -6.785695011015889
              ],
              [
                108.48204140478708,
                -6.785841885594493
              ],
              [
                108.48231326804296,
                -6.786047171140012
              ],
              [
                108.48240844599303,
                -6.786199456939357
              ],
              [
                108.48250362484248,
                -6.786475474163751
              ],
              [
                108.48257976684283,
                -6.786665830963273
              ],
              [
                108.48263240506151,
                -6.786697085102332
              ],
              [
                108.48285039982613,
                -6.786767983155869
              ],
              [
                108.4834850810717,
                -6.787158179206585
              ],
              [
                108.4837425623694,
                -6.787449425550506
              ],
              [
                108.48428023914181,
                -6.788057612768569
              ],
              [
                108.48456012435031,
                -6.788374200209148
              ],
              [
                108.48590177704546,
                -6.788967429003606
              ],
              [
                108.48604195167479,
                -6.78902940937968
              ],
              [
                108.48604313661816,
                -6.789030080967484
              ],
              [
                108.486285,
                -6.788285
              ],
              [
                108.48647599900009,
                -6.787453
              ],
              [
                108.486494,
                -6.787382
              ],
              [
                108.486712,
                -6.786994
              ],
              [
                108.486807,
                -6.786893
              ],
              [
                108.487282,
                -6.786792000999988
              ],
              [
                108.487511,
                -6.786761
              ],
              [
                108.487936,
                -6.786074
              ],
              [
                108.488013,
                -6.785858
              ],
              [
                108.488009,
                -6.785052
              ],
              [
                108.488069,
                -6.78472
              ],
              [
                108.488258,
                -6.784373
              ],
              [
                108.488427,
                -6.784163
              ],
              [
                108.488548,
                -6.784056
              ],
              [
                108.48865278900007,
                -6.784034579000011
              ],
              [
                108.48876336500007,
                -6.784011975999917
              ],
              [
                108.48891,
                -6.783982
              ],
              [
                108.48932992000006,
                -6.784032446999923
              ],
              [
                108.48950099900009,
                -6.784053
              ],
              [
                108.489762,
                -6.784098
              ],
              [
                108.489988,
                -6.784059
              ],
              [
                108.49021,
                -6.783945000999971
              ],
              [
                108.490302999,
                -6.783862
              ],
              [
                108.49033600100007,
                -6.783173
              ],
              [
                108.490332,
                -6.782752000999938
              ],
              [
                108.4904640000001,
                -6.782225000999944
              ],
              [
                108.490487,
                -6.782102
              ],
              [
                108.490423,
                -6.781922
              ],
              [
                108.490004,
                -6.78149000099997
              ],
              [
                108.489432,
                -6.780906
              ],
              [
                108.4891920000001,
                -6.780687000999965
              ],
              [
                108.488904,
                -6.780596
              ],
              [
                108.48876534200006,
                -6.780664893999912
              ],
              [
                108.48842500100005,
                -6.780834
              ],
              [
                108.488243,
                -6.780934
              ],
              [
                108.488103,
                -6.780929
              ],
              [
                108.487674,
                -6.780956
              ],
              [
                108.487104,
                -6.780801
              ],
              [
                108.4868670000001,
                -6.780798
              ],
              [
                108.48641500000011,
                -6.780872
              ],
              [
                108.48603300000012,
                -6.780935
              ],
              [
                108.485427,
                -6.780912
              ],
              [
                108.4851280000001,
                -6.780866
              ],
              [
                108.484717,
                -6.780829
              ],
              [
                108.484401,
                -6.780879
              ],
              [
                108.484149,
                -6.780974
              ],
              [
                108.483775,
                -6.781234001000016
              ],
              [
                108.483472,
                -6.781500000999909
              ],
              [
                108.48268,
                -6.781449
              ],
              [
                108.48237,
                -6.781394
              ],
              [
                108.48190500100007,
                -6.78129
              ],
              [
                108.481611,
                -6.781103
              ],
              [
                108.481379,
                -6.7809
              ],
              [
                108.481209,
                -6.78041
              ],
              [
                108.481158,
                -6.780104000999955
              ],
              [
                108.481157,
                -6.780103
              ],
              [
                108.48103500000012,
                -6.779873
              ],
              [
                108.480943,
                -6.779626
              ],
              [
                108.480871,
                -6.779194
              ],
              [
                108.48087300000012,
                -6.779009000999949
              ],
              [
                108.48087300000012,
                -6.779007000999961
              ],
              [
                108.480819001,
                -6.778597
              ],
              [
                108.480717,
                -6.778413
              ],
              [
                108.48050500100005,
                -6.778113
              ],
              [
                108.480369,
                -6.77786
              ],
              [
                108.48021499900004,
                -6.777607000999943
              ],
              [
                108.47976899900009,
                -6.776951
              ],
              [
                108.479512,
                -6.776431
              ],
              [
                108.47945600000011,
                -6.775970000999944
              ],
              [
                108.478337,
                -6.775868
              ],
              [
                108.4775300000001,
                -6.775778
              ],
              [
                108.47665,
                -6.77547
              ],
              [
                108.47580373700384,
                -6.775010558611703
              ],
              [
                108.4754730011781,
                -6.774831000150471
              ],
              [
                108.47547300112434,
                -6.774831000067466
              ],
              [
                108.47547300100008,
                -6.774831
              ],
              [
                108.47446140607408,
                -6.774173661385305
              ],
              [
                108.47431589925941,
                -6.774173661385305
              ],
              [
                108.47131777809307,
                -6.774851806865342
              ],
              [
                108.4708577442895,
                -6.775203922023309
              ],
              [
                108.47058516697194,
                -6.775412556644142
              ]
            ]
          ],
          [
            [
              [
                108.47124773483834,
                -6.792747876389025
              ],
              [
                108.47124778023179,
                -6.792747917196486
              ],
              [
                108.4714584840001,
                -6.792936227999881
              ],
              [
                108.47175874804137,
                -6.793261316927037
              ],
              [
                108.47175879263314,
                -6.793261365001773
              ],
              [
                108.47145848422173,
                -6.792936228024473
              ],
              [
                108.47124773483834,
                -6.792747876389025
              ]
            ]
          ],
          [
            [
              [
                108.47253885700263,
                -6.794123704361912
              ],
              [
                108.47253886032254,
                -6.794123708592139
              ],
              [
                108.47261816700004,
                -6.79422222599997
              ],
              [
                108.47266334575816,
                -6.7942799435762575
              ],
              [
                108.4726181671947,
                -6.794222226174725
              ],
              [
                108.47253885700263,
                -6.794123704361912
              ]
            ]
          ],
          [
            [
              [
                108.47350260113295,
                -6.795221985071728
              ],
              [
                108.47375492800003,
                -6.795507788999934
              ],
              [
                108.47396769822475,
                -6.795747365627804
              ],
              [
                108.4739677261041,
                -6.79574739671031
              ],
              [
                108.47375492824739,
                -6.795507789053147
              ],
              [
                108.47350260113295,
                -6.795221985071728
              ]
            ]
          ],
          [
            [
              [
                108.47433360329536,
                -6.796155498687925
              ],
              [
                108.47433362494932,
                -6.796155522866567
              ],
              [
                108.4744492000001,
                -6.796281708999931
              ],
              [
                108.47528845300018,
                -6.79718673199994
              ],
              [
                108.47554950151637,
                -6.797395788418514
              ],
              [
                108.47553151646639,
                -6.79738138534259
              ],
              [
                108.47528845309967,
                -6.797186731582372
              ],
              [
                108.47477201201878,
                -6.79662981831143
              ],
              [
                108.47450676687384,
                -6.796343787136038
              ],
              [
                108.47444920037037,
                -6.796281708733829
              ],
              [
                108.47433360329536,
                -6.796155498687925
              ]
            ]
          ],
          [
            [
              [
                108.47777700040831,
                -6.799093999388504
              ],
              [
                108.47777792781503,
                -6.799094094684813
              ],
              [
                108.47803046429756,
                -6.79911989419104
              ],
              [
                108.47828640650847,
                -6.799145939628474
              ],
              [
                108.47828640698076,
                -6.799145939558506
              ],
              [
                108.47777700040831,
                -6.799093999388504
              ]
            ]
          ],
          [
            [
              [
                108.47824849711445,
                -6.799142168750979
              ],
              [
                108.47824873692056,
                -6.799142193249931
              ],
              [
                108.47828606720547,
                -6.799145989895507
              ],
              [
                108.47828606729034,
                -6.799145989882934
              ],
              [
                108.47824849711445,
                -6.799142168750979
              ]
            ]
          ],
          [
            [
              [
                108.47922389795009,
                -6.798916312724759
              ],
              [
                108.47922391345946,
                -6.798916305572568
              ],
              [
                108.47933200199998,
                -6.798866157999985
              ],
              [
                108.4794523876166,
                -6.798768123949945
              ],
              [
                108.47933200197036,
                -6.798866157946804
              ],
              [
                108.47922389795009,
                -6.798916312724759
              ]
            ]
          ],
          [
            [
              [
                108.47959138503677,
                -6.798654933576386
              ],
              [
                108.47959142600013,
                -6.798654899999914
              ],
              [
                108.47985844300011,
                -6.797959225999907
              ],
              [
                108.47999690165014,
                -6.797620893759356
              ],
              [
                108.47985844261308,
                -6.797959225837531
              ],
              [
                108.47959708074075,
                -6.798640166410507
              ],
              [
                108.47959142580373,
                -6.798654900003612
              ],
              [
                108.47959138503677,
                -6.798654933576386
              ]
            ]
          ],
          [
            [
              [
                108.48036681728668,
                -6.796654005019385
              ],
              [
                108.4803668179188,
                -6.796654003727422
              ],
              [
                108.4803868199672,
                -6.79661042236507
              ],
              [
                108.48038463594224,
                -6.796615180945821
              ],
              [
                108.48036681728668,
                -6.796654005019385
              ]
            ]
          ],
          [
            [
              [
                108.48162464830433,
                -6.795927482469315
              ],
              [
                108.4816247121459,
                -6.79592745857618
              ],
              [
                108.48165846226237,
                -6.795914738021882
              ],
              [
                108.48165846336322,
                -6.795914737396649
              ],
              [
                108.48162464830433,
                -6.795927482469315
              ]
            ]
          ],
          [
            [
              [
                108.48193599974667,
                -6.793102000057218
              ],
              [
                108.48195589544827,
                -6.793163582033628
              ],
              [
                108.48196557305283,
                -6.793193535753005
              ],
              [
                108.48196557492051,
                -6.793193541420435
              ],
              [
                108.481936,
                -6.793102
              ],
              [
                108.48193613438113,
                -6.793099950687786
              ],
              [
                108.48193599974667,
                -6.793102000057218
              ]
            ]
          ],
          [
            [
              [
                108.48194859733243,
                -6.795714773322345
              ],
              [
                108.48194866469521,
                -6.795714707050184
              ],
              [
                108.48210911500017,
                -6.795555496999974
              ],
              [
                108.48219597647525,
                -6.795430460083065
              ],
              [
                108.48219599307512,
                -6.795430435754595
              ],
              [
                108.48210911474393,
                -6.795555497188388
              ],
              [
                108.48194859733243,
                -6.795714773322345
              ]
            ]
          ],
          [
            [
              [
                108.48236606777812,
                -6.793973986936236
              ],
              [
                108.48241899863791,
                -6.794067001390943
              ],
              [
                108.48241976935691,
                -6.794069589639776
              ],
              [
                108.48248192060419,
                -6.794278420312821
              ],
              [
                108.48251899875282,
                -6.794402999798535
              ],
              [
                108.48251699955995,
                -6.794683000120301
              ],
              [
                108.48246121101613,
                -6.794948476391028
              ],
              [
                108.48245936290931,
                -6.794957270861289
              ],
              [
                108.48245899958323,
                -6.79495900025762
              ],
              [
                108.4824588541432,
                -6.7949597294298245
              ],
              [
                108.482459,
                -6.794959
              ],
              [
                108.482517,
                -6.794683
              ],
              [
                108.48251899900006,
                -6.794403
              ],
              [
                108.48241899900005,
                -6.794067001
              ],
              [
                108.48236606777812,
                -6.793973986936236
              ]
            ]
          ],
          [
            [
              [
                108.4824310552626,
                -6.792386005335956
              ],
              [
                108.48255887390052,
                -6.79239603429785
              ],
              [
                108.48243105584862,
                -6.792386004810226
              ],
              [
                108.4824310552626,
                -6.792386005335956
              ]
            ]
          ],
          [
            [
              [
                108.48298255577076,
                -6.792429277410127
              ],
              [
                108.48303,
                -6.792433
              ],
              [
                108.48312325426195,
                -6.79243818079233
              ],
              [
                108.48312042127048,
                -6.792438023396016
              ],
              [
                108.48302999983468,
                -6.792432999783045
              ],
              [
                108.48298255577076,
                -6.792429277410127
              ]
            ]
          ],
          [
            [
              [
                108.48365912836867,
                -6.792143269218174
              ],
              [
                108.48369099900005,
                -6.792122
              ],
              [
                108.484067,
                -6.791807
              ],
              [
                108.48416376227048,
                -6.79169998226657
              ],
              [
                108.48406699999214,
                -6.791806999693222
              ],
              [
                108.48381910456806,
                -6.792014677435361
              ],
              [
                108.48369099884059,
                -6.792121999830385
              ],
              [
                108.48365912836867,
                -6.792143269218174
              ]
            ]
          ],
          [
            [
              [
                108.48409021472888,
                -6.790164540401018
              ],
              [
                108.48410723476115,
                -6.790207375569878
              ],
              [
                108.48414019891878,
                -6.790290333945594
              ],
              [
                108.48409021472888,
                -6.790164540401018
              ]
            ]
          ],
          [
            [
              [
                108.48409121400394,
                -6.790135263784561
              ],
              [
                108.48409599900008,
                -6.790022
              ],
              [
                108.48418199059911,
                -6.7898910143198
              ],
              [
                108.48418196392657,
                -6.789891054328621
              ],
              [
                108.48416088381782,
                -6.78992316372296
              ],
              [
                108.48409599863152,
                -6.790022000115187
              ],
              [
                108.48409264595892,
                -6.790101358990455
              ],
              [
                108.48409121400394,
                -6.790135263784561
              ]
            ]
          ],
          [
            [
              [
                108.48446948441732,
                -6.791259486547241
              ],
              [
                108.484512,
                -6.791189
              ],
              [
                108.484552,
                -6.791053
              ],
              [
                108.48453177408412,
                -6.791015868840988
              ],
              [
                108.48455199987495,
                -6.791052999995884
              ],
              [
                108.48453412584928,
                -6.791113771683172
              ],
              [
                108.48451199982901,
                -6.791188999972348
              ],
              [
                108.48446948441732,
                -6.791259486547241
              ]
            ]
          ],
          [
            [
              [
                108.48477658832796,
                -6.789839211714345
              ],
              [
                108.48510038084405,
                -6.789899316265695
              ],
              [
                108.48496289112461,
                -6.789873793640595
              ],
              [
                108.48477658832796,
                -6.789839211714345
              ]
            ]
          ],
          [
            [
              [
                108.4854452047521,
                -6.7899301691471745
              ],
              [
                108.48550928204705,
                -6.789924161567037
              ],
              [
                108.48550916721433,
                -6.789924171862992
              ],
              [
                108.48548157961125,
                -6.789926758313186
              ],
              [
                108.4854452047521,
                -6.7899301691471745
              ]
            ]
          ],
          [
            [
              [
                108.48560693489618,
                -6.789915006103822
              ],
              [
                108.485607,
                -6.789915
              ],
              [
                108.48570074576794,
                -6.789835477727885
              ],
              [
                108.48560699996312,
                -6.789914999677421
              ],
              [
                108.48560693489618,
                -6.789915006103822
              ]
            ]
          ],
          [
            [
              [
                108.48576485244291,
                -6.7897695382539975
              ],
              [
                108.4858590000001,
                -6.789605
              ],
              [
                108.486012,
                -6.789126
              ],
              [
                108.48601201805812,
                -6.7891259443704115
              ],
              [
                108.48601199975406,
                -6.789126000164742
              ],
              [
                108.48600361267665,
                -6.78915225677116
              ],
              [
                108.48585899989297,
                -6.789604999770859
              ],
              [
                108.48582724663021,
                -6.789660489739788
              ],
              [
                108.48576485244291,
                -6.7897695382539975
              ]
            ]
          ]
        ]
      },
      "properties": {
        "object_id": 44,
        "kode_zona": "BW",
        "satuan_wilayah_provinsi": "Jawa Barat",
        "satuan_wilayah_kabupaten": "Kabupaten Cirebon",
        "nama_kecamatan": "Sumber",
        "nama_desa": "Sindangwangi",
        "kelas_nilai": 4,
        "range_nilai": "Rp 1.000.000–Rp 1.750.000",
        "nir_m2": 1350000,
        "rpbulat": 1350000,
        "penggunaan_dominan": "Permukiman Perbukitan & Perkebunan Rakyat Sumber",
        "jenis_zona": "Non Pertanian",
        "jumlah_sampel": 6,
        "nilai_tertinggi": 1593000,
        "nilai_terendah": 1161000,
        "simpangan_baku": 121500,
        "simpangan_baku_relatif": "11.2%",
        "kantor_pertanahan": "Kantor Pertanahan Kab. Cirebon",
        "tahun_penilaian": "2026",
        "warna_simbologi": "#def250",
        "foto_gallery": [
          {
            "url": "/images/foto_kawasan-znt-sumber.jpg",
            "caption": "Delineasi zona nilai tanah Sindangwangi (Sumber): Kelas 4."
          },
          {
            "url": "/images/foto_kantor-desa-sindangjawa.png",
            "caption": "Dokumentasi pusat administrasi desa dan orientasi tata guna lahan Sindangwangi."
          },
          {
            "url": "/images/foto_pasar-sumber-cirebon.jpg",
            "caption": "Aktivitas ekonomi dan fasilitas pendukung di koridor Sindangwangi."
          }
        ]
      }
    },
    {
      "type": "Feature",
      "geometry": {
        "type": "MultiPolygon",
        "coordinates": [
          [
            [
              [
                108.47446140607408,
                -6.774173661385305
              ],
              [
                108.47547300100008,
                -6.774831
              ],
              [
                108.47547300112434,
                -6.774831000067466
              ],
              [
                108.475107031964,
                -6.774265858982176
              ],
              [
                108.47516607965093,
                -6.774173661385305
              ],
              [
                108.47446140607408,
                -6.774173661385305
              ]
            ]
          ],
          [
            [
              [
                108.47580373700384,
                -6.775010558611703
              ],
              [
                108.47665,
                -6.77547
              ],
              [
                108.4775300000001,
                -6.775778
              ],
              [
                108.478337,
                -6.775868
              ],
              [
                108.47945600000011,
                -6.775970000999944
              ],
              [
                108.479512,
                -6.776431
              ],
              [
                108.47976899900009,
                -6.776951
              ],
              [
                108.48021499900004,
                -6.777607000999943
              ],
              [
                108.480369,
                -6.77786
              ],
              [
                108.48050500100005,
                -6.778113
              ],
              [
                108.480717,
                -6.778413
              ],
              [
                108.480819001,
                -6.778597
              ],
              [
                108.48087300000012,
                -6.779007000999961
              ],
              [
                108.48087300000012,
                -6.779009000999949
              ],
              [
                108.480871,
                -6.779194
              ],
              [
                108.480943,
                -6.779626
              ],
              [
                108.48103500000012,
                -6.779873
              ],
              [
                108.481157,
                -6.780103
              ],
              [
                108.481158,
                -6.780104000999955
              ],
              [
                108.481209,
                -6.78041
              ],
              [
                108.481379,
                -6.7809
              ],
              [
                108.481611,
                -6.781103
              ],
              [
                108.48190500100007,
                -6.78129
              ],
              [
                108.48237,
                -6.781394
              ],
              [
                108.48268,
                -6.781449
              ],
              [
                108.483472,
                -6.781500000999909
              ],
              [
                108.483775,
                -6.781234001000016
              ],
              [
                108.484149,
                -6.780974
              ],
              [
                108.484401,
                -6.780879
              ],
              [
                108.484717,
                -6.780829
              ],
              [
                108.4851280000001,
                -6.780866
              ],
              [
                108.485427,
                -6.780912
              ],
              [
                108.48603300000012,
                -6.780935
              ],
              [
                108.48641500000011,
                -6.780872
              ],
              [
                108.4868670000001,
                -6.780798
              ],
              [
                108.487104,
                -6.780801
              ],
              [
                108.487674,
                -6.780956
              ],
              [
                108.488103,
                -6.780929
              ],
              [
                108.4879930000001,
                -6.780867998999931
              ],
              [
                108.48783000000012,
                -6.780213
              ],
              [
                108.487813,
                -6.780032
              ],
              [
                108.487882,
                -6.779883
              ],
              [
                108.48850200100011,
                -6.77953500099995
              ],
              [
                108.488688,
                -6.779428
              ],
              [
                108.48894,
                -6.779079
              ],
              [
                108.489025,
                -6.778928
              ],
              [
                108.489085,
                -6.778866
              ],
              [
                108.489093,
                -6.778795
              ],
              [
                108.489202,
                -6.778188
              ],
              [
                108.489545,
                -6.776701
              ],
              [
                108.489545,
                -6.7767
              ],
              [
                108.489549,
                -6.776685000999951
              ],
              [
                108.489663,
                -6.776293
              ],
              [
                108.48994899900003,
                -6.775858
              ],
              [
                108.49021700100009,
                -6.775423999999887
              ],
              [
                108.4902880000001,
                -6.77536
              ],
              [
                108.49028700000011,
                -6.775316
              ],
              [
                108.49024199900002,
                -6.775145
              ],
              [
                108.490132,
                -6.775012000999904
              ],
              [
                108.49000663669663,
                -6.7749271269289855
              ],
              [
                108.48992294179038,
                -6.7749344302797
              ],
              [
                108.48882466272806,
                -6.77503026743284
              ],
              [
                108.48828928372353,
                -6.77503026743284
              ],
              [
                108.48800702610345,
                -6.775021161797156
              ],
              [
                108.48736724300392,
                -6.775000524154791
              ],
              [
                108.486118026226,
                -6.774792321208622
              ],
              [
                108.48507701239424,
                -6.774643603919117
              ],
              [
                108.48470975355235,
                -6.774591139269603
              ],
              [
                108.4844524026563,
                -6.774554374984348
              ],
              [
                108.48180525271033,
                -6.774227198926042
              ],
              [
                108.47999091364983,
                -6.774197454748673
              ],
              [
                108.47927707497706,
                -6.773989252701824
              ],
              [
                108.47862272375977,
                -6.773989252701824
              ],
              [
                108.47790888508706,
                -6.774048739257864
              ],
              [
                108.47649938214084,
                -6.774116628179797
              ],
              [
                108.47648164930871,
                -6.774139427792306
              ],
              [
                108.476410264722,
                -6.774353579753836
              ],
              [
                108.476410264722,
                -6.774746191383599
              ],
              [
                108.47642216185335,
                -6.774900855889769
              ],
              [
                108.47643405988401,
                -6.775103109820634
              ],
              [
                108.47634566192284,
                -6.775304772896902
              ],
              [
                108.47580373700384,
                -6.775010558611703
              ]
            ]
          ],
          [
            [
              [
                108.48862211561823,
                -6.768011252217491
              ],
              [
                108.48878816526413,
                -6.768371766114355
              ],
              [
                108.48862211612636,
                -6.76801125212504
              ],
              [
                108.48862211561823,
                -6.768011252217491
              ]
            ]
          ],
          [
            [
              [
                108.48894748147964,
                -6.768928246823798
              ],
              [
                108.48895499877426,
                -6.768955999919399
              ],
              [
                108.48899703668394,
                -6.769048948450177
              ],
              [
                108.48915399985725,
                -6.769396001324367
              ],
              [
                108.48930599967218,
                -6.769688001300153
              ],
              [
                108.48956399987873,
                -6.770269000214114
              ],
              [
                108.48960163753593,
                -6.770443180989604
              ],
              [
                108.489564,
                -6.770269
              ],
              [
                108.489306,
                -6.769688000999931
              ],
              [
                108.489154,
                -6.769396000999929
              ],
              [
                108.48895499900003,
                -6.768956
              ],
              [
                108.48894748147964,
                -6.768928246823798
              ]
            ]
          ],
          [
            [
              [
                108.4894748666861,
                -6.773999204252891
              ],
              [
                108.489603,
                -6.773633
              ],
              [
                108.4897759990001,
                -6.773163
              ],
              [
                108.489835,
                -6.772826000999956
              ],
              [
                108.48980504255506,
                -6.772176497460609
              ],
              [
                108.4898349997855,
                -6.772826001218959
              ],
              [
                108.48977599886331,
                -6.77316299967265
              ],
              [
                108.48960299987863,
                -6.773632999763095
              ],
              [
                108.48953546978618,
                -6.773825999670123
              ],
              [
                108.4894748666861,
                -6.773999204252891
              ]
            ]
          ],
          [
            [
              [
                108.48949972219215,
                -6.774487258682413
              ],
              [
                108.48955799960208,
                -6.774614000036024
              ],
              [
                108.48958148926964,
                -6.774639939070754
              ],
              [
                108.489558,
                -6.774614
              ],
              [
                108.48949972219215,
                -6.774487258682413
              ]
            ]
          ],
          [
            [
              [
                108.4896233988706,
                -6.774686219611669
              ],
              [
                108.48972099992426,
                -6.774794000242878
              ],
              [
                108.48978386213177,
                -6.7748214078893785
              ],
              [
                108.489721,
                -6.774793999999897
              ],
              [
                108.4896233988706,
                -6.774686219611669
              ]
            ]
          ],
          [
            [
              [
                108.48997099985598,
                -6.774902999937212
              ],
              [
                108.48997396749564,
                -6.774905009068278
              ],
              [
                108.489971,
                -6.774903
              ],
              [
                108.48997099985598,
                -6.774902999937212
              ]
            ]
          ]
        ]
      },
      "properties": {
        "object_id": 45,
        "kode_zona": "BX",
        "satuan_wilayah_provinsi": "Jawa Barat",
        "satuan_wilayah_kabupaten": "Kabupaten Cirebon",
        "nama_kecamatan": "Sumber",
        "nama_desa": "Babakan",
        "kelas_nilai": 6,
        "range_nilai": "Rp 2.750.000–Rp 4.000.000",
        "nir_m2": 3400000,
        "rpbulat": 3400000,
        "penggunaan_dominan": "Kawasan Koridor Perkantoran Daerah & Permukiman Tertata",
        "jenis_zona": "Non Pertanian",
        "jumlah_sampel": 7,
        "nilai_tertinggi": 4012000,
        "nilai_terendah": 2924000,
        "simpangan_baku": 306000,
        "simpangan_baku_relatif": "12.2%",
        "kantor_pertanahan": "Kantor Pertanahan Kab. Cirebon",
        "tahun_penilaian": "2026",
        "warna_simbologi": "#ff9150",
        "foto_gallery": [
          {
            "url": "/images/foto_kawasan-znt-sumber.jpg",
            "caption": "Delineasi zona nilai tanah Babakan (Sumber): Kelas 6."
          },
          {
            "url": "/images/foto_kantor-desa-sindangjawa.png",
            "caption": "Dokumentasi pusat administrasi desa dan orientasi tata guna lahan Babakan."
          },
          {
            "url": "/images/foto_pasar-sumber-cirebon.jpg",
            "caption": "Aktivitas ekonomi dan fasilitas pendukung di koridor Babakan."
          }
        ]
      }
    },
    {
      "type": "Feature",
      "geometry": {
        "type": "Polygon",
        "coordinates": [
          [
            [
              108.432263,
              -6.774981
            ],
            [
              108.432394,
              -6.775483000999973
            ],
            [
              108.43272600100008,
              -6.77602
            ],
            [
              108.432891,
              -6.776522
            ],
            [
              108.432889,
              -6.776924
            ],
            [
              108.4327519990001,
              -6.777558
            ],
            [
              108.432615,
              -6.778093
            ],
            [
              108.432477,
              -6.778761
            ],
            [
              108.43243999900004,
              -6.779529
            ],
            [
              108.432402999,
              -6.780198
            ],
            [
              108.432364,
              -6.781234
            ],
            [
              108.432424,
              -6.78197
            ],
            [
              108.433134,
              -6.782848000999977
            ],
            [
              108.43329699900008,
              -6.783028000999948
            ],
            [
              108.433302,
              -6.783211998999985
            ],
            [
              108.43331599900004,
              -6.783445
            ],
            [
              108.433382,
              -6.783632
            ],
            [
              108.4335270010001,
              -6.783806
            ],
            [
              108.433768,
              -6.78394
            ],
            [
              108.43402200000011,
              -6.784123
            ],
            [
              108.434264,
              -6.784439
            ],
            [
              108.434274,
              -6.784458998999956
            ],
            [
              108.434533,
              -6.785046
            ],
            [
              108.43464499900006,
              -6.78544899899989
            ],
            [
              108.434826,
              -6.785696000999987
            ],
            [
              108.434911,
              -6.785851
            ],
            [
              108.43509211414106,
              -6.785694764175034
            ],
            [
              108.43527226400008,
              -6.785537135999988
            ],
            [
              108.43548139543287,
              -6.785326038296493
            ],
            [
              108.435727,
              -6.785075
            ],
            [
              108.436383,
              -6.784459
            ],
            [
              108.43687276055049,
              -6.784013124803547
            ],
            [
              108.43721776400011,
              -6.783697010999969
            ],
            [
              108.43756032848036,
              -6.783368257170121
            ],
            [
              108.4379250000001,
              -6.783016
            ],
            [
              108.438368,
              -6.782660000999964
            ],
            [
              108.43894,
              -6.782386000999942
            ],
            [
              108.43924657870551,
              -6.782251872399804
            ],
            [
              108.43967442300007,
              -6.782063840999932
            ],
            [
              108.44036107800014,
              -6.781920793999909
            ],
            [
              108.44170385000004,
              -6.781927467999928
            ],
            [
              108.44235997000014,
              -6.781990407999984
            ],
            [
              108.44313055000013,
              -6.781772983999936
            ],
            [
              108.44346623700011,
              -6.781670945999931
            ],
            [
              108.44363406800005,
              -6.781607521999923
            ],
            [
              108.4440308090001,
              -6.781402961999962
            ],
            [
              108.44403097149741,
              -6.781403014720368
            ],
            [
              108.444031,
              -6.781403
            ],
            [
              108.445614,
              -6.781915000999962
            ],
            [
              108.446117,
              -6.782073
            ],
            [
              108.446375,
              -6.782178
            ],
            [
              108.44661468818644,
              -6.782285825344527
            ],
            [
              108.446723993,
              -6.78233467899987
            ],
            [
              108.44692626107216,
              -6.782403507782366
            ],
            [
              108.447344,
              -6.782545
            ],
            [
              108.44743354547491,
              -6.782610511624434
            ],
            [
              108.44757848000009,
              -6.782714251999924
            ],
            [
              108.44776923400006,
              -6.782922149999894
            ],
            [
              108.44807440600009,
              -6.783266904
            ],
            [
              108.44830176000008,
              -6.783585223999957
            ],
            [
              108.4483030095742,
              -6.783586973569513
            ],
            [
              108.44836312105286,
              -6.783421029685713
            ],
            [
              108.44837399886103,
              -6.783391000094525
            ],
            [
              108.4484238887515,
              -6.783310839923274
            ],
            [
              108.44842388995173,
              -6.783310839034498
            ],
            [
              108.448463,
              -6.783248
            ],
            [
              108.44867261062652,
              -6.7831572727416
            ],
            [
              108.4487407621765,
              -6.783127773927561
            ],
            [
              108.44877931255667,
              -6.783111088186227
            ],
            [
              108.4487979990001,
              -6.783103
            ],
            [
              108.448923,
              -6.783066
            ],
            [
              108.4490610000001,
              -6.783025
            ],
            [
              108.44910882595649,
              -6.782989689247124
            ],
            [
              108.44919220562522,
              -6.782849177499111
            ],
            [
              108.44919220577769,
              -6.782849176889221
            ],
            [
              108.44921188462087,
              -6.782759020412414
            ],
            [
              108.44919422042965,
              -6.782648480047203
            ],
            [
              108.44919288189264,
              -6.782640103667784
            ],
            [
              108.44910793288483,
              -6.782108505702922
            ],
            [
              108.44910203189652,
              -6.7820715769624895
            ],
            [
              108.44907812421424,
              -6.781921965994782
            ],
            [
              108.44905399964244,
              -6.781771000031597
            ],
            [
              108.44902643542024,
              -6.781646357451274
            ],
            [
              108.44900800100007,
              -6.781563
            ],
            [
              108.448693,
              -6.781238
            ],
            [
              108.44858089627469,
              -6.781133369856381
            ],
            [
              108.44843800001377,
              -6.781000000449637
            ],
            [
              108.44827834475414,
              -6.780713676129339
            ],
            [
              108.448075,
              -6.780349
            ],
            [
              108.447953,
              -6.779338
            ],
            [
              108.4480074721133,
              -6.778086131798509
            ],
            [
              108.44800799996926,
              -6.778074000414733
            ],
            [
              108.4480069325497,
              -6.778048760696297
            ],
            [
              108.44799400100624,
              -6.777743001147229
            ],
            [
              108.44748099994825,
              -6.776898000142523
            ],
            [
              108.44742614891244,
              -6.776805453484193
            ],
            [
              108.44725400100008,
              -6.776515
            ],
            [
              108.447156,
              -6.776018
            ],
            [
              108.44712000100009,
              -6.775841
            ],
            [
              108.44700366753054,
              -6.7757177560380555
            ],
            [
              108.44681699990468,
              -6.775520000447614
            ],
            [
              108.44673448263761,
              -6.775439616707329
            ],
            [
              108.446701,
              -6.775407
            ],
            [
              108.4467009999631,
              -6.775406999744747
            ],
            [
              108.44670099995125,
              -6.775406999733207
            ],
            [
              108.4467005098623,
              -6.775403609880856
            ],
            [
              108.446689,
              -6.775324
            ],
            [
              108.44674979823354,
              -6.775236737368305
            ],
            [
              108.44677399972039,
              -6.77520200107142
            ],
            [
              108.4468594865127,
              -6.775149006711651
            ],
            [
              108.446995,
              -6.775065
            ],
            [
              108.44707122091944,
              -6.775033636218028
            ],
            [
              108.44720399886552,
              -6.774978999780956
            ],
            [
              108.44741499870327,
              -6.774939999781111
            ],
            [
              108.44764700040878,
              -6.774981999919305
            ],
            [
              108.44786799980841,
              -6.775097999872742
            ],
            [
              108.44786799996504,
              -6.775097999981654
            ],
            [
              108.447868,
              -6.775098
            ],
            [
              108.448124,
              -6.775276
            ],
            [
              108.44814396763182,
              -6.775284418785308
            ],
            [
              108.44830900036015,
              -6.77535399998709
            ],
            [
              108.44848699957544,
              -6.775350998949421
            ],
            [
              108.44858835327787,
              -6.775297237695995
            ],
            [
              108.448602,
              -6.775289998999902
            ],
            [
              108.448674,
              -6.775168
            ],
            [
              108.448692,
              -6.775004
            ],
            [
              108.44868977058026,
              -6.774989906882324
            ],
            [
              108.44866399964394,
              -6.774826999966024
            ],
            [
              108.44847099883759,
              -6.774459000082743
            ],
            [
              108.44842517076833,
              -6.7743640431442
            ],
            [
              108.4483460000001,
              -6.7742
            ],
            [
              108.448306,
              -6.773894
            ],
            [
              108.44833,
              -6.77371
            ],
            [
              108.44841856459645,
              -6.77356948886139
            ],
            [
              108.44843399982926,
              -6.77354500020158
            ],
            [
              108.44843399990445,
              -6.773545000151599
            ],
            [
              108.448434,
              -6.773545
            ],
            [
              108.44913199900012,
              -6.773081
            ],
            [
              108.449366,
              -6.772927
            ],
            [
              108.449488,
              -6.772695998999946
            ],
            [
              108.449533,
              -6.771961
            ],
            [
              108.449493,
              -6.771585
            ],
            [
              108.449456,
              -6.771203
            ],
            [
              108.4494700000001,
              -6.77106
            ],
            [
              108.449657,
              -6.770781
            ],
            [
              108.449774,
              -6.7706
            ],
            [
              108.449832,
              -6.7703
            ],
            [
              108.449784,
              -6.770086
            ],
            [
              108.44930800000012,
              -6.770052
            ],
            [
              108.447974,
              -6.769872
            ],
            [
              108.446392,
              -6.769741
            ],
            [
              108.445453,
              -6.769662
            ],
            [
              108.44426600000011,
              -6.76968
            ],
            [
              108.442905,
              -6.769911
            ],
            [
              108.442068,
              -6.770115
            ],
            [
              108.44103200100005,
              -6.770408
            ],
            [
              108.440225,
              -6.770672
            ],
            [
              108.43963400000011,
              -6.77085400099995
            ],
            [
              108.439487,
              -6.771378
            ],
            [
              108.439206,
              -6.77173
            ],
            [
              108.439002,
              -6.772058
            ],
            [
              108.4385680000001,
              -6.772638
            ],
            [
              108.43816,
              -6.773117000999964
            ],
            [
              108.437728,
              -6.773393000999974
            ],
            [
              108.4372960000001,
              -6.773593
            ],
            [
              108.436104,
              -6.773789
            ],
            [
              108.435242,
              -6.773861
            ],
            [
              108.43435499900004,
              -6.773856
            ],
            [
              108.433621,
              -6.773726
            ],
            [
              108.433039,
              -6.773444
            ],
            [
              108.43280500000013,
              -6.77374600099996
            ],
            [
              108.432468,
              -6.77428
            ],
            [
              108.432332,
              -6.774647
            ],
            [
              108.432263,
              -6.774981
            ]
          ]
        ]
      },
      "properties": {
        "object_id": 46,
        "kode_zona": "BY",
        "satuan_wilayah_provinsi": "Jawa Barat",
        "satuan_wilayah_kabupaten": "Kabupaten Cirebon",
        "nama_kecamatan": "Dukupuntang",
        "nama_desa": "Cisaat",
        "kelas_nilai": 3,
        "range_nilai": "Rp 500.000–Rp 1.000.000",
        "nir_m2": 750000,
        "rpbulat": 750000,
        "penggunaan_dominan": "Pertanian Lahan Basah & Permukiman Perdesaan Cisaat",
        "jenis_zona": "Pertanian",
        "jumlah_sampel": 8,
        "nilai_tertinggi": 885000,
        "nilai_terendah": 645000,
        "simpangan_baku": 67500,
        "simpangan_baku_relatif": "13.2%",
        "kantor_pertanahan": "Kantor Pertanahan Kab. Cirebon",
        "tahun_penilaian": "2026",
        "warna_simbologi": "#9bd950",
        "foto_gallery": [
          {
            "url": "/images/foto_kawasan-znt-sumber.jpg",
            "caption": "Delineasi zona nilai tanah Cisaat (Dukupuntang): Kelas 3."
          },
          {
            "url": "/images/foto_kantor-desa-sindangjawa.png",
            "caption": "Dokumentasi pusat administrasi desa dan orientasi tata guna lahan Cisaat."
          },
          {
            "url": "/images/foto_pasar-sumber-cirebon.jpg",
            "caption": "Aktivitas ekonomi dan fasilitas pendukung di koridor Cisaat."
          }
        ]
      }
    },
    {
      "type": "Feature",
      "geometry": {
        "type": "Polygon",
        "coordinates": [
          [
            [
              108.481936,
              -6.793102
            ],
            [
              108.48196557492051,
              -6.793193541420435
            ],
            [
              108.48196559913316,
              -6.793193614893369
            ],
            [
              108.48199930032752,
              -6.793297241074754
            ],
            [
              108.48206863535927,
              -6.793434817562741
            ],
            [
              108.48211489198872,
              -6.793526367647701
            ],
            [
              108.48214300119861,
              -6.793581999709488
            ],
            [
              108.48235959661815,
              -6.793962615282396
            ],
            [
              108.48236606777812,
              -6.793973986936236
            ],
            [
              108.48241899900005,
              -6.794067001
            ],
            [
              108.48251899900006,
              -6.794403
            ],
            [
              108.482517,
              -6.794683
            ],
            [
              108.482459,
              -6.794959
            ],
            [
              108.4824588541432,
              -6.7949597294298245
            ],
            [
              108.48245873428323,
              -6.794960330354911
            ],
            [
              108.48245800043645,
              -6.794964001387484
            ],
            [
              108.4824534741486,
              -6.794974366074086
            ],
            [
              108.48235800148359,
              -6.795192999655048
            ],
            [
              108.482857,
              -6.794837
            ],
            [
              108.48361517301109,
              -6.794427460183663
            ],
            [
              108.48394017200006,
              -6.79425179899993
            ],
            [
              108.48473362900016,
              -6.793957604999925
            ],
            [
              108.48481786471056,
              -6.793925301664807
            ],
            [
              108.485631,
              -6.793612000999929
            ],
            [
              108.4864354852178,
              -6.793187740900965
            ],
            [
              108.48657994300007,
              -6.793111217999883
            ],
            [
              108.486885050923,
              -6.792961445671477
            ],
            [
              108.487258,
              -6.792778000999935
            ],
            [
              108.4881191769442,
              -6.792355767887994
            ],
            [
              108.488235504,
              -6.792298682999977
            ],
            [
              108.48823570748452,
              -6.79229863322708
            ],
            [
              108.48823699900004,
              -6.792298
            ],
            [
              108.48882960545116,
              -6.792153364012556
            ],
            [
              108.48912053000014,
              -6.792082202999918
            ],
            [
              108.48912127356526,
              -6.792082177299054
            ],
            [
              108.489122,
              -6.792082
            ],
            [
              108.489454727378,
              -6.792070651674955
            ],
            [
              108.48976903000015,
              -6.792059787999928
            ],
            [
              108.48977019700007,
              -6.792059674999919
            ],
            [
              108.49111180100005,
              -6.791929604999904
            ],
            [
              108.49192815700009,
              -6.791868574999917
            ],
            [
              108.49318697700015,
              -6.79179371499994
            ],
            [
              108.49397696025248,
              -6.791726349733331
            ],
            [
              108.494086,
              -6.791717
            ],
            [
              108.49408675655387,
              -6.791716986930886
            ],
            [
              108.49408726000013,
              -6.791716943999894
            ],
            [
              108.49460606000007,
              -6.791707876999943
            ],
            [
              108.4946069199361,
              -6.791707873584809
            ],
            [
              108.49453099900008,
              -6.791588
            ],
            [
              108.49436300000012,
              -6.791316
            ],
            [
              108.49429599900007,
              -6.79109
            ],
            [
              108.494299,
              -6.790890998999945
            ],
            [
              108.494366,
              -6.790618998999911
            ],
            [
              108.494511,
              -6.790168999999892
            ],
            [
              108.494638,
              -6.789706
            ],
            [
              108.49494500000013,
              -6.788567000999947
            ],
            [
              108.495229,
              -6.78732
            ],
            [
              108.495298,
              -6.787175
            ],
            [
              108.495448,
              -6.78686
            ],
            [
              108.495753,
              -6.786207
            ],
            [
              108.495727,
              -6.786029001
            ],
            [
              108.495673,
              -6.78561
            ],
            [
              108.4957380000001,
              -6.784701001
            ],
            [
              108.495831,
              -6.784425
            ],
            [
              108.496001,
              -6.78425999900001
            ],
            [
              108.496315,
              -6.784042
            ],
            [
              108.496452,
              -6.783893
            ],
            [
              108.496673,
              -6.783531
            ],
            [
              108.496966,
              -6.782998
            ],
            [
              108.496979,
              -6.782896
            ],
            [
              108.496987,
              -6.782777
            ],
            [
              108.496297,
              -6.782674
            ],
            [
              108.496012,
              -6.782601000999968
            ],
            [
              108.495558,
              -6.782463000999918
            ],
            [
              108.49497500100004,
              -6.782244
            ],
            [
              108.49441899900005,
              -6.781919000999938
            ],
            [
              108.494156,
              -6.781698000999949
            ],
            [
              108.4938,
              -6.781329
            ],
            [
              108.493679,
              -6.780989
            ],
            [
              108.49355000100009,
              -6.780774
            ],
            [
              108.493543,
              -6.780691
            ],
            [
              108.493488,
              -6.780508000999898
            ],
            [
              108.493021,
              -6.779684
            ],
            [
              108.492856,
              -6.779406
            ],
            [
              108.4927420000001,
              -6.779134
            ],
            [
              108.492384,
              -6.778509
            ],
            [
              108.492129,
              -6.778135000999931
            ],
            [
              108.49202500000011,
              -6.777981
            ],
            [
              108.49192,
              -6.777707
            ],
            [
              108.491674,
              -6.776875
            ],
            [
              108.4915730000001,
              -6.776397000999925
            ],
            [
              108.491593,
              -6.776056
            ],
            [
              108.49161300000013,
              -6.775877
            ],
            [
              108.49170200000012,
              -6.77555
            ],
            [
              108.491784,
              -6.775179
            ],
            [
              108.49174599900003,
              -6.77485
            ],
            [
              108.491689,
              -6.774643
            ],
            [
              108.48943400027947,
              -6.774116001065247
            ],
            [
              108.48943400017902,
              -6.774116001352354
            ],
            [
              108.48944569406359,
              -6.774268568639457
            ],
            [
              108.48945499305353,
              -6.77438989257945
            ],
            [
              108.48945500114746,
              -6.774389999598782
            ],
            [
              108.48946921673104,
              -6.774420915592714
            ],
            [
              108.48949972219215,
              -6.774487258682413
            ],
            [
              108.489558,
              -6.774614
            ],
            [
              108.48958148926964,
              -6.774639939070754
            ],
            [
              108.48958743531193,
              -6.774646505132068
            ],
            [
              108.4896233988706,
              -6.774686219611669
            ],
            [
              108.489721,
              -6.774793999999897
            ],
            [
              108.48978386213177,
              -6.7748214078893785
            ],
            [
              108.48997091702427,
              -6.774902963001296
            ],
            [
              108.48997099976191,
              -6.774902999873518
            ],
            [
              108.48997099985598,
              -6.774902999937212
            ],
            [
              108.489971,
              -6.774903
            ],
            [
              108.48997396749564,
              -6.774905009068278
            ],
            [
              108.49000663719659,
              -6.774927126885359
            ],
            [
              108.49000663669663,
              -6.7749271269289855
            ],
            [
              108.490132,
              -6.775012000999904
            ],
            [
              108.49024199900002,
              -6.775145
            ],
            [
              108.49028700000011,
              -6.775316
            ],
            [
              108.4902880000001,
              -6.77536
            ],
            [
              108.49021700100009,
              -6.775423999999887
            ],
            [
              108.48994899900003,
              -6.775858
            ],
            [
              108.489663,
              -6.776293
            ],
            [
              108.489549,
              -6.776685000999951
            ],
            [
              108.489545,
              -6.7767
            ],
            [
              108.489545,
              -6.776701
            ],
            [
              108.489202,
              -6.778188
            ],
            [
              108.489093,
              -6.778795
            ],
            [
              108.489085,
              -6.778866
            ],
            [
              108.489025,
              -6.778928
            ],
            [
              108.48894,
              -6.779079
            ],
            [
              108.488688,
              -6.779428
            ],
            [
              108.48850200100011,
              -6.77953500099995
            ],
            [
              108.487882,
              -6.779883
            ],
            [
              108.487813,
              -6.780032
            ],
            [
              108.48783000000012,
              -6.780213
            ],
            [
              108.4879930000001,
              -6.780867998999931
            ],
            [
              108.488103,
              -6.780929
            ],
            [
              108.488243,
              -6.780934
            ],
            [
              108.48842500100005,
              -6.780834
            ],
            [
              108.48876534200006,
              -6.780664893999912
            ],
            [
              108.488904,
              -6.780596
            ],
            [
              108.4891920000001,
              -6.780687000999965
            ],
            [
              108.489432,
              -6.780906
            ],
            [
              108.490004,
              -6.78149000099997
            ],
            [
              108.490423,
              -6.781922
            ],
            [
              108.490487,
              -6.782102
            ],
            [
              108.4904640000001,
              -6.782225000999944
            ],
            [
              108.490332,
              -6.782752000999938
            ],
            [
              108.49033600100007,
              -6.783173
            ],
            [
              108.490302999,
              -6.783862
            ],
            [
              108.49021,
              -6.783945000999971
            ],
            [
              108.489988,
              -6.784059
            ],
            [
              108.489762,
              -6.784098
            ],
            [
              108.48950099900009,
              -6.784053
            ],
            [
              108.48932992000006,
              -6.784032446999923
            ],
            [
              108.48891,
              -6.783982
            ],
            [
              108.48876336500007,
              -6.784011975999917
            ],
            [
              108.48865278900007,
              -6.784034579000011
            ],
            [
              108.488548,
              -6.784056
            ],
            [
              108.488427,
              -6.784163
            ],
            [
              108.488258,
              -6.784373
            ],
            [
              108.488069,
              -6.78472
            ],
            [
              108.488009,
              -6.785052
            ],
            [
              108.488013,
              -6.785858
            ],
            [
              108.487936,
              -6.786074
            ],
            [
              108.487511,
              -6.786761
            ],
            [
              108.487282,
              -6.786792000999988
            ],
            [
              108.486807,
              -6.786893
            ],
            [
              108.486712,
              -6.786994
            ],
            [
              108.486494,
              -6.787382
            ],
            [
              108.48647599900009,
              -6.787453
            ],
            [
              108.486285,
              -6.788285
            ],
            [
              108.48604313661816,
              -6.789030080967484
            ],
            [
              108.48604313698127,
              -6.78903008117328
            ],
            [
              108.48601207439776,
              -6.789125772636226
            ],
            [
              108.48601201805812,
              -6.7891259443704115
            ],
            [
              108.486012,
              -6.789126
            ],
            [
              108.4858590000001,
              -6.789605
            ],
            [
              108.48576485244291,
              -6.7897695382539975
            ],
            [
              108.48575200035458,
              -6.789792000300508
            ],
            [
              108.48570396306752,
              -6.789832748582455
            ],
            [
              108.48570074576794,
              -6.789835477727885
            ],
            [
              108.485607,
              -6.789915
            ],
            [
              108.48560693489618,
              -6.789915006103822
            ],
            [
              108.48560692711806,
              -6.789915006872036
            ],
            [
              108.48560640101465,
              -6.789915453835079
            ],
            [
              108.48550928204705,
              -6.789924161567037
            ],
            [
              108.4854452047521,
              -6.7899301691471745
            ],
            [
              108.48541500010225,
              -6.789933001406837
            ],
            [
              108.48530047054032,
              -6.789921756284002
            ],
            [
              108.48526181228289,
              -6.789917960245646
            ],
            [
              108.48514000001103,
              -6.78990600016175
            ],
            [
              108.48513099959604,
              -6.789905000115596
            ],
            [
              108.48510038084405,
              -6.789899316265695
            ],
            [
              108.48477658832796,
              -6.789839211714345
            ],
            [
              108.48476920143753,
              -6.789837840543839
            ],
            [
              108.48462999987464,
              -6.789812001222856
            ],
            [
              108.4843769998987,
              -6.789813001268953
            ],
            [
              108.48429445652403,
              -6.789846018079231
            ],
            [
              108.48418199989942,
              -6.789891000369323
            ],
            [
              108.48418199059911,
              -6.7898910143198
            ],
            [
              108.48409599900008,
              -6.790022
            ],
            [
              108.48409121400394,
              -6.790135263784561
            ],
            [
              108.48409041384161,
              -6.790154209449156
            ],
            [
              108.48409015303821,
              -6.790160382395698
            ],
            [
              108.48409000015346,
              -6.790164000368293
            ],
            [
              108.48409021472888,
              -6.790164540401018
            ],
            [
              108.48414019891878,
              -6.790290333945594
            ],
            [
              108.48415000022237,
              -6.790315000137127
            ],
            [
              108.48450263159123,
              -6.790962368118755
            ],
            [
              108.48453177408412,
              -6.791015868840988
            ],
            [
              108.484552,
              -6.791053
            ],
            [
              108.484512,
              -6.791189
            ],
            [
              108.48446948441732,
              -6.791259486547241
            ],
            [
              108.48437450428003,
              -6.791416954728618
            ],
            [
              108.48428400010658,
              -6.791567001216094
            ],
            [
              108.4842413353694,
              -6.791614187744528
            ],
            [
              108.48416376227048,
              -6.79169998226657
            ],
            [
              108.484067,
              -6.791807
            ],
            [
              108.48369099900005,
              -6.792122
            ],
            [
              108.48365912836867,
              -6.792143269218174
            ],
            [
              108.48356521336399,
              -6.792205945248156
            ],
            [
              108.48321000004154,
              -6.792443000244191
            ],
            [
              108.48312325426195,
              -6.79243818079233
            ],
            [
              108.48303,
              -6.792433
            ],
            [
              108.48298255577076,
              -6.792429277410127
            ],
            [
              108.48277569404308,
              -6.792413047424134
            ],
            [
              108.48274862175157,
              -6.792410923225475
            ],
            [
              108.48255887390052,
              -6.79239603429785
            ],
            [
              108.4824310552626,
              -6.792386005335956
            ],
            [
              108.48229097744672,
              -6.792511669777696
            ],
            [
              108.48227664045464,
              -6.792524530982291
            ],
            [
              108.48227437686108,
              -6.792526561651471
            ],
            [
              108.48227300179764,
              -6.792528452925694
            ],
            [
              108.48208010441334,
              -6.792793552380488
            ],
            [
              108.48194438772339,
              -6.792980064578273
            ],
            [
              108.48193999993111,
              -6.793043694310995
            ],
            [
              108.48193641523346,
              -6.793095678722523
            ],
            [
              108.48193640534089,
              -6.793095826211356
            ],
            [
              108.48193613438113,
              -6.793099950687786
            ],
            [
              108.481936,
              -6.793102
            ]
          ]
        ]
      },
      "properties": {
        "object_id": 47,
        "kode_zona": "BZ",
        "satuan_wilayah_provinsi": "Jawa Barat",
        "satuan_wilayah_kabupaten": "Kabupaten Cirebon",
        "nama_kecamatan": "Talun",
        "nama_desa": "Kubang",
        "kelas_nilai": 3,
        "range_nilai": "Rp 500.000–Rp 1.000.000",
        "nir_m2": 750000,
        "rpbulat": 750000,
        "penggunaan_dominan": "Kawasan Pertanian Pangan & Perkebunan Campuran",
        "jenis_zona": "Pertanian",
        "jumlah_sampel": 5,
        "nilai_tertinggi": 885000,
        "nilai_terendah": 645000,
        "simpangan_baku": 67500,
        "simpangan_baku_relatif": "8.2%",
        "kantor_pertanahan": "Kantor Pertanahan Kab. Cirebon",
        "tahun_penilaian": "2026",
        "warna_simbologi": "#9bd950",
        "foto_gallery": [
          {
            "url": "/images/foto_kawasan-znt-sumber.jpg",
            "caption": "Delineasi zona nilai tanah Kubang (Talun): Kelas 3."
          },
          {
            "url": "/images/foto_kantor-desa-sindangjawa.png",
            "caption": "Dokumentasi pusat administrasi desa dan orientasi tata guna lahan Kubang."
          },
          {
            "url": "/images/foto_pasar-sumber-cirebon.jpg",
            "caption": "Aktivitas ekonomi dan fasilitas pendukung di koridor Kubang."
          }
        ]
      }
    },
    {
      "type": "Feature",
      "geometry": {
        "type": "Polygon",
        "coordinates": [
          [
            [
              108.49429599900007,
              -6.79109
            ],
            [
              108.49436300000012,
              -6.791316
            ],
            [
              108.49453099900008,
              -6.791588
            ],
            [
              108.4946069199361,
              -6.791707873584809
            ],
            [
              108.4946085780001,
              -6.791707866999943
            ],
            [
              108.49509434500014,
              -6.791705990999965
            ],
            [
              108.49612478648073,
              -6.791616309611072
            ],
            [
              108.49686100000012,
              -6.791552000999925
            ],
            [
              108.498143,
              -6.791432000999944
            ],
            [
              108.49839700000011,
              -6.791396998999979
            ],
            [
              108.49903855304511,
              -6.791250271828055
            ],
            [
              108.49944311400007,
              -6.79115761999989
            ],
            [
              108.50000004599997,
              -6.791015998999896
            ],
            [
              108.50000088635086,
              -6.791016028980536
            ],
            [
              108.500001,
              -6.791016
            ],
            [
              108.500264,
              -6.791025001000019
            ],
            [
              108.50026521248509,
              -6.791025459159929
            ],
            [
              108.50026708600004,
              -6.791025525999974
            ],
            [
              108.50047012098327,
              -6.791102887621793
            ],
            [
              108.500743,
              -6.791205999999896
            ],
            [
              108.50164300100002,
              -6.792758000999967
            ],
            [
              108.502208,
              -6.793525998999918
            ],
            [
              108.50252694760837,
              -6.793719164807179
            ],
            [
              108.50256347814012,
              -6.793741070901362
            ],
            [
              108.5030610000001,
              -6.793815000999938
            ],
            [
              108.50337224696652,
              -6.793873668567098
            ],
            [
              108.50380955355098,
              -6.793838697415612
            ],
            [
              108.504324,
              -6.793797
            ],
            [
              108.505084,
              -6.793835999999899
            ],
            [
              108.50540985330574,
              -6.793871245357554
            ],
            [
              108.50557714400018,
              -6.793888936999927
            ],
            [
              108.50578588170757,
              -6.793929045135762
            ],
            [
              108.505992,
              -6.793968000999897
            ],
            [
              108.50620932895417,
              -6.794048696524381
            ],
            [
              108.50646978700014,
              -6.794144032999984
            ],
            [
              108.506695507432,
              -6.794259142711613
            ],
            [
              108.506761,
              -6.794292
            ],
            [
              108.50695262789026,
              -6.794325816686488
            ],
            [
              108.50716953645,
              -6.794363981722242
            ],
            [
              108.50768626114201,
              -6.79434637608103
            ],
            [
              108.50775605054179,
              -6.794343937330229
            ],
            [
              108.50793164990235,
              -6.794130425280056
            ],
            [
              108.50801854600013,
              -6.794022940999913
            ],
            [
              108.50831610100015,
              -6.793808828999961
            ],
            [
              108.50837557426361,
              -6.793809385243723
            ],
            [
              108.508466,
              -6.793810000999969
            ],
            [
              108.50846669049213,
              -6.793810237439104
            ],
            [
              108.50846867500016,
              -6.793810255999901
            ],
            [
              108.5087887304281,
              -6.793920510744346
            ],
            [
              108.508796,
              -6.793923
            ],
            [
              108.50899568306232,
              -6.793951809000511
            ],
            [
              108.5091713233188,
              -6.793923313345076
            ],
            [
              108.50931299900012,
              -6.7939
            ],
            [
              108.50940867504943,
              -6.793819388182289
            ],
            [
              108.509544431,
              -6.793702003999915
            ],
            [
              108.50958904476725,
              -6.793623575176923
            ],
            [
              108.50960400000012,
              -6.793595
            ],
            [
              108.50959173459677,
              -6.793555478144732
            ],
            [
              108.50957494500003,
              -6.793507477999896
            ],
            [
              108.50957483841604,
              -6.793504397359975
            ],
            [
              108.509571,
              -6.793498
            ],
            [
              108.509465,
              -6.79335
            ],
            [
              108.509239,
              -6.793165000999981
            ],
            [
              108.50890399900003,
              -6.792944
            ],
            [
              108.508615,
              -6.792704
            ],
            [
              108.508547,
              -6.792543
            ],
            [
              108.508516,
              -6.792263
            ],
            [
              108.508495,
              -6.792111
            ],
            [
              108.50839100100004,
              -6.791647000999969
            ],
            [
              108.508291,
              -6.791268
            ],
            [
              108.508305,
              -6.791255
            ],
            [
              108.508413,
              -6.791154
            ],
            [
              108.508991,
              -6.790712000999967
            ],
            [
              108.50919200100006,
              -6.790362000999963
            ],
            [
              108.509382,
              -6.789692
            ],
            [
              108.50944400100012,
              -6.789422
            ],
            [
              108.50955399900008,
              -6.788903998999942
            ],
            [
              108.509454,
              -6.788699
            ],
            [
              108.509176,
              -6.788327
            ],
            [
              108.508929,
              -6.787999
            ],
            [
              108.50882200100008,
              -6.787318000999988
            ],
            [
              108.50881500000013,
              -6.78717
            ],
            [
              108.508929,
              -6.786951
            ],
            [
              108.508954,
              -6.786923
            ],
            [
              108.508987,
              -6.786918
            ],
            [
              108.509171,
              -6.78684700099992
            ],
            [
              108.50952799900006,
              -6.786689
            ],
            [
              108.509727,
              -6.786539000999927
            ],
            [
              108.509804,
              -6.786392
            ],
            [
              108.50982,
              -6.786262
            ],
            [
              108.509829,
              -6.786197
            ],
            [
              108.509771,
              -6.786119999999897
            ],
            [
              108.509645,
              -6.786094
            ],
            [
              108.50903600100011,
              -6.786042
            ],
            [
              108.508704,
              -6.786096
            ],
            [
              108.50821900100001,
              -6.786182
            ],
            [
              108.50811,
              -6.78607399899991
            ],
            [
              108.508076,
              -6.78594
            ],
            [
              108.5080590000001,
              -6.785544
            ],
            [
              108.508129,
              -6.785326
            ],
            [
              108.50826199900011,
              -6.785139
            ],
            [
              108.50837500100005,
              -6.784953
            ],
            [
              108.50839400100001,
              -6.784765000999961
            ],
            [
              108.5083500000001,
              -6.784574
            ],
            [
              108.50822399900008,
              -6.784319998999912
            ],
            [
              108.50821900100001,
              -6.784317
            ],
            [
              108.50807800100007,
              -6.784193
            ],
            [
              108.507937,
              -6.784156
            ],
            [
              108.507815,
              -6.784098
            ],
            [
              108.507798,
              -6.783912
            ],
            [
              108.50785300000011,
              -6.783603
            ],
            [
              108.507954,
              -6.783392
            ],
            [
              108.508201,
              -6.783069000999966
            ],
            [
              108.508503,
              -6.782705
            ],
            [
              108.508692,
              -6.78247
            ],
            [
              108.50884200100005,
              -6.782429998999941
            ],
            [
              108.508898,
              -6.782428
            ],
            [
              108.509273,
              -6.782414
            ],
            [
              108.50959099900003,
              -6.782364000999987
            ],
            [
              108.5097390010001,
              -6.782278
            ],
            [
              108.5097690000001,
              -6.782188
            ],
            [
              108.509729,
              -6.781998
            ],
            [
              108.509504,
              -6.781734
            ],
            [
              108.5092149990001,
              -6.781538
            ],
            [
              108.508798,
              -6.78125
            ],
            [
              108.508541,
              -6.781073000999928
            ],
            [
              108.5082790000001,
              -6.780792
            ],
            [
              108.50818900000012,
              -6.780584
            ],
            [
              108.508204,
              -6.780372
            ],
            [
              108.50827500000013,
              -6.780145
            ],
            [
              108.50837400100005,
              -6.779932
            ],
            [
              108.508443,
              -6.779713000999934
            ],
            [
              108.508429,
              -6.779507
            ],
            [
              108.508329,
              -6.77924600099993
            ],
            [
              108.508327,
              -6.779241
            ],
            [
              108.508197,
              -6.779227000999956
            ],
            [
              108.507817,
              -6.779237
            ],
            [
              108.507623,
              -6.779282
            ],
            [
              108.507184,
              -6.778827
            ],
            [
              108.50698,
              -6.778562000999912
            ],
            [
              108.50685699900004,
              -6.778462999999892
            ],
            [
              108.50662,
              -6.778392
            ],
            [
              108.505965,
              -6.778446
            ],
            [
              108.506008,
              -6.778763
            ],
            [
              108.505404,
              -6.779312
            ],
            [
              108.50464,
              -6.779757998999926
            ],
            [
              108.50429500100006,
              -6.780032
            ],
            [
              108.504124,
              -6.780035
            ],
            [
              108.50332200100011,
              -6.779591
            ],
            [
              108.503091,
              -6.779509
            ],
            [
              108.502348,
              -6.779752000999963
            ],
            [
              108.501983,
              -6.779788
            ],
            [
              108.501012,
              -6.780217
            ],
            [
              108.500675,
              -6.780507000999904
            ],
            [
              108.50046,
              -6.781001
            ],
            [
              108.500001,
              -6.781526
            ],
            [
              108.5,
              -6.7815267299999
            ],
            [
              108.499466,
              -6.781916
            ],
            [
              108.498804,
              -6.78222
            ],
            [
              108.497805,
              -6.782625
            ],
            [
              108.497408,
              -6.782725
            ],
            [
              108.496987,
              -6.782777
            ],
            [
              108.496979,
              -6.782896
            ],
            [
              108.496966,
              -6.782998
            ],
            [
              108.496673,
              -6.783531
            ],
            [
              108.496452,
              -6.783893
            ],
            [
              108.496315,
              -6.784042
            ],
            [
              108.496001,
              -6.78425999900001
            ],
            [
              108.495831,
              -6.784425
            ],
            [
              108.4957380000001,
              -6.784701001
            ],
            [
              108.495673,
              -6.78561
            ],
            [
              108.495727,
              -6.786029001
            ],
            [
              108.495753,
              -6.786207
            ],
            [
              108.495448,
              -6.78686
            ],
            [
              108.495298,
              -6.787175
            ],
            [
              108.495229,
              -6.78732
            ],
            [
              108.49494500000013,
              -6.788567000999947
            ],
            [
              108.494638,
              -6.789706
            ],
            [
              108.494511,
              -6.790168999999892
            ],
            [
              108.494366,
              -6.790618998999911
            ],
            [
              108.494299,
              -6.790890998999945
            ],
            [
              108.49429599900007,
              -6.79109
            ]
          ]
        ]
      },
      "properties": {
        "object_id": 48,
        "kode_zona": "BB1",
        "satuan_wilayah_provinsi": "Jawa Barat",
        "satuan_wilayah_kabupaten": "Kabupaten Cirebon",
        "nama_kecamatan": "Talun",
        "nama_desa": "Sarwadadi",
        "kelas_nilai": 3,
        "range_nilai": "Rp 500.000–Rp 1.000.000",
        "nir_m2": 750000,
        "rpbulat": 750000,
        "penggunaan_dominan": "Lahan Pertanian Beririgasi & Permukiman Agraris",
        "jenis_zona": "Pertanian",
        "jumlah_sampel": 6,
        "nilai_tertinggi": 885000,
        "nilai_terendah": 645000,
        "simpangan_baku": 67500,
        "simpangan_baku_relatif": "9.2%",
        "kantor_pertanahan": "Kantor Pertanahan Kab. Cirebon",
        "tahun_penilaian": "2026",
        "warna_simbologi": "#9bd950",
        "foto_gallery": [
          {
            "url": "/images/foto_kawasan-znt-sumber.jpg",
            "caption": "Delineasi zona nilai tanah Sarwadadi (Talun): Kelas 3."
          },
          {
            "url": "/images/foto_kantor-desa-sindangjawa.png",
            "caption": "Dokumentasi pusat administrasi desa dan orientasi tata guna lahan Sarwadadi."
          },
          {
            "url": "/images/foto_pasar-sumber-cirebon.jpg",
            "caption": "Aktivitas ekonomi dan fasilitas pendukung di koridor Sarwadadi."
          }
        ]
      }
    }
  ]
}